samples,crt_mip1,crt_mip10,crt_mip11,crt_mip12,crt_mip13,crt_mip14,crt_mip15,crt_mip16,crt_mip17,crt_mip18,crt_mip19,crt_mip2,crt_mip20,crt_mip21,crt_mip22,crt_mip23,crt_mip3,crt_mip4,crt_mip5,crt_mip6,crt_mip7,crt_mip8,crt_mip9,dhfr-ts_mip1,dhfr-ts_mip10,dhfr-ts_mip11,dhfr-ts_mip12,dhfr-ts_mip13,dhfr-ts_mip2,dhfr-ts_mip3,dhfr-ts_mip4,dhfr-ts_mip5,dhfr-ts_mip6,dhfr-ts_mip7,dhfr-ts_mip8,dhfr-ts_mip9,dhps_mip0,dhps_mip1,dhps_mip10,dhps_mip11,dhps_mip12,dhps_mip13,dhps_mip14,dhps_mip15,dhps_mip16,dhps_mip17,dhps_mip2,dhps_mip3,dhps_mip4,dhps_mip5,dhps_mip6,dhps_mip7,dhps_mip8,dhps_mip9,k13_mip1,k13_mip10,k13_mip11,k13_mip12,k13_mip13,k13_mip14,k13_mip15,k13_mip2,k13_mip3,k13_mip4,k13_mip5,k13_mip6,k13_mip7,k13_mip8,k13_mip9,mdr1_mip0,mdr1_mip1,mdr1_mip10,mdr1_mip11,mdr1_mip13,mdr1_mip14,mdr1_mip15,mdr1_mip16,mdr1_mip17,mdr1_mip18,mdr1_mip19,mdr1_mip2,mdr1_mip20,mdr1_mip21,mdr1_mip22,mdr1_mip23,mdr1_mip24,mdr1_mip25,mdr1_mip26,mdr1_mip27,mdr1_mip28,mdr1_mip29,mdr1_mip3,mdr1_mip30,mdr1_mip31,mdr1_mip4,mdr1_mip5,mdr1_mip6,mdr1_mip7,mdr1_mip8,mdr1_mip9
ET-LT-665-EPHI-622I-1,469,73,38,190,176,43,1345,369,473,1419,552,1010,848,168,118,66,37,1224,726,419,1927,0,0,1235,1763,1688,1915,1383,894,937,1185,469,1414,405,1084,1410,1993,107,1307,1115,1233,1993,1233,1223,72,2,1843,1503,847,782,866,1887,1207,1712,1992,714,1031,25,643,1872,1650,1993,1994,1993,1998,1995,1622,859,1394,1986,1372,986,768,1782,1608,1353,1313,1817,792,1494,1338,1110,1997,1503,1989,1993,994,1997,1702,1572,1999,774,1303,1983,1995,1478,1187,1994,585,1117
ORME040601-EPHI-622I-1,447,39,1,230,638,538,1275,474,713,1204,599,664,390,1,227,81,18,903,584,107,1381,6,1,1179,1647,1398,1595,1255,789,803,1104,632,1156,446,1065,1278,1982,185,1139,1059,1073,1994,1026,1298,28,6,1559,1414,770,862,820,1520,1015,1400,1678,625,938,25,585,1634,1415,1839,1232,1810,1989,1622,1578,801,1376,1891,1301,979,711,1274,1433,973,1064,1437,954,1137,1036,1215,1994,1287,1888,2000,899,1670,1250,1508,2000,880,1688,105,1848,1453,1198,1612,720,1059
AMAN030987-EPHI-622I-1,400,30,12,193,492,519,1127,342,479,1073,502,792,338,1,138,57,18,843,487,71,1552,1,0,1077,1381,1314,1627,1063,766,766,816,458,1040,354,880,1109,1711,841,1048,1044,1011,1844,865,967,122,51,1397,1226,556,722,691,1411,824,1470,1632,581,944,15,504,1545,1401,1990,1997,1763,2000,1804,1551,673,1259,1634,1371,777,579,1342,1187,957,1751,1365,751,1028,991,1027,1997,1089,1854,1994,857,1473,1076,1346,1971,804,1366,1750,1763,1373,991,1556,553,984
ET-LT-705-EPHI-622I-1,435,73,30,208,155,41,1215,380,421,1266,529,834,828,154,95,56,37,962,597,155,1583,0,0,1125,1599,1455,1680,1201,755,796,1025,480,1151,389,940,1185,1993,81,1149,938,1054,1750,1018,1038,65,3,1454,1212,727,801,777,1361,981,1351,1660,560,945,5,586,1613,1376,1964,1662,1787,1995,1761,1500,864,1157,1746,1230,903,759,1426,1334,1052,1146,1444,693,1298,1066,975,1991,1277,1842,1996,820,1530,1487,1405,1999,755,1229,91,1694,1308,1221,1712,605,973
ET-LT-734-EPHI-622I-1,361,55,30,193,129,32,968,304,334,1104,450,797,613,155,110,45,35,930,497,334,1520,0,0,980,1377,1364,1513,1037,683,787,844,379,1160,316,852,1045,1715,110,1081,869,1044,1765,888,979,77,0,1369,1185,594,610,717,1403,817,1402,1509,562,697,18,505,1486,1261,1623,1651,1651,1996,1647,1251,695,1067,1697,1127,747,615,1306,1255,1045,1127,1364,565,1130,995,819,1992,1182,1754,1991,730,1501,1283,1321,1998,616,1015,1987,1644,1098,980,1594,448,843
ET-SL-1485-EPHI-622I-1,503,171,96,327,294,99,1303,651,689,1152,497,820,888,385,327,113,69,926,611,582,1507,2,0,1044,1473,1340,1504,1176,755,779,1135,607,1126,464,1000,1134,1871,272,924,1044,1002,1669,997,1118,160,6,1359,1160,681,816,754,1382,1041,1365,1678,556,912,2,706,1470,1304,1771,1994,1622,1997,1843,1468,822,1189,1740,1178,789,755,1293,1242,1005,1458,1348,718,1213,851,922,1996,1299,1703,1989,947,1510,1420,1369,1865,678,1237,552,1540,1315,1093,1633,576,965
ET-LT-731-EPHI-622I-1,507,133,69,267,227,80,1198,607,600,1153,528,755,940,329,231,109,46,969,550,277,1427,1,0,1012,1432,1299,1423,1179,732,703,1028,586,1164,414,941,1116,1865,184,1133,970,963,1590,1052,1032,140,1,1253,1177,699,810,753,1285,990,1346,1677,568,889,0,675,1390,1341,1808,1995,1626,1994,1815,1474,799,1191,1723,1173,872,732,1225,1294,1018,1418,1321,695,1234,814,904,1998,1211,1695,1961,943,1551,1418,1286,1717,739,1209,179,1479,1206,1077,1623,556,989
GAAB092531-EPHI-622I-1,474,37,14,300,211,25,1125,769,453,996,609,622,576,29,195,99,17,716,455,651,1180,333,24,868,1315,1136,1260,935,546,633,872,527,878,434,808,1014,1624,0,911,882,798,1417,862,997,1211,1268,1379,1001,663,757,677,1138,934,1139,1453,526,812,1,582,1383,1124,1559,1309,1366,1778,1419,1279,715,1042,1429,1129,764,651,1014,1099,696,976,1076,722,1016,727,813,1996,1088,1471,1732,770,1253,1177,1195,1462,771,1344,44,1270,1095,1027,1237,624,816
ET-SL-1211-EPHI-622I-1,357,94,51,227,212,57,1066,451,550,1063,432,619,731,206,170,87,37,834,510,500,1317,1,0,896,1253,1225,1355,965,602,708,861,445,1114,371,917,872,1691,163,867,838,957,1646,925,856,123,2,1329,1044,621,596,641,1361,875,1256,1449,495,812,17,573,1242,1253,1521,1807,1379,1908,1595,1245,684,882,1580,922,628,582,1125,1086,983,1191,1203,600,1125,799,799,1996,1091,1408,1567,838,1317,1228,1219,1813,545,1058,137,1223,983,929,1450,464,804
GAAB092564-EPHI-622I-1,474,181,86,340,447,103,1197,571,165,937,465,775,515,3,327,117,35,728,415,309,1084,17,7,771,1126,852,1019,893,536,533,854,427,793,315,704,805,1534,178,817,782,748,1341,820,915,139,4,1198,957,575,699,526,1022,865,1077,1299,445,886,19,596,1186,970,1375,1504,1180,1804,1444,1221,644,916,1335,958,707,580,913,960,772,1037,1002,595,960,798,698,1998,1013,1356,1595,701,1260,1088,1071,1287,598,1087,1758,1385,1068,946,1211,543,765
ORME040602-EPHI-622I-1,434,198,63,311,267,63,1193,558,593,957,495,715,661,327,235,101,71,716,497,445,1103,0,0,898,1360,970,1020,1038,569,613,962,570,863,335,825,975,1610,1332,809,767,818,1395,802,1035,291,104,1042,949,582,675,561,1075,1004,940,1427,491,895,3,556,1354,1039,1611,1173,1287,1607,1395,1288,653,969,1416,1162,802,663,985,1110,699,677,909,702,988,834,882,1994,1074,1353,1677,739,1298,1058,1222,1163,744,1282,206,1523,1171,1144,1239,605,767
ET-LT-896-EPHI-622I-1,319,52,28,175,135,34,826,344,352,875,410,508,570,136,109,67,30,663,451,355,1101,1,0,812,1066,1099,1259,898,554,587,828,461,868,336,729,919,1439,102,843,692,752,1397,774,785,56,1,1177,883,582,579,596,1116,755,1057,1187,468,645,9,495,1090,1104,1416,1206,1247,1677,1287,1020,660,883,1248,868,628,488,1004,936,753,871,1109,546,915,801,738,1994,970,1252,1531,644,1142,1067,1042,1534,517,853,1403,1142,919,753,1195,386,681
ETMT553-EPHI-622I-1,93,17,9,29,39,10,418,82,98,452,138,468,187,21,18,15,8,569,247,112,1395,0,0,797,804,1106,1598,531,571,441,334,117,664,150,486,618,930,18,741,719,719,1860,548,446,15,1,1153,897,234,305,338,1285,308,1340,1083,323,416,4,152,970,1071,1189,1955,1837,1572,1248,833,301,733,921,792,338,232,1291,836,613,1707,1319,316,548,918,537,1994,668,1240,1611,355,1171,519,849,1998,323,675,28,1452,788,483,1179,205,641
GAAB092563-EPHI-622I-1,347,74,21,194,263,71,889,299,67,867,424,609,313,1,135,114,21,602,374,180,1061,1,1,684,1058,991,1002,800,515,459,793,365,756,299,629,774,1443,52,799,614,703,1374,720,807,24,0,1130,794,476,495,531,1091,689,852,1211,396,727,13,447,1128,823,1224,1024,1176,1484,1161,944,584,741,1236,840,593,523,971,861,831,591,971,491,870,771,715,1992,911,1190,1444,595,1103,1028,961,1402,521,853,1599,1298,842,766,1089,432,601
AMWO031508-EPHI-622I-1,122,21,9,53,37,16,447,80,116,457,93,489,204,28,24,13,6,635,244,118,1171,0,0,730,790,1043,1275,605,524,498,379,130,531,139,465,541,856,23,662,622,682,1430,523,530,21,0,970,889,254,271,325,992,359,1072,1136,345,522,4,150,1048,854,1375,1651,1493,1634,1307,1055,299,792,947,965,401,258,1096,968,547,1168,1085,339,556,812,604,1996,628,1190,1577,381,1022,507,1009,1486,499,844,76,1476,948,511,1118,218,704
AMAN030947-EPHI-622I-1,450,139,64,217,231,71,1017,447,469,758,407,572,644,304,203,112,53,609,442,420,773,2,0,740,1089,707,800,994,463,481,941,492,763,379,755,788,1226,823,604,729,613,993,788,816,267,62,765,782,605,675,553,708,855,809,1171,391,790,19,571,912,887,1087,1375,893,1251,1147,968,683,772,1204,765,620,609,663,751,597,964,684,663,916,459,620,1879,838,1066,1140,758,950,1131,883,858,604,984,1307,898,882,828,892,531,619
GAAB092537-EPHI-622I-1,62,4,4,12,5,1,288,24,237,328,80,429,11,1,7,0,0,429,162,16,1012,1,0,615,570,776,1115,307,356,344,211,53,434,60,273,512,555,19,668,282,545,1497,347,363,24,72,928,721,154,115,190,1019,186,673,695,257,223,2,53,742,607,1155,422,1222,877,671,775,189,638,724,750,329,153,1049,788,485,339,977,212,318,954,440,1571,480,1049,1665,166,715,215,771,1506,269,599,269,1525,660,353,942,139,364
GAAB092523-EPHI-622I-1,322,65,27,215,328,68,833,317,248,704,317,544,420,0,51,67,24,494,381,662,933,78,18,590,896,782,872,719,471,447,655,351,612,280,566,680,1242,0,637,626,614,1119,565,692,670,902,1061,740,434,531,476,827,691,860,1051,359,649,15,471,896,812,1128,1255,1021,1421,1102,950,511,696,1071,804,564,446,788,768,611,860,876,457,738,672,534,1976,853,1045,1246,564,955,943,803,1087,527,897,39,1123,778,696,976,438,603
AMAN031013-EPHI-622I-1,197,48,14,92,97,24,594,206,210,624,151,462,355,100,72,22,10,616,342,205,966,0,0,758,916,911,929,751,482,565,528,175,670,199,602,672,1069,64,638,686,630,1238,699,688,45,3,962,898,385,381,431,886,503,876,1107,323,445,9,238,1048,979,1112,1316,1049,1384,1163,951,422,739,1090,812,490,338,861,776,615,875,783,435,686,537,584,1950,812,1045,1147,510,963,766,989,1022,494,843,867,1042,808,638,1033,317,585
GAAB092549-EPHI-622I-1,260,0,0,94,34,4,719,206,171,686,311,406,127,0,66,31,3,503,335,326,829,0,0,594,784,724,863,603,330,411,549,295,615,174,474,706,1020,458,669,414,547,1074,537,620,7,6,780,652,385,377,463,831,552,652,816,331,543,14,322,935,720,1080,494,901,991,839,859,399,649,930,715,479,399,759,705,473,378,765,390,628,574,572,1566,704,1036,1257,406,838,647,758,1127,350,667,1028,986,707,629,879,343,444
ET-LT-758-EPHI-622I-1,358,126,71,194,172,56,832,417,410,752,333,546,650,259,171,98,32,590,432,311,830,0,0,657,874,763,824,813,426,532,749,390,762,305,637,748,1248,198,612,635,513,980,762,651,126,5,857,735,566,602,507,834,699,828,1067,381,621,21,448,805,900,1133,1220,933,1345,1095,863,678,763,1145,683,579,488,671,740,635,860,758,531,856,510,590,1617,870,1007,1152,623,995,1034,858,965,508,806,1027,864,756,731,980,411,549
ET-SL-1482-EPHI-622I-1,324,109,60,225,192,40,751,446,466,762,353,497,529,266,185,85,33,530,424,407,813,1,0,602,934,856,770,793,389,460,682,341,751,274,692,657,1153,198,612,643,589,940,671,713,89,2,875,765,459,535,550,811,698,833,941,360,574,4,419,797,895,965,1191,889,1200,1019,760,583,670,1143,621,456,487,678,764,708,851,798,438,842,458,539,1522,801,987,1072,647,1061,1066,812,1038,357,688,401,760,624,744,941,386,582
ORAS040015-EPHI-622I-1,206,32,5,67,39,11,591,143,185,659,207,466,286,20,29,18,10,596,325,5,1007,0,0,714,993,1003,996,656,474,526,534,231,669,196,575,690,1152,22,652,563,664,1186,626,637,9,0,975,824,381,410,429,985,530,761,966,334,453,0,229,1020,875,1106,869,959,1189,1042,906,452,761,1090,747,511,383,886,827,604,548,833,409,752,620,585,1714,770,977,1164,407,881,750,873,1087,423,826,1103,1000,823,620,963,316,530
ET-SL-1503-EPHI-622I-1,204,27,7,145,91,22,561,229,238,618,291,403,368,60,70,42,18,485,295,253,753,0,0,524,797,800,808,517,361,443,547,254,589,185,512,600,1019,440,589,522,546,920,545,592,44,27,824,620,327,405,432,757,525,695,873,289,502,8,317,820,730,932,649,809,1002,903,681,398,564,916,605,440,344,640,718,623,488,719,313,696,468,540,1439,723,953,1050,449,825,710,656,955,342,556,1003,807,605,601,827,259,448
ET-SL-1150-EPHI-622I-1,172,131,63,172,171,36,477,367,365,421,214,276,362,225,170,73,38,257,229,279,408,1,0,331,471,426,396,461,207,246,422,252,381,173,341,371,599,182,303,295,292,436,348,357,129,8,413,409,295,322,289,404,397,394,522,165,371,5,301,430,437,516,570,423,591,543,426,363,390,1138,685,548,533,629,696,594,806,689,533,863,466,590,1638,832,944,1023,701,864,1149,773,953,503,739,670,740,779,784,916,413,542
GAAB092511-EPHI-622I-1,37,22,6,25,122,88,210,32,8,297,78,256,14,1,10,5,4,421,118,43,911,0,0,495,534,754,1039,262,322,268,155,71,336,58,221,412,444,251,505,257,496,1214,279,269,1,0,792,617,118,106,193,952,148,619,685,215,255,2,56,810,516,1016,469,1148,940,655,703,133,508,598,689,242,113,956,663,369,385,913,186,273,722,365,1430,384,940,1433,154,648,221,644,1421,237,541,283,1132,564,228,803,111,375
ET-SL-1483-EPHI-622I-1,289,82,71,188,206,45,787,396,436,794,342,518,559,308,218,70,33,533,410,415,872,0,1,577,838,732,890,714,364,418,668,270,834,274,638,661,1166,172,587,563,575,1048,692,660,110,2,838,775,498,545,534,822,665,817,1030,334,510,3,419,782,905,933,1209,862,1188,1074,804,583,659,1091,565,507,441,686,701,663,897,840,455,900,440,527,1600,747,935,1057,600,988,1035,759,1014,320,619,388,782,611,690,956,331,549
ET-LT-980-EPHI-622I-1,176,40,23,138,152,26,593,286,312,729,302,414,434,97,83,45,13,556,359,363,913,0,0,549,733,822,876,561,351,430,560,261,652,217,564,639,1115,538,590,561,575,1068,513,548,71,42,881,661,391,371,461,1006,485,845,892,264,480,3,335,765,784,888,1004,861,1089,954,680,407,574,1055,532,377,284,699,705,739,678,867,337,683,465,512,1458,673,923,1076,504,905,796,725,1160,242,514,230,690,616,497,942,276,473
AMJI031222-EPHI-622I-1,47,9,5,16,22,11,233,45,67,276,52,252,65,12,12,5,5,456,167,77,983,0,0,543,537,872,1212,274,393,334,182,64,403,45,273,351,551,15,470,383,555,1459,274,360,5,0,848,679,134,134,200,1064,176,819,736,201,153,3,73,814,622,970,779,1270,1060,748,656,157,489,651,669,267,104,1106,660,491,541,1050,164,286,859,357,1634,353,902,1416,149,685,278,669,1623,235,485,34,1454,564,242,855,91,434
ET-LT-911-EPHI-622I-1,328,70,35,173,183,62,704,451,407,738,364,434,563,153,129,94,29,486,372,196,656,0,0,523,806,646,672,637,357,382,639,353,614,245,550,596,982,51,534,477,480,751,619,630,47,1,654,631,456,507,479,651,643,601,914,339,580,1,444,737,716,939,750,779,1055,892,773,449,641,1016,593,503,498,563,648,558,463,589,426,755,407,471,1366,676,896,935,567,788,915,691,800,403,654,70,702,659,630,784,352,518
ET-LT-928-EPHI-622I-1,164,44,11,106,88,17,547,165,198,589,192,407,297,95,57,25,16,497,281,10,816,0,0,505,711,726,877,577,378,356,422,151,572,146,458,524,914,53,535,495,541,930,494,531,40,1,772,611,269,303,368,752,399,667,866,279,477,6,247,762,666,864,951,814,1134,1000,677,332,529,832,557,389,321,768,676,577,637,728,279,582,580,439,1467,623,887,1093,387,805,639,680,1114,300,540,903,868,576,545,896,218,440
ET-LT-708-EPHI-622I-1,303,72,14,190,158,47,731,391,394,638,351,449,456,135,110,65,28,518,347,138,732,0,0,558,815,743,667,661,344,411,635,307,644,228,549,621,937,77,563,488,541,757,556,636,33,1,694,627,443,470,476,676,617,596,841,319,530,2,368,820,692,869,671,758,966,883,707,455,640,1004,565,468,423,537,630,548,433,647,407,706,414,548,1398,685,872,986,479,806,851,669,846,366,644,48,683,657,632,777,357,452
GAAB092403-EPHI-622I-1,269,15,6,122,106,14,645,365,213,668,341,424,346,13,91,56,12,487,321,303,672,159,19,499,698,556,593,523,273,367,548,235,546,161,455,469,991,215,490,490,497,791,502,578,116,80,627,619,383,432,409,627,587,542,787,272,553,12,352,727,629,832,669,606,986,787,733,434,509,867,588,422,397,566,584,551,441,532,361,656,421,486,1250,635,804,852,459,687,725,696,717,370,610,1485,656,572,592,782,283,457
ET-SL-1502-EPHI-622I-1,282,101,38,194,167,37,573,346,299,601,286,375,455,200,150,72,32,424,302,310,547,0,0,417,666,571,561,590,325,364,521,288,562,243,444,484,911,659,409,518,441,672,466,577,188,51,570,577,394,466,436,603,577,554,808,273,515,14,405,674,625,766,764,642,873,796,619,478,556,822,496,424,377,508,520,421,483,511,369,652,304,450,1196,627,785,823,433,698,780,594,660,328,613,908,585,537,537,665,334,408
ET-LT-562-EPHI-622I-1,206,68,43,129,138,45,509,279,278,512,217,376,319,133,106,44,33,452,263,149,627,0,0,474,634,594,643,546,323,373,481,265,532,192,427,511,867,86,459,464,499,779,470,449,77,2,676,597,350,389,346,601,469,596,829,261,415,0,289,689,680,777,787,696,985,791,639,374,515,798,522,403,340,546,584,458,567,629,337,553,398,453,1251,560,781,908,405,720,710,613,870,329,524,106,667,575,492,727,268,423
AMJI031224-EPHI-622I-1,32,4,2,5,6,2,170,26,41,210,29,226,36,6,4,1,2,420,117,42,962,0,0,454,425,794,1042,210,321,277,104,27,287,26,176,234,359,7,442,267,485,1435,206,233,6,1,763,594,89,63,165,1029,124,641,598,178,90,0,31,764,521,877,553,1144,887,598,597,95,443,489,623,183,86,1003,659,438,420,976,123,226,878,259,1411,265,767,1382,95,583,147,578,1603,167,445,19,1300,460,169,820,63,309
ORAS040022-EPHI-622I-1,126,24,8,52,37,10,375,131,131,419,97,304,188,14,24,16,11,435,238,156,659,0,0,523,589,642,645,460,311,401,334,119,484,132,427,437,732,29,416,415,448,787,415,401,11,0,662,588,246,227,294,591,319,555,690,210,272,0,126,691,595,800,674,690,890,740,640,270,480,705,497,335,193,550,506,406,433,602,257,458,361,385,1281,463,738,890,310,614,504,556,787,304,533,95,674,544,398,722,208,339
SNSE072145-EPHI-622I-1,335,178,64,267,294,81,667,475,492,583,324,327,554,337,239,87,72,414,328,381,516,2,1,554,766,591,566,686,327,369,649,405,555,284,573,567,988,295,402,512,420,609,583,589,142,3,546,556,454,540,440,532,648,552,864,323,586,18,472,659,628,811,907,621,966,821,699,484,582,801,536,442,459,446,588,425,612,467,484,637,290,495,1313,624,729,777,532,623,739,649,529,441,714,448,595,663,687,569,411,416
ET-SL-1498-EPHI-622I-1,173,44,6,89,66,14,521,209,229,478,240,279,238,33,44,15,16,399,259,95,522,1,0,561,678,604,561,527,307,344,505,271,486,206,449,500,800,48,466,317,397,693,425,519,3,0,596,532,329,321,374,547,423,410,662,265,464,12,229,709,568,834,304,625,661,642,701,359,522,807,495,391,327,498,533,433,199,520,381,526,317,495,967,556,725,813,327,618,523,615,675,332,660,96,582,614,505,644,317,361
SNSE072135-EPHI-622I-1,297,96,56,174,149,47,751,363,319,594,295,352,508,227,123,81,52,411,290,186,546,0,1,463,642,473,516,600,268,305,577,355,458,200,516,494,861,207,431,495,384,650,493,604,139,4,570,531,402,512,399,484,579,546,837,273,523,3,398,643,605,788,852,571,917,755,672,461,548,790,582,430,437,407,492,394,534,450,459,539,342,461,1248,610,713,776,483,630,685,604,509,445,730,215,598,629,580,593,364,379
ORAS040011-EPHI-622I-1,212,20,8,67,46,30,560,189,182,533,203,344,336,25,34,30,13,446,287,3,623,0,0,540,736,596,634,634,344,445,556,258,532,235,500,557,899,20,430,478,418,737,559,587,17,0,640,622,383,425,377,550,540,515,740,322,4,10,256,773,632,855,600,647,829,695,634,375,498,794,599,461,376,490,558,410,377,485,398,548,328,414,1284,545,704,801,407,606,659,653,550,434,730,61,666,624,539,632,317,392
ET-SL-1322-EPHI-622I-1,265,110,74,230,185,43,627,428,428,643,223,370,516,315,219,81,31,391,327,352,579,0,0,464,672,571,605,608,312,326,579,311,553,262,518,502,876,199,456,460,394,653,529,503,158,4,569,555,444,487,385,544,569,615,803,279,481,3,398,600,648,734,862,652,857,820,627,461,565,784,449,375,402,444,512,451,639,524,386,677,299,417,1173,592,690,770,520,689,827,541,674,288,577,602,621,509,561,655,285,385
ETMT518-EPHI-622I-1,85,11,9,34,19,10,338,68,83,336,70,322,155,12,25,9,6,417,192,81,715,0,0,534,605,699,783,493,390,378,298,117,433,119,352,416,632,17,456,483,458,894,398,329,10,0,658,614,207,232,250,658,244,652,854,221,363,2,104,681,678,887,1000,779,1041,888,696,243,534,652,575,304,194,625,597,387,647,628,275,415,421,414,1366,528,687,915,277,690,412,674,855,298,594,506,799,585,417,738,191,421
ET-MT-419-EPHI-622I-1,263,120,82,219,251,46,602,455,486,601,289,321,489,249,231,89,33,420,309,402,537,0,0,496,707,637,567,623,325,387,618,389,564,312,539,514,881,199,435,502,426,682,517,556,133,3,591,578,459,523,427,580,589,659,796,294,499,21,455,683,673,753,884,633,922,780,671,524,583,840,491,399,383,506,555,456,663,476,430,649,297,484,1153,686,680,821,477,675,817,614,666,314,582,394,633,611,613,651,365,401
GAAB092406-EPHI-622I-1,198,5,0,64,75,13,582,137,404,527,236,335,198,2,43,25,7,384,234,343,614,1,0,455,582,507,551,491,271,331,445,199,448,145,406,449,852,152,437,418,453,688,436,520,63,114,574,513,267,294,341,615,440,477,706,254,428,4,223,688,590,774,632,585,812,717,85,368,467,731,509,363,289,492,535,413,368,552,349,504,423,424,1164,502,664,804,340,615,552,566,633,317,573,42,697,520,518,646,293,388
ETMT535-EPHI-622I-1,20,8,3,7,11,3,111,29,28,172,31,157,38,10,11,1,0,280,80,47,737,0,0,337,276,544,927,138,256,176,86,28,202,22,125,164,283,7,301,271,332,1138,126,122,5,0,495,402,57,58,107,730,72,688,402,91,50,1,28,413,418,555,983,857,722,521,333,73,302,361,337,119,59,838,399,257,1033,808,92,158,530,209,1195,200,664,899,114,537,111,348,1506,105,227,10,786,300,106,512,50,284
AMWO031590-EPHI-622I-1,243,89,43,135,137,33,472,313,327,569,156,368,386,212,149,70,23,341,279,285,593,0,0,394,605,554,561,508,302,323,530,259,571,255,518,475,795,105,396,472,372,677,476,464,60,3,564,582,328,476,362,557,527,633,663,253,403,3,300,573,592,605,854,613,726,737,576,354,512,756,461,305,349,407,447,408,668,504,363,562,299,407,1023,591,635,645,397,594,717,520,598,306,538,265,521,461,493,622,276,367
ET-SL-1494-EPHI-622I-1,161,50,12,128,105,18,531,219,273,528,241,280,306,67,88,35,28,352,234,255,523,0,0,397,596,587,489,444,244,301,466,217,483,167,372,434,763,49,402,351,395,596,459,450,10,0,541,459,312,318,338,497,430,413,609,240,377,0,262,579,529,631,470,536,682,566,521,332,428,716,394,321,291,422,479,411,301,480,256,513,309,349,912,467,634,643,370,538,557,485,624,248,451,513,476,451,460,576,278,331
GAAB092488-EPHI-622I-1,290,195,58,190,95,24,599,371,197,562,298,390,354,2,77,204,5,399,282,227,540,45,6,461,676,525,559,566,301,308,561,306,519,245,468,528,759,474,414,463,393,578,521,514,114,70,525,510,360,425,332,485,562,533,685,265,523,2,390,615,531,727,813,551,927,759,605,429,521,805,512,402,378,406,455,398,469,484,381,509,342,394,1101,569,633,687,431,623,725,576,494,360,591,867,607,545,571,580,328,399
ORME040662-EPHI-622I-1,152,34,3,104,95,13,441,208,248,491,226,260,262,76,56,44,17,343,240,206,518,0,0,382,548,482,438,410,218,268,391,203,460,140,372,399,743,42,350,300,400,601,445,429,16,0,506,436,263,286,297,532,387,394,551,210,392,7,267,588,511,588,363,454,615,542,479,323,378,651,411,295,228,406,427,381,195,485,257,481,337,380,816,451,633,612,336,559,512,431,611,266,438,805,468,438,418,550,235,283
AMAN030901-EPHI-622I-1,203,284,128,155,403,317,549,474,250,548,239,269,395,20,271,103,31,409,287,46,371,7,0,456,547,447,540,713,161,121,575,351,478,330,561,585,702,656,236,494,233,467,409,365,40,15,388,396,292,467,261,382,414,456,786,245,452,17,309,464,635,641,884,609,532,563,471,360,459,508,324,299,322,307,343,367,634,370,387,377,201,304,993,467,627,740,313,759,737,546,359,292,667,560,484,442,431,419,341,355
ETMT547-EPHI-622I-1,90,9,2,29,21,13,337,73,96,372,112,273,154,12,18,15,3,409,227,121,594,0,0,462,579,648,635,393,303,387,302,105,434,123,378,377,539,5,433,446,372,726,411,382,7,0,625,581,235,261,291,579,267,589,743,222,280,0,119,568,576,735,780,644,853,742,634,257,530,681,475,285,180,535,554,379,580,529,250,452,270,355,1196,449,623,808,295,641,457,597,746,237,484,12,566,467,370,656,173,365
SNSE072141-EPHI-622I-1,112,40,21,60,43,15,347,123,125,350,109,264,199,56,31,12,16,351,177,126,515,0,0,415,477,468,511,431,290,289,292,131,347,108,319,375,590,46,415,382,395,561,350,346,26,0,433,446,205,224,235,413,304,456,669,199,267,1,124,602,472,702,832,566,836,651,588,273,414,575,458,296,197,427,425,299,491,424,253,328,295,338,1151,415,621,712,304,577,393,520,553,322,501,88,558,508,374,580,186,358
SNDI071805-EPHI-622I-1,172,17,5,91,57,19,494,165,182,435,172,308,245,33,61,21,12,359,251,145,520,1,0,453,618,553,535,434,261,306,438,199,423,155,389,450,688,14,342,376,386,658,417,469,8,1,555,551,250,308,275,520,379,423,687,230,363,0,184,687,484,739,402,539,705,557,615,332,505,708,513,374,280,454,513,330,255,450,351,455,324,411,1014,508,612,725,265,577,508,559,568,341,595,610,617,536,475,585,280,293
ET-LT-602-EPHI-622I-1,186,37,15,79,56,20,514,200,172,456,208,301,350,90,56,39,15,360,236,179,517,0,0,426,600,525,512,510,260,294,428,236,464,162,439,496,699,44,389,375,396,620,420,422,39,0,482,451,288,347,309,480,408,425,597,227,392,0,258,543,525,671,647,573,773,659,548,364,466,752,455,382,299,444,476,372,417,462,297,516,296,362,965,514,611,755,376,643,638,534,629,327,557,111,565,496,451,591,249,347
AMWO031589-EPHI-622I-1,212,51,27,109,97,32,507,260,250,522,133,288,374,135,97,75,12,380,251,227,523,0,0,425,619,522,561,553,258,305,490,253,497,212,469,407,784,85,416,472,369,667,448,487,47,2,546,521,354,415,341,534,486,524,672,209,411,3,289,545,529,598,787,538,727,672,555,391,479,712,446,315,305,412,429,360,522,461,323,555,309,375,1046,551,596,635,390,569,629,508,617,303,465,200,508,443,467,548,300,340
ET-MT-346-EPHI-622I-1,193,88,48,151,134,52,467,328,313,485,224,286,413,174,149,75,22,341,269,286,456,0,0,371,568,522,519,488,258,300,470,297,484,232,429,457,715,124,355,433,331,604,461,439,68,0,478,469,359,409,303,461,445,477,580,195,333,1,354,518,550,616,624,549,699,620,533,368,456,696,409,283,300,392,447,375,492,404,341,591,252,372,913,516,595,593,375,538,690,485,501,292,542,246,458,425,443,547,263,285
ET-LT-714-EPHI-622I-1,192,61,36,101,112,31,456,224,219,445,217,240,342,138,72,49,28,343,207,112,405,1,0,356,595,450,402,438,239,297,426,253,405,186,350,434,687,88,350,323,302,472,405,434,77,1,449,392,275,356,301,369,421,373,572,196,316,1,225,485,406,628,527,476,682,555,511,354,426,591,400,360,289,356,385,342,322,357,339,468,237,355,883,457,591,590,365,492,503,486,514,286,519,92,392,488,441,481,279,308
ET-SL-1484-EPHI-622I-1,171,72,35,193,150,29,493,286,332,557,234,331,425,197,135,52,22,379,290,246,568,0,0,349,567,483,537,483,279,272,452,199,545,168,414,397,751,100,390,379,365,590,468,422,69,4,553,488,363,354,337,502,504,486,621,218,437,12,322,496,524,611,770,520,851,723,541,405,396,795,347,292,287,434,478,416,484,476,245,581,298,345,1066,553,582,659,378,686,733,493,693,212,297,291,472,391,484,640,231,355
ORME040620-EPHI-622I-1,235,130,64,196,192,51,551,379,363,534,268,326,421,284,190,72,47,341,241,293,465,0,0,334,578,424,445,490,276,248,470,247,448,217,397,464,731,191,369,409,399,590,406,505,116,1,523,455,363,399,309,462,478,469,678,207,446,8,368,552,533,634,731,509,718,672,567,386,423,690,418,361,333,418,460,353,513,410,300,561,330,336,1032,525,581,681,399,621,664,495,545,289,461,800,572,403,481,564,260,376
ET-LT-590-EPHI-622I-1,218,71,29,173,125,30,555,308,291,484,265,289,435,160,88,62,22,323,268,115,502,0,0,403,578,452,442,506,270,274,476,286,467,199,395,449,737,84,385,355,339,500,441,465,69,2,488,465,357,391,360,514,462,450,633,236,428,1,367,511,511,608,568,487,696,638,501,406,448,686,429,336,317,397,453,387,425,395,321,516,297,390,954,491,575,651,404,516,667,499,563,305,449,88,468,471,471,553,250,308
ET-LT-583-EPHI-622I-1,197,41,14,89,83,30,452,201,195,418,230,267,331,55,68,45,27,329,220,69,433,1,0,386,529,444,438,448,236,284,463,262,404,193,365,445,629,45,346,318,336,483,368,408,22,0,465,390,278,314,286,398,371,342,628,216,392,0,259,545,467,677,401,459,676,556,525,361,451,633,397,339,335,348,416,326,244,375,306,471,280,351,965,439,573,627,351,501,527,494,489,279,508,40,472,483,422,533,248,308
AMWO031581-EPHI-622I-1,59,0,0,11,7,3,252,19,40,313,67,245,91,6,4,4,6,325,172,50,541,0,0,363,464,558,551,291,242,250,213,60,358,76,277,344,580,7,359,347,397,692,345,330,6,0,572,463,164,164,195,570,225,457,607,169,196,0,69,541,489,591,383,602,643,518,444,166,409,580,459,279,136,452,441,370,296,434,220,379,344,316,927,375,565,671,215,462,319,434,679,231,430,21,572,442,311,539,142,299
ETMT565-EPHI-622I-1,53,7,2,24,11,8,242,39,76,251,68,222,106,9,8,5,5,323,152,106,622,0,0,407,428,514,792,289,300,232,197,68,346,69,261,277,423,2,313,361,345,936,268,258,8,0,512,392,143,169,198,592,219,553,579,153,173,0,88,467,441,613,877,751,763,632,463,185,381,504,389,195,120,632,444,328,781,629,166,264,381,255,1181,320,565,813,219,539,307,451,923,161,380,28,679,417,241,550,108,336
AMAN030957-EPHI-622I-1,85,0,1,40,112,111,395,34,126,387,160,276,23,0,9,6,3,297,169,3,455,0,0,344,490,407,446,352,187,224,260,113,339,85,265,376,586,179,362,226,333,566,330,381,5,6,481,377,178,166,240,461,297,309,508,208,262,0,112,547,417,690,252,443,570,431,516,194,427,583,404,316,187,407,452,309,133,442,212,367,377,262,779,392,564,669,222,467,373,487,535,266,464,2,569,454,327,588,196,273
ET-SL-1491-EPHI-622I-1,125,15,9,50,47,16,406,128,139,435,176,267,276,59,32,21,9,315,211,146,473,0,0,368,540,451,464,401,212,276,409,187,425,156,357,382,703,44,387,362,370,559,412,395,22,0,478,434,305,287,359,488,346,410,636,224,348,0,190,545,464,578,417,467,623,579,467,302,404,679,349,297,268,366,410,410,328,436,226,498,305,341,877,507,563,590,307,550,510,434,578,232,430,397,447,419,428,513,217,292
AMWO031548-EPHI-622I-1,118,9,3,51,24,16,384,108,133,439,142,301,286,16,21,25,3,361,217,116,560,0,0,438,549,558,524,440,265,325,354,156,441,147,386,424,703,5,399,436,358,625,436,418,5,0,584,543,253,290,297,502,338,503,636,221,322,0,196,579,508,623,568,602,670,613,499,311,458,630,502,284,230,458,521,398,410,441,281,489,269,377,989,469,561,665,303,578,490,524,611,269,519,44,523,468,376,633,209,306
ET-LT-921-EPHI-622I-1,275,100,22,194,153,43,581,400,360,463,288,268,423,147,156,81,40,371,268,265,473,0,0,412,596,442,476,500,231,292,544,303,438,217,398,425,765,104,394,343,355,481,400,463,33,3,428,439,335,372,354,402,444,392,636,245,440,5,312,564,488,622,424,506,714,627,579,415,476,711,418,361,382,425,444,369,271,359,365,549,274,382,938,484,558,657,421,525,621,528,551,297,505,229,464,504,527,547,305,332
GAAB092498-EPHI-622I-1,123,42,15,68,128,135,312,142,224,292,127,315,136,9,61,22,7,280,151,158,514,41,3,379,431,412,540,392,243,245,264,111,366,97,261,341,504,290,342,328,319,638,348,321,36,4,453,425,186,197,204,475,296,475,632,185,282,6,155,473,482,601,835,604,828,626,487,256,394,532,408,252,199,507,420,372,565,463,229,372,309,300,1062,380,558,678,268,548,372,491,563,288,398,639,613,430,292,541,173,367
AMWO031587-EPHI-622I-1,159,20,7,36,46,11,392,97,116,435,107,283,286,34,46,39,9,346,245,121,511,0,0,415,539,529,496,460,267,329,424,170,436,153,416,420,729,23,348,402,384,581,419,382,10,1,518,493,294,333,284,498,385,494,652,249,353,3,194,521,512,568,666,533,712,627,515,332,436,635,421,299,277,400,421,396,442,481,287,542,274,362,1020,507,557,634,344,520,562,499,536,286,429,70,556,424,415,506,266,322
GAAB092528-EPHI-622I-1,290,211,95,209,151,35,625,407,346,523,255,385,329,3,200,94,42,383,247,97,510,32,1,385,555,375,436,497,222,236,497,263,430,188,432,408,763,242,373,450,335,571,449,517,142,16,488,451,391,443,349,457,544,497,654,226,450,13,341,505,503,604,767,506,769,641,568,372,429,682,430,364,347,390,457,348,498,394,329,515,325,348,1048,515,545,652,383,553,599,534,454,326,518,548,565,483,539,517,344,368
ET-LT-706-EPHI-622I-1,167,40,20,96,80,19,427,217,220,442,204,267,355,68,56,31,19,319,234,102,470,0,0,329,494,409,444,418,209,221,383,181,459,149,354,378,665,31,320,326,301,514,360,392,26,2,454,415,273,319,263,469,399,426,551,210,331,0,254,465,466,532,480,480,636,573,391,324,356,635,356,332,267,378,369,367,358,373,280,478,292,315,867,480,545,581,296,545,596,491,506,235,402,39,454,347,436,516,219,280
ET-SL-1119-EPHI-622I-1,162,58,41,131,99,29,343,212,260,420,178,223,295,132,80,27,16,245,190,206,384,1,0,304,436,359,384,403,227,261,336,180,374,140,324,319,594,107,328,317,294,461,370,336,86,1,424,342,252,328,250,402,368,372,437,167,292,6,235,364,404,468,587,415,535,514,408,274,322,649,360,316,268,361,426,371,467,410,276,502,261,367,894,456,542,592,337,526,613,453,516,245,468,217,450,455,427,487,275,296
ET-SL-1409-EPHI-622I-1,119,18,7,54,55,12,378,119,147,403,152,246,282,34,34,22,12,306,222,85,449,0,0,352,514,475,431,433,198,256,367,169,389,167,377,370,661,31,331,353,314,550,392,403,18,0,451,397,264,274,297,443,336,392,513,187,269,1,200,481,470,518,515,458,600,548,479,279,344,619,335,286,209,379,405,385,288,442,209,450,274,338,899,418,540,576,288,474,501,411,558,207,402,85,429,368,384,486,229,253
AMAN030990-EPHI-622I-1,217,11,5,133,200,241,472,161,221,429,214,316,238,3,56,43,7,316,212,25,417,2,1,351,571,295,424,518,217,225,464,254,389,179,361,410,696,257,314,374,296,517,407,430,61,14,399,395,315,332,299,349,374,386,650,194,425,1,255,449,477,564,742,416,719,611,550,353,413,615,461,367,337,353,405,294,534,354,338,436,239,292,1027,429,537,590,375,530,570,507,420,362,548,66,503,391,459,477,305,326
ETMT558-EPHI-622I-1,201,19,4,71,46,24,464,189,222,442,198,254,286,15,41,30,17,362,232,192,492,0,0,407,539,508,442,511,252,280,439,264,383,196,390,401,650,12,379,385,305,509,407,413,4,0,499,493,316,321,315,435,398,399,586,202,334,4,243,540,466,598,465,494,634,600,534,388,437,610,420,307,285,385,423,316,325,384,310,483,217,375,881,424,535,589,360,504,530,436,478,239,485,11,412,452,485,496,286,282
AMAN030920-EPHI-622I-1,156,21,6,42,25,17,414,93,129,365,194,263,223,20,20,12,9,290,212,138,419,0,0,346,509,397,386,452,212,255,384,194,383,141,308,369,581,18,358,309,291,471,384,373,12,0,431,393,292,272,272,365,336,370,565,200,349,1,169,521,435,631,401,445,626,548,502,286,401,548,400,308,266,337,407,282,281,348,242,413,268,321,873,408,531,579,306,502,475,427,471,263,440,44,467,415,417,461,233,255
ET-SL-1324-EPHI-622I-1,213,94,70,166,166,49,492,352,355,465,184,260,381,250,181,69,30,297,225,289,413,1,0,351,470,368,414,448,196,236,380,203,451,184,340,347,613,122,284,355,279,508,374,363,93,1,466,411,284,347,301,428,425,447,567,204,339,1,276,394,488,557,668,453,646,600,412,343,390,661,344,269,251,349,361,349,492,396,261,544,225,330,799,454,527,551,356,508,581,431,507,219,333,620,426,380,391,484,223,295
ET-LT-1005-EPHI-622I-1,188,94,43,168,170,42,435,290,309,430,182,258,342,179,98,71,33,252,220,233,388,0,0,314,451,395,433,395,221,243,390,205,404,179,333,340,665,77,304,318,326,500,391,365,50,2,451,358,254,304,251,424,418,409,533,189,305,2,315,443,465,512,526,441,603,556,419,314,342,578,345,281,267,384,388,324,339,351,219,472,268,324,801,437,525,554,282,517,546,381,470,199,385,278,447,399,322,488,218,277
ET-LT-947-EPHI-622I-1,164,51,26,113,84,20,443,190,199,381,190,232,325,105,83,43,27,228,205,85,364,0,0,374,593,424,465,490,254,272,429,249,437,170,385,388,596,56,373,343,331,470,378,361,59,0,399,363,257,321,241,374,410,380,534,185,351,0,228,467,446,563,494,402,604,590,509,334,403,531,394,328,264,323,372,281,296,376,269,421,216,322,823,442,518,550,318,473,507,435,423,238,456,65,417,406,391,434,238,283
AMJI031223-EPHI-622I-1,22,6,2,10,11,5,161,24,47,159,40,143,28,4,10,2,2,322,89,36,575,0,0,359,291,528,624,173,222,191,96,38,223,34,158,236,263,9,281,241,283,874,171,199,2,0,423,454,67,81,90,587,99,409,484,124,86,1,39,566,336,590,360,580,607,405,500,82,357,348,487,181,72,504,490,247,216,488,127,185,477,231,898,194,515,944,107,466,109,429,686,178,401,16,825,348,156,490,83,258
ORAS040008-EPHI-622I-1,104,12,5,28,31,12,332,76,117,401,100,267,163,13,27,9,3,334,206,122,483,0,0,362,473,554,497,330,225,306,311,122,384,130,352,354,601,17,350,306,345,578,378,372,6,0,494,459,196,226,222,466,296,394,581,195,348,1,121,552,483,551,364,505,556,527,457,248,368,555,394,293,200,386,399,366,235,408,219,391,290,333,833,410,509,616,250,446,420,464,542,217,429,80,456,397,359,525,168,266
ET-SL-1279-EPHI-622I-1,207,119,62,152,154,46,513,369,304,479,211,272,375,211,168,74,40,302,256,255,438,1,0,345,531,448,437,493,255,278,464,248,413,178,369,428,692,548,303,382,307,513,424,411,216,57,465,388,330,366,293,406,455,407,595,200,402,3,312,471,481,568,725,509,752,598,535,383,396,664,366,304,298,377,344,321,458,400,342,504,260,370,995,489,508,636,369,508,667,488,484,280,458,829,456,436,449,528,265,289
AMAN030929-EPHI-622I-1,77,11,6,15,23,8,294,61,82,300,97,194,150,9,14,7,14,281,168,74,349,0,0,347,445,422,399,378,217,275,278,100,316,86,270,363,505,9,312,342,253,488,322,355,8,0,375,409,182,203,224,367,223,357,555,184,266,1,125,466,434,558,466,383,574,547,467,236,380,517,438,280,184,336,401,279,303,337,266,296,239,286,826,348,499,592,276,430,356,499,420,304,471,42,431,416,399,445,195,297
ORME040695-EPHI-622I-1,174,89,18,129,120,25,414,212,253,365,155,255,313,123,110,38,28,252,233,230,335,0,0,316,473,396,384,418,200,225,369,200,348,137,318,395,565,82,287,340,300,480,355,359,39,2,404,355,316,255,241,363,362,344,508,179,339,10,251,455,397,536,484,443,570,538,466,260,346,555,365,298,260,320,371,254,328,366,245,392,232,295,853,389,493,586,305,456,460,420,416,235,417,102,390,399,406,457,226,292
GAAB092513-EPHI-622I-1,189,218,101,57,121,20,461,150,29,382,201,229,238,1,54,1,9,311,224,2,378,19,0,359,476,366,366,469,199,272,443,239,366,190,367,396,651,0,268,353,277,447,339,385,233,385,522,365,259,383,229,337,382,345,556,206,354,13,261,456,456,522,490,388,559,484,463,338,419,588,378,300,274,304,352,278,276,292,313,419,204,335,842,456,489,536,334,455,476,453,388,306,543,274,393,390,456,434,283,291
ET-SL-1492-EPHI-622I-1,112,18,8,67,36,15,357,134,161,423,177,221,249,26,27,17,11,294,233,158,449,0,0,352,470,470,417,369,231,277,295,188,399,142,324,360,599,26,302,305,299,505,357,334,7,0,458,400,243,263,290,458,300,398,492,160,285,0,180,454,463,487,449,429,570,477,457,255,361,618,304,252,215,345,385,343,283,398,204,462,241,294,760,406,482,540,291,487,506,440,545,220,359,199,382,395,364,484,210,292
GAAB092439-EPHI-622I-1,264,311,180,135,184,36,553,251,94,446,221,276,307,2,133,4,7,341,229,9,441,37,0,352,489,333,357,402,176,253,406,227,334,172,366,331,579,619,294,404,269,525,380,432,27,2,357,422,301,395,295,416,404,416,507,196,400,16,282,405,476,537,607,437,590,534,438,351,400,590,406,306,298,293,378,296,520,339,356,410,198,338,850,385,478,566,348,487,489,428,393,288,501,702,476,461,431,433,284,300
AMAN030960-EPHI-622I-1,141,22,1,72,35,8,379,120,166,355,149,251,160,14,16,5,15,216,155,99,361,0,0,277,432,334,339,335,147,221,338,150,363,107,319,332,493,12,305,198,301,460,296,357,1,0,373,347,197,215,241,358,300,240,458,195,294,0,145,515,355,531,215,403,483,394,414,268,339,507,346,275,224,330,387,277,153,308,251,340,263,313,657,362,473,564,202,377,382,386,401,238,422,70,393,363,366,418,216,237
AMAN030931-EPHI-622I-1,90,8,5,13,15,6,248,62,56,280,76,203,136,9,6,7,6,289,134,50,399,0,0,319,339,371,369,360,202,251,251,105,278,81,260,309,480,18,311,261,303,454,296,296,7,0,380,358,149,155,201,332,185,343,486,178,262,3,88,433,417,532,468,407,555,511,476,202,312,471,361,257,142,305,359,285,275,339,218,298,231,275,847,328,473,574,251,440,299,448,468,270,408,20,395,405,313,412,159,270
GAAB092410-EPHI-622I-1,212,220,156,154,317,251,456,271,114,396,207,286,290,3,131,60,3,276,239,351,376,1,0,293,461,321,334,401,189,245,420,209,307,153,298,340,601,169,340,319,266,453,379,387,24,2,378,365,286,352,274,354,429,342,539,190,353,12,302,460,374,456,440,382,562,508,454,321,350,548,392,317,290,306,359,274,283,315,260,420,227,318,805,365,465,513,367,456,528,387,419,260,414,654,422,377,440,415,261,285
ET-SL-1493-EPHI-622I-1,78,25,15,47,48,16,272,100,112,329,132,230,194,45,33,17,7,275,160,120,390,0,0,283,385,402,392,323,161,206,337,115,369,103,311,275,517,35,297,310,335,470,335,268,14,1,385,356,210,216,227,398,248,349,495,133,211,1,156,373,405,494,425,395,553,478,403,242,270,555,267,223,168,323,336,323,305,361,179,370,243,254,633,376,465,486,214,431,422,377,492,153,314,126,351,292,293,463,140,239
ET-LT-773-EPHI-622I-1,196,64,32,115,107,32,426,299,265,361,191,223,345,128,109,60,20,264,198,229,338,0,0,314,446,354,379,402,198,225,404,224,338,167,305,320,603,93,290,287,283,403,346,343,47,2,382,330,272,316,277,347,354,342,489,186,323,12,259,404,398,531,517,392,572,541,390,313,361,515,317,323,291,300,334,319,318,347,266,433,219,326,795,428,462,527,337,461,530,437,413,235,375,380,383,362,416,445,198,266
GAAB092543-EPHI-622I-1,189,196,127,164,20,21,440,315,333,333,190,204,261,5,187,72,23,215,186,211,310,5,3,329,456,326,312,404,128,210,379,275,318,161,296,295,568,355,266,356,230,381,331,356,110,3,355,328,254,299,218,306,375,362,469,178,353,362,262,395,350,467,503,340,505,412,266,293,364,492,341,273,300,247,317,243,330,290,265,347,151,263,717,343,458,493,299,359,420,367,306,233,431,497,322,369,372,357,263,260
ET-SL-1504-EPHI-622I-1,150,55,13,122,110,28,367,233,257,381,227,239,258,108,91,34,31,271,164,201,346,0,0,285,463,344,342,361,173,222,367,193,327,156,313,325,598,484,245,252,272,465,307,377,75,38,363,352,236,264,274,372,339,326,432,179,350,8,245,458,369,466,270,409,526,436,395,286,278,560,335,272,229,308,365,273,182,343,248,367,242,279,665,392,457,485,255,420,437,375,439,238,376,529,390,311,376,377,201,218
ET-SL-1489-EPHI-622I-1,98,28,30,77,90,15,305,153,170,371,179,209,257,73,45,16,6,231,193,150,364,0,0,306,403,374,356,358,159,224,324,155,348,132,313,319,519,45,280,281,301,455,309,314,35,1,410,340,222,224,252,363,281,330,499,148,253,0,185,365,393,447,445,386,502,492,379,246,302,482,221,236,204,306,352,309,297,350,188,385,214,261,708,382,456,447,260,426,453,386,493,193,317,176,335,282,333,421,147,202
ETMT570-EPHI-622I-1,24,11,3,17,11,5,114,28,49,139,32,125,34,17,9,2,2,203,60,43,473,0,0,261,214,365,696,102,171,147,54,46,183,38,127,139,234,11,219,181,271,787,108,116,3,0,353,277,53,40,74,487,84,412,279,88,63,0,32,330,331,452,484,758,525,406,303,66,240,268,265,108,56,591,294,244,459,558,70,157,434,172,945,149,448,659,76,356,94,319,1132,87,206,37,676,263,93,425,42,211
ET-SL-1505-EPHI-622I-1,136,53,12,110,83,24,340,200,204,346,201,222,265,89,63,27,16,264,188,189,313,0,0,274,424,362,385,338,195,227,375,177,375,174,304,352,560,61,272,285,277,441,299,335,14,0,385,324,246,267,263,424,332,327,439,160,303,2,215,460,383,403,350,383,504,401,344,247,295,504,245,219,208,296,316,305,205,316,214,375,199,249,605,320,444,429,263,418,454,350,451,156,298,147,367,289,350,373,187,209
GAAB092534-EPHI-622I-1,95,31,5,38,4,2,299,76,267,283,110,193,71,2,22,2,0,223,138,16,352,1,0,282,361,324,370,256,161,195,265,115,284,79,240,319,454,187,291,180,274,421,262,308,3,0,381,348,168,174,211,337,254,226,367,174,213,6,107,442,359,536,191,399,361,381,396,183,314,461,355,224,182,339,361,254,118,300,217,280,225,245,604,311,431,528,172,403,307,373,423,200,415,416,430,369,323,423,152,219
ET-MT-500-EPHI-622I-1,167,62,44,152,137,40,368,322,287,363,172,217,321,183,151,68,18,289,185,243,352,0,0,334,454,363,378,380,189,240,323,247,360,183,333,340,526,108,282,319,271,391,328,337,48,3,376,361,294,309,256,372,397,393,500,169,309,12,255,382,377,485,525,350,536,463,432,326,394,512,316,255,228,284,368,293,374,298,265,390,187,294,707,391,426,482,291,372,516,374,400,204,386,225,308,329,364,385,204,246
AMWO031582-EPHI-622I-1,118,24,7,72,78,16,289,147,162,298,98,208,193,56,63,28,12,250,186,143,381,0,0,289,398,399,489,335,208,208,286,144,348,112,265,262,471,32,304,325,280,496,317,303,12,0,410,405,222,242,182,410,302,396,451,162,237,2,177,403,425,451,568,429,540,506,375,221,291,415,316,222,143,348,341,267,388,403,216,355,279,261,817,346,426,503,206,444,378,364,472,221,352,110,449,341,294,453,177,249
ET-SL-1138-EPHI-622I-1,141,37,21,76,92,15,380,152,194,346,168,211,281,93,57,30,13,309,167,189,322,0,0,270,384,401,359,377,194,218,346,145,365,165,283,320,557,77,259,300,286,435,340,321,53,0,402,338,240,268,232,393,331,377,430,146,284,4,216,381,404,460,489,340,528,540,375,307,328,544,263,259,225,304,347,297,336,388,216,390,209,291,729,398,425,470,278,438,462,382,459,167,332,330,340,319,336,432,160,244
ET-SL-1490-EPHI-622I-1,96,19,9,44,41,6,286,87,119,356,162,192,221,36,22,10,1,230,180,93,369,0,0,251,390,382,364,323,160,200,293,125,338,111,270,280,501,20,294,261,286,439,299,285,15,0,386,320,177,195,238,415,235,347,437,146,185,0,138,372,405,403,444,352,485,460,305,218,267,529,225,172,181,311,329,330,318,391,163,399,202,242,694,288,422,470,239,426,429,334,471,140,261,23,311,261,277,440,144,228
ET-SL-1159-EPHI-622I-1,194,111,76,157,142,46,404,316,290,368,169,211,301,195,151,48,36,219,166,236,369,1,0,258,418,330,335,379,197,222,389,215,328,155,342,315,513,179,244,285,252,378,332,313,126,2,343,301,251,273,219,303,348,297,449,176,311,0,269,355,385,458,518,396,535,469,376,274,310,485,327,249,268,238,322,240,346,285,224,391,206,284,779,364,421,477,301,443,467,394,426,225,329,260,386,349,373,376,219,268
ET-SL-1507-EPHI-622I-1,155,89,33,140,119,25,338,251,245,365,182,202,294,176,106,50,29,226,168,199,323,0,0,294,428,332,353,324,161,192,368,196,332,148,323,308,600,113,272,242,253,432,334,342,36,3,386,312,273,284,277,362,322,325,462,164,329,8,253,423,360,368,386,314,554,419,354,293,290,513,247,226,239,288,297,295,235,342,197,407,227,285,592,399,421,492,267,417,458,380,423,171,292,252,320,290,336,396,152,204
AMJI031314-EPHI-622I-1,178,135,99,146,181,55,407,338,320,338,191,203,337,248,207,59,35,260,168,244,318,0,0,299,457,374,316,385,205,233,379,238,337,197,342,338,551,266,284,318,235,450,320,384,199,3,333,368,289,409,250,338,344,321,491,155,313,4,278,466,375,457,495,341,545,396,406,303,329,461,336,268,255,257,353,255,436,254,242,398,162,302,698,407,420,442,336,419,484,362,353,252,375,347,346,324,358,372,223,261
ETMT551-EPHI-622I-1,41,4,3,17,20,3,179,49,61,192,66,143,113,14,20,12,1,244,104,55,408,0,0,224,290,400,441,200,177,176,148,47,247,67,190,197,343,3,212,238,260,471,209,175,5,0,352,311,98,104,162,382,136,422,391,88,117,1,69,302,351,396,514,407,470,401,297,120,259,360,240,117,82,353,289,199,412,351,113,211,199,161,654,241,420,483,160,347,208,314,538,94,252,12,338,231,188,369,92,202
ET-SL-1224-EPHI-622I-1,154,59,39,153,124,29,410,275,286,424,224,201,305,140,109,43,21,269,215,232,424,0,0,302,450,411,403,420,189,281,391,219,408,166,358,347,696,73,290,302,294,460,340,340,46,0,469,366,278,303,305,421,375,382,532,156,292,0,228,451,436,467,492,398,619,464,402,302,324,549,316,260,256,349,404,318,298,334,245,437,247,318,787,462,418,496,314,441,526,392,506,219,376,62,412,408,398,486,217,239
GAAB092407-EPHI-622I-1,40,0,2,5,5,3,187,18,19,205,74,204,61,4,5,1,3,219,108,23,356,0,0,260,339,352,362,224,145,207,147,47,226,33,180,274,313,6,272,180,247,442,241,225,18,34,349,301,95,108,150,363,139,242,427,142,139,0,50,413,330,490,256,386,408,398,333,146,270,385,298,217,132,326,318,241,158,304,159,247,241,210,635,250,416,535,148,392,216,323,444,183,285,275,403,275,267,382,101,191
SND1071814-EPHI-622I-1,179,50,20,116,75,24,369,197,198,321,116,209,317,67,63,50,14,252,165,181,308,0,0,288,411,319,293,356,183,216,376,206,316,156,295,295,487,88,217,338,230,371,328,356,28,1,328,361,264,313,217,305,351,305,404,150,325,1,210,392,358,437,437,356,454,425,395,259,281,473,349,242,261,241,296,227,316,248,262,322,174,268,733,345,415,454,223,365,457,345,287,257,414,419,416,392,372,357,263,222
SOER052713-EPHI-622I-1,127,57,13,108,84,29,340,221,234,357,126,180,262,107,100,35,16,206,177,180,350,0,0,309,428,410,396,387,220,256,380,230,371,155,366,340,545,51,261,336,294,458,337,351,17,1,389,370,277,319,238,398,376,393,457,137,282,7,192,339,326,453,461,379,537,439,359,272,301,443,259,192,240,283,347,253,334,317,260,355,209,253,745,391,415,461,298,430,453,378,403,222,348,604,337,323,337,393,189,237
SOER052758-EPHI-622I-1,157,44,10,102,80,31,371,254,224,367,162,180,314,55,82,49,16,259,179,195,336,0,0,293,432,396,324,337,182,218,385,212,352,174,281,317,503,37,268,303,281,423,313,351,12,1,346,362,283,302,200,302,318,311,454,207,294,4,207,376,384,444,376,338,457,418,399,290,338,481,311,258,242,270,326,262,283,295,263,362,148,270,680,354,413,465,284,367,414,373,374,198,373,108,311,362,368,376,245,216
ORME040694-EPHI-622I-1,167,86,36,116,137,20,320,228,234,329,171,219,268,144,112,39,27,240,158,206,333,0,0,262,409,297,320,314,153,193,325,178,319,133,308,303,522,107,240,290,271,399,297,310,54,1,345,274,266,275,234,318,321,297,471,148,279,6,233,351,358,397,442,358,469,434,335,261,281,473,248,210,233,301,276,258,282,307,200,335,227,242,657,352,411,430,236,345,435,334,401,188,292,385,344,300,323,377,200,212
ET-LT-587-EPHI-622I-1,138,51,25,92,84,21,301,204,197,338,156,221,255,95,83,34,20,261,170,9,361,0,0,230,389,290,339,312,181,195,302,164,338,115,246,286,456,96,259,225,265,410,311,303,50,0,376,307,228,219,213,336,280,367,428,136,279,3,180,308,356,428,503,360,556,461,323,273,313,446,273,203,171,320,301,253,383,304,193,330,202,264,670,339,410,453,231,379,423,345,434,180,281,416,346,286,286,363,151,225
ORAS040002-EPHI-622I-1,150,17,6,94,158,171,320,199,190,377,105,214,136,1,85,29,6,220,154,47,299,1,0,307,414,362,353,338,189,218,348,179,330,136,313,314,517,292,220,292,231,422,307,327,90,31,376,373,211,273,237,337,327,382,436,158,267,10,208,393,383,423,488,401,472,455,70,260,295,485,297,243,232,278,315,220,315,292,223,390,184,263,672,402,407,472,254,436,435,368,371,195,365,75,349,334,352,395,195,233
AMWO031510-EPHI-622I-1,12,7,2,8,8,4,89,12,20,98,17,111,29,11,10,3,3,163,55,41,432,0,0,210,217,348,492,132,164,134,67,14,120,19,81,116,154,14,200,164,190,591,104,100,9,0,248,244,45,38,60,304,57,276,313,70,60,0,20,280,266,433,488,605,465,375,329,51,241,211,309,78,56,432,281,184,413,389,95,119,282,126,949,106,406,559,79,286,83,276,601,108,266,17,539,278,95,314,32,236
AMAN030968-EPHI-622I-1,137,22,7,47,27,12,331,104,94,297,146,217,223,25,25,21,10,202,151,82,237,1,0,275,386,269,331,395,176,204,339,146,306,107,284,279,493,24,222,253,210,337,274,269,12,0,295,280,214,236,206,258,301,254,464,145,312,1,217,371,299,456,474,340,508,437,363,226,308,468,285,238,216,249,278,223,294,257,215,331,184,233,704,298,405,469,204,385,396,325,275,223,370,47,359,299,347,349,189,224
ET-SL-1148-EPHI-622I-1,65,42,42,40,60,17,175,104,116,235,73,170,128,74,50,13,8,234,114,81,371,1,0,266,284,316,381,219,174,157,147,64,235,64,191,203,360,82,223,232,248,459,196,188,71,0,387,270,123,124,156,460,176,373,342,127,145,0,86,308,317,353,564,385,479,431,292,137,225,363,269,132,93,328,272,265,418,382,99,231,254,200,678,236,405,457,172,347,257,292,508,123,192,83,407,302,189,406,91,199
AMAN031012-EPHI-622I-1,141,45,17,94,75,21,323,194,187,304,87,193,201,50,60,32,10,269,167,145,377,0,0,294,402,387,361,344,189,221,302,159,297,139,283,313,496,41,252,293,234,428,295,315,15,0,356,360,227,240,204,326,302,335,509,179,260,1,151,418,368,518,433,399,509,458,450,233,373,483,344,251,198,314,357,210,279,303,277,320,222,294,787,348,403,503,229,412,368,430,419,259,430,154,423,390,340,362,185,245
ET-SL-1506-EPHI-622I-1,155,88,72,145,156,40,328,277,298,327,173,196,255,208,148,60,49,210,190,233,280,0,0,289,400,307,312,345,187,199,325,218,360,145,275,298,525,221,269,273,256,400,288,316,143,2,321,317,243,258,234,312,306,325,408,173,324,9,264,308,348,418,484,337,495,487,345,282,304,450,251,255,230,289,312,251,342,288,212,387,179,240,589,370,402,456,295,368,449,348,381,182,302,303,324,312,295,365,181,220
AMJI031291-EPHI-622I-1,57,8,3,16,4,6,179,40,37,253,68,185,104,3,5,0,3,211,134,44,321,0,0,262,342,347,316,258,166,202,184,69,260,65,222,232,362,5,231,282,211,394,236,247,4,0,336,328,144,155,163,314,169,307,386,130,165,1,57,336,336,396,325,348,413,352,317,178,259,373,276,190,145,298,290,202,198,272,169,248,194,241,694,293,399,429,166,323,249,364,390,165,316,22,342,318,260,329,142,200
ET-LT-1004-EPHI-622I-1,153,89,44,120,114,26,377,259,245,329,175,200,277,144,111,39,22,235,179,237,317,0,0,259,368,324,321,326,145,209,346,160,305,149,274,280,496,81,228,277,251,415,309,270,82,1,352,291,230,257,227,347,323,355,443,142,253,2,244,351,369,348,496,343,472,420,324,279,292,496,265,206,226,265,317,251,297,289,221,356,186,259,627,362,397,436,279,360,425,317,353,158,313,203,298,316,333,417,172,214
AMAN030905-EPHI-622I-1,80,4,0,34,82,86,224,71,96,217,132,170,54,0,18,16,6,202,108,16,270,1,0,294,345,316,303,332,149,224,250,95,270,90,278,303,429,149,201,265,229,366,215,301,22,7,295,323,152,207,171,273,187,323,451,126,189,0,112,346,336,383,427,322,459,402,370,211,298,429,283,220,182,241,325,196,306,265,242,255,138,254,624,348,393,480,202,398,323,336,308,259,434,18,325,349,337,348,150,201
GAAB092469-EPHI-622I-1,193,254,171,140,181,36,437,334,179,335,181,251,279,5,189,13,5,272,167,37,344,23,0,253,334,229,236,352,158,164,332,176,241,131,262,262,513,220,202,271,210,362,299,353,389,411,315,300,235,282,234,306,347,302,426,173,317,10,222,314,347,388,505,322,483,437,367,284,276,433,314,243,246,272,304,232,365,278,273,328,202,245,696,331,392,428,257,400,388,340,319,256,353,486,370,355,351,346,208,231
GAAB092409-EPHI-622I-1,157,46,4,78,3,5,355,143,127,334,166,235,159,3,44,22,16,222,182,152,275,66,8,265,398,292,316,303,171,160,289,141,262,100,284,258,527,31,267,201,264,412,291,365,7,1,404,334,202,223,198,351,328,268,419,162,261,5,178,290,333,442,250,373,431,397,340,236,294,486,298,226,237,298,346,256,157,282,219,387,259,256,629,341,391,475,226,383,366,372,395,185,342,5,403,352,347,438,174,205
ORBA040305-EPHI-622I-1,123,62,19,76,64,16,264,143,152,247,93,168,159,69,53,19,17,214,147,148,344,0,0,239,329,334,342,301,172,173,228,113,270,79,222,266,427,66,235,238,231,383,250,284,18,0,339,273,167,165,209,344,246,332,393,129,213,2,154,330,310,393,466,359,508,422,369,192,263,449,268,207,177,285,283,230,268,329,149,302,199,210,669,257,383,450,193,340,314,301,408,186,256,79,320,275,244,397,121,198
GAAB092529-EPHI-622I-1,219,94,26,170,164,61,469,315,343,343,162,250,280,2,151,204,24,258,165,159,309,14,0,266,403,246,271,385,161,167,336,216,299,126,315,346,542,252,220,270,214,373,292,360,223,196,319,339,274,308,210,281,364,311,465,178,399,6,262,361,327,417,519,350,492,455,409,269,298,476,327,265,280,273,290,220,338,256,258,346,204,243,737,386,381,490,268,378,467,350,252,289,443,470,418,355,395,350,238,264
ET-SL-1217-EPHI-622I-1,156,93,36,124,123,40,368,275,250,287,192,156,234,145,130,52,35,237,166,200,273,0,0,261,395,322,261,337,150,228,319,253,270,164,269,320,474,105,214,227,214,327,290,284,47,1,301,294,242,270,222,242,332,265,398,147,294,2,220,367,303,399,263,337,396,377,350,294,290,467,269,230,220,243,294,226,200,244,249,301,129,245,657,333,380,418,235,342,379,311,302,206,338,64,323,324,302,365,230,198
ET-LT-913-EPHI-622I-1,146,61,10,95,85,18,327,211,200,295,168,180,223,100,75,44,26,175,148,123,307,0,0,224,333,263,271,284,137,163,298,161,286,118,210,231,443,43,223,201,231,332,258,262,14,0,296,235,199,228,194,292,288,211,351,132,243,2,200,296,274,345,256,325,375,345,335,215,232,401,222,201,163,279,260,199,156,259,182,351,194,239,502,277,377,415,198,326,352,297,349,153,285,150,294,262,287,336,174,182
AMWO031583-EPHI-622I-1,101,14,2,35,18,8,297,90,82,290,77,200,193,18,29,24,7,209,156,78,284,0,0,212,333,281,270,308,163,171,261,115,245,101,241,260,383,16,208,268,194,361,267,258,6,0,302,297,198,229,174,277,257,296,372,143,221,0,132,327,328,384,430,344,452,393,317,206,282,374,267,185,182,211,270,219,349,263,192,310,144,207,672,291,377,387,217,359,346,314,318,191,301,44,296,321,274,288,156,221
AMWO031557-EPHI-622I-1,15,128,7,7,1,1,99,1,1,166,35,130,3,0,0,0,0,198,76,1,340,1,0,242,282,322,337,147,143,188,104,19,192,21,155,187,284,30,220,173,243,392,157,200,2,0,334,338,57,70,125,375,78,249,309,91,85,0,20,347,267,422,176,304,328,272,39,68,224,324,265,150,58,293,275,183,105,270,119,151,197,152,498,181,376,421,82,313,122,322,325,119,271,1,369,294,149,337,59,148
SND1071816-EPHI-622I-1,116,44,13,81,78,11,254,147,135,296,99,184,174,71,50,24,14,210,154,115,300,0,0,262,370,342,349,283,170,206,282,135,277,101,237,270,429,48,243,245,232,420,265,273,18,0,381,304,201,205,180,313,251,294,385,152,204,0,135,345,374,431,370,350,457,375,311,229,276,456,278,214,159,300,296,234,243,295,187,284,188,260,619,313,375,401,205,321,350,311,356,192,311,383,367,292,296,351,157,193
AMWO031588-EPHI-622I-1,127,25,13,69,63,12,296,146,128,291,84,203,250,74,51,30,4,223,161,110,338,0,0,270,390,293,336,347,163,209,308,135,298,136,283,271,543,42,226,274,233,410,320,316,33,0,352,355,226,313,228,349,316,338,422,149,244,3,149,357,347,352,508,367,457,433,357,232,308,428,274,199,195,271,249,250,370,255,236,333,168,226,650,342,372,403,223,346,388,306,323,187,282,87,363,302,324,356,177,202
AMAN030953-EPHI-622I-1,8,3,0,6,4,2,64,13,13,101,13,110,13,2,2,1,3,180,42,13,365,0,0,195,192,336,419,97,114,115,47,12,115,8,83,152,208,3,179,111,220,541,87,121,2,0,294,221,31,23,55,383,59,226,238,86,48,0,13,336,242,348,183,399,400,263,258,29,176,215,264,86,35,398,293,191,114,386,49,98,344,102,562,118,369,533,53,257,53,242,561,82,176,6,501,233,74,359,32,137
GAAB092519-EPHI-622I-1,176,230,162,123,187,31,405,249,111,315,190,182,239,4,133,6,4,246,170,7,321,44,0,289,311,264,257,315,147,171,370,212,240,125,279,309,489,241,177,298,199,366,274,330,78,8,297,318,257,290,198,272,314,291,406,130,294,11,227,343,332,356,407,281,440,375,357,238,327,456,281,260,224,207,295,203,310,233,291,313,148,273,591,323,366,428,225,363,360,333,257,243,415,386,320,337,350,329,245,201
ORME040628-EPHI-622I-1,129,51,21,78,67,17,341,156,169,310,151,160,229,94,71,26,14,206,144,139,281,0,0,230,339,265,275,273,155,187,323,144,285,105,249,262,463,77,230,202,233,334,255,288,47,1,317,246,205,203,212,309,284,270,357,142,264,2,189,322,306,356,330,276,446,350,293,262,244,403,237,200,188,265,242,238,192,252,172,325,171,217,583,254,361,346,215,321,375,290,349,178,255,149,299,257,259,352,154,200
ETMT520-EPHI-622I-1,24,0,0,2,2,2,114,9,19,175,24,160,32,1,0,0,1,203,85,27,353,0,0,257,249,317,363,175,154,163,120,25,220,39,184,184,300,3,231,160,231,458,199,174,1,0,321,287,85,61,105,336,103,248,342,95,97,0,25,319,262,359,211,328,358,293,303,80,258,356,224,139,75,285,295,246,151,320,118,185,202,195,564,212,361,406,118,301,177,305,384,127,237,268,336,264,139,335,72,170
SNSE072125-EPHI-622I-1,151,50,17,95,55,15,371,176,162,310,142,218,270,80,59,37,18,236,169,160,267,0,0,261,357,303,305,347,167,211,367,170,273,116,287,280,460,72,215,271,239,326,279,327,51,2,317,276,231,274,227,264,314,285,419,159,298,7,234,369,310,410,480,344,525,453,383,272,292,466,327,250,234,262,305,261,308,273,238,347,216,235,683,344,360,416,257,346,431,353,309,251,380,111,349,340,365,377,214,244
ET-LT-886-EPHI-622I-1,105,65,24,73,64,14,281,160,154,243,156,135,210,88,63,23,11,194,131,86,239,0,0,284,406,310,324,338,165,214,309,150,313,141,262,256,469,81,233,230,232,289,268,264,60,0,268,268,182,214,194,285,254,272,366,110,207,2,172,336,282,389,294,301,434,390,305,218,231,393,258,208,157,244,283,232,216,230,205,274,150,238,585,285,354,369,219,303,321,285,323,151,308,77,254,275,296,324,165,205
AMJI031226-EPHI-622I-1,67,2,0,34,105,92,219,47,110,268,127,173,18,0,7,5,2,207,133,3,337,0,0,196,324,314,283,215,160,160,178,78,249,72,222,224,429,88,244,187,270,379,248,260,3,5,358,300,134,165,203,321,198,271,339,97,200,6,81,364,273,313,209,299,351,275,287,162,260,418,225,181,134,249,316,227,136,254,163,279,194,202,453,295,354,391,165,313,295,297,362,144,253,3,295,281,204,315,133,145
SNSE072128-EPHI-622I-1,137,69,18,85,83,28,348,187,200,275,164,177,217,82,68,40,38,209,147,150,240,0,0,240,347,239,255,328,148,149,316,174,268,116,256,244,477,98,188,261,196,337,250,274,30,0,272,242,227,254,188,226,268,262,403,145,270,0,191,311,287,368,423,303,402,342,338,207,300,418,270,207,198,212,260,198,326,212,231,296,144,250,598,336,351,371,223,302,368,302,263,246,375,129,321,314,325,273,204,199
ET-LT-667-EPHI-622I-1,127,21,8,50,36,15,297,103,110,257,154,168,205,32,24,28,7,194,145,86,259,0,0,204,341,261,264,265,152,189,266,130,245,113,224,239,398,21,209,169,200,300,251,259,10,0,279,249,166,196,199,271,261,242,317,125,223,2,173,327,255,340,272,274,446,341,294,201,220,388,223,206,174,220,261,196,182,257,185,290,169,217,516,269,351,331,222,331,369,287,346,132,287,57,284,269,246,318,143,176
ORAS040012-EPHI-622I-1,40,5,1,14,16,7,142,34,52,152,51,112,48,3,6,2,4,211,75,59,343,0,0,192,207,329,382,153,138,133,100,43,216,35,145,141,274,5,183,160,240,467,131,141,0,1,337,256,77,71,121,377,121,255,285,104,75,0,39,278,281,325,273,396,357,329,262,86,202,272,279,123,71,356,251,194,219,335,101,155,231,161,625,186,351,460,90,274,143,239,479,116,213,28,425,258,118,302,59,183
SOER052755-EPHI-622I-1,3,1,0,0,0,0,39,2,2,64,3,92,1,1,1,0,0,178,30,5,337,0,0,175,163,318,396,67,118,101,25,1,105,7,73,110,99,2,212,95,187,472,85,79,0,0,260,230,16,7,41,311,27,215,247,65,27,0,3,266,220,420,168,388,322,248,257,24,214,168,264,61,14,343,297,152,140,332,45,68,264,78,561,87,351,488,34,248,38,290,440,79,181,3,430,230,50,323,21,149
SNSE072144-EPHI-622I-1,106,55,22,62,46,15,275,109,115,258,114,177,179,58,54,21,8,235,152,64,283,1,0,241,369,315,307,309,168,184,268,134,248,111,234,276,436,69,217,234,198,341,271,273,44,0,294,300,169,169,168,290,228,276,449,140,250,0,145,327,355,422,435,311,511,419,416,201,253,380,293,229,191,244,273,187,317,244,248,251,182,223,691,326,347,450,201,294,316,315,285,213,347,120,323,342,276,319,167,205
ET-MT-478-EPHI-622I-1,110,56,51,92,100,20,285,213,189,249,128,152,227,124,107,35,16,198,127,176,265,0,0,229,326,270,274,321,131,188,289,184,334,128,255,265,411,94,208,246,201,347,245,258,53,0,307,277,210,260,192,300,267,288,347,137,239,2,195,285,308,357,381,283,389,337,269,252,290,404,212,200,167,211,244,198,277,219,183,312,132,198,519,280,346,341,229,304,380,281,282,145,267,166,271,257,255,307,169,200
GAAB092515-EPHI-622I-1,86,32,5,37,83,68,227,56,148,235,136,176,71,0,14,4,1,176,117,57,274,0,0,212,286,241,247,207,121,148,203,97,215,78,167,229,342,4,232,142,162,309,196,207,1,2,273,257,129,129,194,248,203,197,313,115,202,59,106,296,271,364,151,281,320,283,244,130,210,306,230,188,148,223,241,197,82,241,138,238,160,181,419,250,342,395,160,267,260,229,342,146,240,180,307,266,239,295,145,155
ETMT539-EPHI-622I-1,10,0,0,1,0,1,75,5,4,134,12,111,10,0,0,0,3,204,70,18,304,0,0,214,219,312,325,136,133,120,79,13,165,16,141,143,222,1,212,157,217,428,128,151,1,0,282,246,45,46,122,326,63,220,256,84,44,1,8,297,261,328,190,301,297,294,281,52,210,287,195,93,39,260,263,228,134,288,61,171,164,127,470,156,342,395,66,276,109,261,386,83,200,4,283,209,98,342,34,138
GAAB092536-EPHI-622I-1,125,11,0,81,163,59,310,166,111,288,134,192,163,4,57,17,3,174,137,99,236,0,0,191,312,257,223,275,131,169,278,151,243,110,237,197,407,72,184,191,217,305,235,271,21,24,292,228,190,176,187,241,261,225,326,118,247,2,161,346,224,366,274,257,379,307,295,200,242,391,239,195,187,216,265,191,148,245,171,313,175,206,555,258,340,318,208,297,318,252,296,158,254,65,297,263,299,309,154,180
ET-LT-806-EPHI-622I-1,141,85,36,120,114,28,319,227,252,299,167,189,223,149,128,49,30,203,142,192,266,0,0,216,316,273,234,285,136,182,299,187,250,118,233,254,435,101,219,212,222,339,233,244,51,0,287,251,223,248,184,302,260,258,358,123,230,1,208,320,318,410,312,287,409,352,304,221,264,430,245,218,199,248,279,219,243,253,199,300,155,210,581,265,337,369,221,319,414,304,322,177,271,194,287,265,283,332,176,184
ET-LT-772-EPHI-622I-1,130,32,22,66,55,16,312,145,128,246,132,166,236,67,56,29,19,162,140,110,263,0,0,210,334,269,261,287,151,171,268,151,268,118,221,224,393,56,210,209,198,284,263,239,33,1,284,234,196,210,194,220,252,263,342,125,258,6,205,284,318,403,340,272,415,343,264,227,268,354,214,193,195,220,243,198,238,241,178,303,161,214,590,310,337,389,199,323,372,291,293,175,294,278,260,261,259,310,148,188
ET-LT-1006-EPHI-622I-1,152,82,23,107,86,29,289,235,221,327,145,179,249,141,104,38,24,170,157,188,260,0,0,210,338,297,260,254,128,192,300,162,287,125,221,244,465,61,182,195,204,290,276,264,41,1,276,252,187,212,181,275,240,242,374,136,228,1,181,332,317,357,370,283,391,356,294,234,256,421,249,169,200,238,246,199,208,240,173,313,158,210,531,309,336,374,228,314,391,278,318,159,301,197,275,256,270,294,167,207
ORME040685-EPHI-622I-1,170,46,19,106,73,27,420,225,195,265,139,159,276,105,89,51,23,192,168,156,225,1,1,230,309,253,244,308,124,177,342,202,242,116,229,255,463,84,186,260,192,323,251,312,37,4,271,259,209,230,217,243,314,286,422,133,246,8,228,293,306,384,366,278,429,343,348,221,243,450,318,214,234,230,241,198,222,212,230,300,161,229,593,302,330,410,209,336,382,303,289,232,364,382,316,335,316,320,218,207
ETMT522-EPHI-622I-1,18,1,1,2,2,3,134,5,13,169,23,141,35,1,2,0,1,225,90,19,283,0,0,186,266,343,289,185,133,138,99,17,198,31,154,162,315,1,203,166,227,342,151,154,0,0,311,233,67,55,144,322,112,203,296,105,101,0,19,319,263,350,154,308,291,287,278,87,247,324,220,128,73,245,251,224,102,302,101,183,172,157,442,196,330,373,105,281,150,282,336,105,242,1,319,236,129,334,68,133
GAAB092561-EPHI-622I-1,116,3,0,77,175,141,319,150,211,266,179,148,109,0,56,25,4,207,132,26,258,0,0,270,368,244,253,304,139,178,352,173,276,134,214,270,433,23,216,211,202,333,268,288,4,1,304,284,214,243,184,247,262,219,404,150,274,6,163,317,299,409,192,292,388,336,320,248,285,411,263,252,172,200,280,177,128,254,229,269,171,234,539,294,328,409,209,328,321,298,276,174,371,247,279,298,310,267,177,163
AMAN030927-EPHI-622I-1,82,21,6,27,25,10,226,75,71,218,103,153,150,25,19,13,14,224,127,62,281,0,0,201,296,256,251,258,167,156,226,123,219,88,199,232,401,22,202,247,163,315,222,290,11,1,284,257,123,162,162,227,183,232,368,140,190,0,87,341,279,399,350,309,420,354,335,207,264,338,276,206,142,201,258,206,232,220,211,231,148,208,609,262,326,356,206,295,306,278,318,211,313,55,280,306,288,273,156,193
ET-SL-1227-EPHI-622I-1,122,50,24,94,105,23,303,211,238,318,111,165,223,136,99,46,9,206,163,140,287,0,0,201,306,288,299,290,139,170,245,119,275,133,260,207,449,65,210,248,199,383,244,229,11,0,310,269,179,205,197,338,247,325,382,153,216,2,201,284,329,331,434,318,446,390,262,245,239,416,227,178,168,244,259,257,303,299,184,323,151,221,554,289,323,397,236,368,381,298,349,121,243,171,287,241,240,330,153,178
AMWO031586-EPHI-622I-1,166,31,7,79,57,14,290,162,157,287,77,218,239,63,64,28,8,183,141,128,283,0,0,229,320,267,287,290,146,179,273,124,264,114,257,245,387,30,207,267,196,351,248,265,16,1,287,299,197,239,169,287,282,314,356,117,256,0,150,247,321,353,390,293,394,375,285,207,256,381,255,163,174,218,230,204,342,224,188,285,151,186,519,275,320,353,206,301,375,264,304,183,251,105,289,273,256,287,173,192
ORME040607-EPHI-622I-1,115,28,6,70,52,19,285,161,150,260,153,198,176,24,28,20,16,167,137,115,252,0,0,197,313,242,236,255,120,170,252,121,235,113,215,248,406,230,231,165,216,284,259,252,12,0,259,225,145,189,179,227,229,183,290,119,219,0,135,327,276,330,159,260,311,300,301,223,218,391,225,201,191,232,240,199,115,250,172,281,174,217,477,298,317,375,173,326,326,264,278,156,284,73,311,272,260,337,166,181
SOER052703-EPHI-622I-1,97,17,2,72,36,20,316,151,137,319,141,168,204,15,31,22,7,227,205,134,287,0,0,224,370,352,294,289,154,201,258,146,283,132,230,245,462,11,214,286,247,339,294,359,4,2,297,352,227,274,226,347,285,310,389,174,214,2,161,412,287,397,303,350,428,344,322,230,275,467,281,209,199,283,301,236,207,252,240,337,179,254,562,315,317,434,203,347,364,346,338,183,318,61,349,291,314,357,182,199
AMJI031208-EPHI-622I-1,125,39,15,64,70,18,323,180,161,281,91,182,267,85,79,45,10,207,143,151,267,0,0,219,306,291,294,283,146,144,278,140,246,117,277,235,384,48,191,262,190,342,280,215,24,0,246,278,193,236,181,240,276,281,337,114,219,2,187,288,306,370,405,280,379,356,259,220,233,371,204,160,181,218,223,205,291,225,185,285,137,171,556,275,316,335,209,308,402,249,283,185,270,113,263,262,267,281,153,194
ET-SL-1487-EPHI-622I-1,103,48,26,103,73,20,265,188,198,298,155,180,225,74,73,35,9,200,150,103,294,1,0,224,320,263,286,273,116,180,272,141,244,104,220,230,392,61,210,209,174,354,277,272,37,1,309,255,208,209,182,294,271,242,338,107,212,0,184,293,302,345,332,260,394,336,315,209,190,389,202,168,175,235,236,218,240,237,154,313,166,225,518,313,314,327,237,304,376,265,344,151,245,145,236,235,259,344,151,175
GAAB092532-EPHI-622I-1,62,2,0,21,34,2,184,65,184,195,98,115,46,0,20,8,2,163,112,102,233,0,0,197,238,230,194,184,90,124,180,100,163,55,161,209,312,12,167,134,145,283,183,183,4,1,204,207,121,121,123,209,153,164,301,84,179,5,71,273,203,304,135,220,259,249,257,145,206,285,209,171,130,165,212,150,68,186,162,200,116,213,408,224,312,330,130,246,206,252,222,147,271,216,202,232,205,231,132,123
GAAB092527-EPHI-622I-1,159,183,99,111,94,46,321,237,213,313,149,191,218,52,131,51,14,181,147,199,258,7,2,199,294,219,223,296,124,163,306,165,231,107,207,232,445,209,167,242,186,302,217,263,228,337,258,237,234,246,186,217,260,260,367,127,275,7,210,288,261,323,349,256,386,366,299,222,249,335,241,206,209,192,189,167,224,198,194,247,143,203,491,278,310,368,228,337,357,278,236,211,309,391,280,284,286,287,202,207
SOER052770-EPHI-622I-1,122,47,4,105,74,19,269,221,206,251,135,161,221,44,63,41,14,186,161,171,270,0,0,254,309,304,250,277,125,186,278,201,254,192,220,253,404,384,205,256,161,280,252,272,15,2,251,262,201,249,182,213,280,213,325,132,221,0,187,296,280,360,282,289,327,298,290,224,268,353,244,196,172,209,263,191,188,212,203,291,121,205,477,291,303,347,205,284,345,246,282,176,347,498,240,258,279,329,191,162
ET-MT-423-EPHI-622I-1,125,39,21,59,72,18,233,167,159,210,118,132,206,64,66,47,18,188,144,133,205,0,0,226,306,276,246,284,156,172,268,208,266,139,252,264,391,39,198,244,188,315,256,278,40,1,259,250,188,282,197,257,250,249,352,110,226,3,183,253,259,342,387,258,335,299,293,235,250,324,230,166,165,188,205,184,266,193,203,256,102,195,492,249,301,299,212,269,300,297,234,163,281,108,216,258,241,256,169,146
ET-LT-568-EPHI-622I-1,78,25,8,39,32,9,194,74,93,196,91,126,122,43,23,13,5,161,105,5,248,0,0,182,225,202,253,225,120,128,192,72,216,66,161,172,338,26,147,139,168,294,194,186,15,0,228,206,111,140,125,230,171,246,293,84,164,0,105,276,236,291,332,271,374,304,229,141,187,284,178,115,102,227,183,192,219,226,108,217,151,151,488,214,296,327,152,249,281,219,337,104,201,316,222,204,174,267,109,157
GAAB092562-EPHI-622I-1,97,160,68,48,66,8,271,108,3,219,137,144,76,0,36,0,5,161,110,0,227,13,0,222,311,253,207,244,119,164,273,132,230,87,187,237,358,1,158,123,178,300,211,234,204,310,319,185,142,150,153,227,229,166,296,129,199,4,119,296,218,333,169,243,337,236,319,179,216,316,225,203,160,189,209,168,96,180,162,231,162,182,434,245,294,340,163,265,270,238,247,166,261,212,266,245,223,286,159,132
ET-SL-1109-EPHI-622I-1,112,68,35,81,97,23,264,202,194,242,128,158,219,141,107,36,24,164,150,157,263,0,0,199,262,224,244,242,112,127,241,128,224,102,229,207,381,83,155,213,162,304,223,232,63,0,301,237,177,212,168,252,217,260,308,131,215,4,184,256,283,325,378,239,394,342,263,232,226,384,181,169,154,202,205,251,306,245,145,313,128,185,499,269,293,332,214,307,379,207,313,109,207,341,238,233,205,291,139,194
AMWO031511-EPHI-622I-1,119,15,4,55,26,14,258,107,93,239,85,145,173,16,15,20,6,180,130,99,256,1,0,227,322,286,251,320,126,169,271,133,229,117,259,224,398,9,154,214,180,284,208,236,5,1,245,266,179,201,190,240,267,232,339,146,246,9,164,333,277,368,356,297,398,339,325,198,263,377,243,156,188,206,254,198,194,215,198,280,135,184,530,284,291,338,218,294,345,275,238,217,320,382,293,249,275,273,149,172
GAAB092428-EPHI-622I-1,136,5,0,98,198,195,309,200,197,220,119,151,221,117,92,48,6,159,135,134,215,10,2,211,313,216,224,312,138,126,322,146,236,112,229,208,401,115,145,274,153,288,22,272,87,40,202,248,214,218,201,244,239,255,356,129,256,8,203,253,292,329,396,254,356,314,305,219,240,314,240,189,198,209,229,168,324,223,199,267,137,221,548,292,288,327,204,291,302,268,237,197,314,333,294,281,268,256,192,168
SNSE072140-EPHI-622I-1,89,31,11,55,39,10,221,121,112,209,93,142,186,50,43,18,17,156,99,86,213,0,0,193,276,212,216,270,124,130,237,128,192,107,205,227,372,68,166,208,174,250,198,213,46,1,225,218,177,169,159,199,205,218,354,112,218,4,136,261,272,316,412,264,364,296,296,171,238,324,251,171,175,173,215,169,264,214,184,241,123,189,510,202,286,349,200,285,235,284,224,199,323,43,265,266,260,289,152,176
GAAB092489-EPHI-622I-1,123,119,54,98,102,20,316,247,155,264,124,168,212,4,72,138,2,153,151,143,208,23,4,186,265,196,217,308,110,117,306,146,230,109,231,222,393,354,149,202,135,272,195,211,118,18,214,212,203,190,164,193,261,238,340,125,276,1,181,243,267,273,389,266,322,289,243,196,212,322,243,168,192,145,208,183,296,189,204,232,130,172,535,269,283,351,157,276,292,303,171,189,331,291,273,271,285,259,177,164
ET-SL-1200-EPHI-622I-1,118,53,38,70,94,19,218,148,182,252,126,136,218,109,83,30,15,148,117,142,250,0,0,193,297,231,223,213,113,153,219,111,225,91,199,192,358,91,183,196,151,290,206,204,64,1,250,203,142,196,178,244,227,233,302,93,178,7,143,216,199,281,340,238,339,278,236,172,190,294,167,150,134,184,191,193,231,218,149,255,134,177,435,267,277,317,185,279,323,234,286,130,236,248,221,249,217,249,122,153
GAAB092449-EPHI-622I-1,118,28,12,76,40,7,295,147,81,223,108,141,191,14,85,44,8,167,117,88,191,0,0,188,253,161,162,209,107,98,205,140,190,93,180,182,305,64,138,183,126,239,190,217,36,6,185,209,166,190,144,194,223,212,298,100,203,139,155,189,236,255,302,217,299,276,194,167,209,288,214,142,170,185,175,131,255,176,144,240,101,141,421,206,276,246,184,264,257,199,198,142,280,249,218,218,209,241,155,140
AMAN030908-EPHI-622I-1,46,7,4,17,18,2,128,40,39,121,43,101,81,19,11,9,3,150,76,30,189,0,0,153,168,200,201,176,109,136,132,62,142,34,127,136,239,70,120,122,130,224,141,129,12,3,177,180,78,75,101,173,104,195,278,85,154,4,45,201,199,221,314,202,295,274,218,116,169,210,199,120,88,163,178,113,232,236,110,118,110,137,427,188,276,278,116,187,159,206,207,133,209,24,276,200,155,196,80,151
AMAN030936-EPHI-622I-1,138,83,24,110,99,35,304,238,190,226,134,172,231,134,115,42,33,159,120,152,181,0,0,180,323,199,215,291,129,157,253,172,229,106,188,228,371,137,193,196,158,262,205,251,46,1,204,207,151,219,153,179,245,225,347,129,222,1,185,287,229,329,334,240,374,331,304,198,214,311,237,205,208,186,215,149,191,178,191,220,137,184,536,265,275,343,218,246,323,245,195,195,294,176,285,258,262,258,161,167
GAAB092475-EPHI-622I-1,69,107,37,22,37,9,193,48,22,164,55,138,61,0,27,0,3,143,62,3,225,4,0,169,206,174,203,218,103,103,165,64,154,45,151,161,288,70,142,188,129,277,174,181,12,2,16,172,104,136,134,232,173,217,270,100,187,4,82,195,266,284,388,223,296,281,270,123,193,277,212,110,108,161,189,161,313,202,133,176,118,165,508,205,272,281,132,248,204,214,178,162,244,89,266,221,156,219,135,164
SNSE072103-EPHI-622I-1,94,36,14,64,40,16,237,118,116,229,103,118,147,35,38,21,15,151,105,104,218,0,0,163,210,172,190,217,112,130,220,115,164,87,139,174,319,40,151,143,147,238,180,196,17,0,212,164,121,146,102,173,193,172,291,98,202,6,127,229,219,293,268,205,294,267,227,136,213,280,163,148,163,165,198,145,172,182,114,219,111,174,443,223,271,256,161,218,287,221,221,136,224,86,222,210,195,228,134,139
GAAB092516-EPHI-622I-1,97,38,7,44,8,0,255,76,72,198,127,136,117,11,46,16,0,158,114,48,216,2,0,218,270,210,197,215,107,133,236,138,192,112,179,201,320,364,191,191,148,254,203,234,1,0,236,209,146,165,145,206,204,204,294,115,207,4,98,276,217,303,183,226,309,266,280,157,215,362,228,187,133,170,204,148,110,221,158,214,142,201,452,249,270,329,150,273,284,247,241,159,267,35,250,244,226,238,123,169
ORME040693-EPHI-622I-1,110,63,25,93,87,23,249,181,177,229,129,136,178,115,80,27,14,151,121,146,215,0,0,179,284,192,227,251,111,121,234,118,225,91,171,192,379,83,152,179,183,284,195,213,52,0,227,188,164,186,150,213,221,204,298,98,190,2,146,228,221,295,299,240,333,303,253,195,218,325,221,161,160,190,212,178,208,192,158,240,146,190,461,232,261,278,204,250,307,205,241,129,225,136,261,201,219,238,126,171
GAAB092509-EPHI-622I-1,115,143,86,100,108,11,342,234,235,253,121,111,211,8,128,41,4,159,130,128,202,89,17,181,250,202,189,234,97,128,248,154,209,99,166,213,382,158,149,222,165,270,209,256,62,1,209,227,168,222,153,208,267,206,316,97,204,7,205,278,249,311,287,228,366,299,37,211,182,343,232,200,161,152,262,174,242,162,185,235,113,229,458,257,258,302,181,244,280,297,216,219,337,197,258,221,264,243,192,137
ET-LT-569-EPHI-622I-1,118,31,12,43,47,12,183,86,106,174,89,118,183,48,27,22,10,120,79,2,174,0,0,168,222,148,181,198,99,119,190,94,170,72,161,174,254,48,147,127,118,162,178,188,29,0,174,151,129,158,136,166,185,163,239,100,194,7,145,196,186,284,243,202,294,234,208,147,160,249,163,149,129,144,157,139,148,138,111,211,97,138,415,190,256,246,160,186,268,200,188,121,208,263,191,187,200,223,116,145
ORBA040330-EPHI-622I-1,118,76,24,87,73,19,246,188,200,195,111,105,191,129,97,36,24,133,117,167,182,0,0,162,266,219,201,242,112,137,233,138,202,93,172,195,301,58,166,208,145,220,164,201,247,259,220,201,145,164,148,187,220,185,288,91,177,7,164,243,220,271,266,182,330,264,236,203,207,281,188,171,176,182,176,147,184,161,160,238,125,176,439,213,255,290,177,249,301,198,212,148,267,419,162,196,261,231,125,166
ORAS040006-EPHI-622I-1,104,73,54,84,98,21,243,205,175,228,80,138,200,143,109,47,19,174,132,141,195,1,0,183,271,230,200,275,116,153,227,154,204,125,193,228,296,106,148,207,187,256,242,231,91,3,212,232,183,237,157,200,240,249,355,107,216,1,161,272,274,309,356,265,315,317,267,203,239,338,240,160,175,190,212,177,257,189,164,237,115,210,487,262,255,280,192,250,296,253,237,155,272,97,236,258,237,230,140,148
GAAB092438-EPHI-622I-1,105,56,18,84,48,15,248,147,187,206,92,127,167,3,85,34,7,149,93,55,190,1,0,140,237,160,150,208,89,114,175,139,169,95,173,186,298,304,133,176,101,258,183,185,44,2,176,180,151,200,146,158,230,169,295,116,175,10,134,193,211,232,305,217,290,247,207,160,187,247,171,137,152,151,205,133,243,165,165,187,94,132,391,196,253,279,192,222,248,204,185,156,246,143,215,210,204,192,140,171
AMAN030996-EPHI-622I-1,69,27,28,38,36,13,188,91,80,197,49,125,144,51,42,18,12,131,108,75,215,0,0,176,216,219,221,227,104,126,185,85,183,76,178,198,292,30,165,190,150,298,197,168,133,157,216,232,110,158,129,188,176,229,286,96,168,1,95,246,233,271,308,245,290,292,228,125,182,256,203,126,103,174,203,140,199,184,132,182,135,173,463,223,253,291,134,235,250,226,251,138,236,261,261,198,191,232,109,145
SOER052773-EPHI-622I-1,3,0,0,1,1,0,47,2,7,83,5,78,3,0,0,0,0,152,35,7,246,0,0,146,141,259,235,70,73,110,27,5,100,9,77,115,132,0,132,85,137,301,84,92,2,1,227,189,16,14,56,220,23,128,180,69,43,0,1,217,161,311,95,250,197,183,242,26,177,194,170,87,25,227,213,139,52,233,57,79,156,87,393,92,253,365,30,193,43,217,265,84,201,0,279,212,68,244,25,99
ET-SL-1411-EPHI-622I-1,82,23,4,61,43,19,206,117,133,224,117,116,155,20,50,17,5,159,110,79,194,0,0,172,262,238,202,193,99,110,204,118,195,89,166,175,300,16,144,147,171,250,199,200,12,1,234,187,139,145,132,202,192,175,240,85,171,3,135,234,233,248,192,199,263,224,226,137,174,291,143,140,122,170,192,153,131,201,128,235,130,149,350,207,252,279,153,222,265,207,249,98,194,344,207,196,180,212,127,127
ET-LT-582-EPHI-622I-1,87,17,14,53,44,12,198,114,86,198,84,106,150,54,30,25,4,155,111,89,192,0,1,143,228,184,169,182,93,128,178,125,189,76,162,178,306,37,156,151,141,245,175,175,18,0,204,195,137,135,147,198,179,218,274,88,156,0,125,205,211,263,258,244,279,254,196,142,188,265,152,155,117,162,199,146,213,172,101,233,110,145,362,215,249,248,152,203,266,173,229,103,160,64,187,171,194,239,104,124
AMJI031274-EPHI-622I-1,67,2,4,23,4,5,200,68,71,190,64,111,127,5,6,11,6,146,108,73,213,0,0,193,244,237,185,168,120,113,192,93,208,75,150,175,277,1,164,152,156,213,194,204,29,87,214,185,132,122,139,167,194,168,269,77,176,6,81,266,176,292,179,222,291,229,239,162,178,285,187,146,131,180,192,172,117,168,132,217,119,136,394,200,249,258,116,198,239,246,222,139,246,407,215,207,190,206,120,112
SOER052745-EPHI-622I-1,14,5,1,7,9,1,23,21,20,49,20,27,12,6,4,1,1,86,19,11,295,0,0,98,71,209,462,32,96,43,26,12,47,11,24,48,57,1,97,48,110,536,42,29,0,0,155,124,16,15,25,284,25,120,90,27,19,0,10,140,94,270,176,459,185,100,113,16,90,96,162,25,13,454,156,84,150,387,20,37,386,43,397,59,246,451,15,104,25,104,773,26,68,11,586,117,24,195,21,60
SNSE072127-EPHI-622I-1,92,45,23,52,48,16,206,109,104,199,101,119,170,66,43,19,8,153,99,82,189,0,0,159,220,193,192,188,103,117,210,116,165,82,167,174,292,76,155,166,158,223,186,182,41,1,206,190,126,181,142,183,185,183,274,90,181,0,105,212,223,274,273,216,312,279,270,158,207,282,203,131,138,151,215,141,184,172,151,215,101,156,445,216,245,273,178,235,254,246,235,151,264,104,214,195,224,235,133,133
ET-SL-1406-EPHI-622I-1,82,47,15,74,57,19,219,158,141,191,102,121,184,60,60,19,21,129,102,138,203,0,0,163,234,217,176,189,104,119,207,97,192,86,189,192,304,51,158,133,166,226,194,204,22,0,179,189,142,159,119,223,162,174,244,90,179,10,129,219,212,251,236,187,264,254,179,169,142,282,154,140,135,161,193,190,163,178,122,181,109,145,378,222,244,287,142,242,268,183,219,92,172,95,181,148,182,231,99,103
ORME040610-EPHI-622I-1,100,39,4,63,44,14,203,144,148,191,107,107,124,51,44,28,19,128,94,100,153,0,0,149,235,177,161,190,98,107,183,109,149,73,157,180,278,31,136,133,141,248,185,185,11,0,187,157,128,143,127,172,195,138,226,88,164,5,107,227,189,263,135,183,193,208,212,175,174,244,161,140,133,146,178,142,83,170,129,193,99,158,392,190,240,235,122,199,223,203,186,115,205,239,193,186,198,180,127,110
GAAB092517-EPHI-622I-1,123,2,0,42,67,11,244,102,72,156,95,108,73,1,34,6,1,133,97,11,167,4,0,186,237,177,183,211,90,113,195,115,195,82,136,150,325,118,130,129,127,231,174,214,26,115,196,207,153,171,140,157,181,149,247,95,189,1,112,245,184,272,127,186,258,248,242,151,198,294,200,162,134,146,199,144,83,178,157,177,121,179,361,217,238,286,140,217,219,224,191,144,252,190,222,202,196,246,120,134
ET-LT-799-EPHI-622I-1,134,43,18,63,64,15,242,154,118,234,112,118,186,87,60,18,22,145,107,116,203,0,0,160,242,202,199,212,99,127,215,119,192,95,194,182,283,69,144,145,141,251,181,201,31,0,205,176,161,161,132,191,208,201,270,88,161,1,127,246,222,277,256,194,308,252,221,165,169,279,175,145,144,159,190,159,175,183,146,235,105,157,410,223,237,264,165,232,270,189,210,106,212,106,199,232,222,204,137,144
ETMT526-EPHI-622I-1,18,1,1,7,5,2,68,23,34,97,24,61,39,0,4,3,1,118,53,24,158,0,0,152,185,214,246,123,79,100,107,37,131,29,108,106,151,5,138,117,122,299,114,112,0,0,208,172,74,62,81,168,67,219,193,59,61,0,35,183,179,221,235,223,261,193,157,88,140,149,146,76,55,165,191,137,170,189,83,122,114,98,340,108,236,276,89,228,137,139,301,62,120,24,201,155,92,193,49,104
GAAB092522-EPHI-622I-1,122,53,15,111,117,178,280,209,227,216,116,165,189,16,104,32,6,146,112,133,185,81,16,140,234,177,177,227,107,137,234,131,167,118,148,184,346,117,152,168,168,219,208,227,153,209,213,209,135,186,145,164,217,189,301,102,214,7,185,182,210,300,289,214,348,304,239,173,212,327,204,171,169,157,173,150,170,123,153,263,120,186,465,245,232,310,182,253,295,237,195,177,238,310,257,203,260,229,162,141
AMAN031003-EPHI-622I-1,81,11,3,71,99,105,229,153,166,203,53,129,83,2,84,31,3,123,91,45,148,1,0,141,218,181,167,216,111,114,210,101,164,82,172,166,273,276,146,170,140,220,175,200,84,24,189,198,140,214,127,162,201,211,257,82,158,3,145,199,205,231,287,218,261,228,228,137,181,236,166,132,121,155,149,165,224,141,134,213,114,129,415,216,231,239,149,196,264,217,182,139,216,131,178,214,187,226,112,108
ORAS040016-EPHI-622I-1,85,16,4,41,25,10,199,61,69,204,79,117,115,10,29,22,5,136,107,2,201,0,0,189,227,225,204,180,93,130,216,95,186,62,152,190,305,20,136,144,168,255,188,207,6,0,198,206,122,165,143,208,160,167,243,86,139,1,78,239,199,231,161,212,270,228,213,132,170,306,165,148,121,156,190,140,100,145,140,183,139,160,375,210,227,285,122,228,209,220,221,123,228,51,201,197,221,230,111,120
ET-LT-875-EPHI-622I-1,100,49,11,82,57,20,228,160,152,215,107,89,184,78,66,29,15,142,90,70,160,0,1,175,263,199,208,216,90,113,234,122,219,81,171,197,313,39,128,137,145,205,176,176,17,2,200,155,133,150,129,188,195,154,238,74,167,0,121,229,166,233,152,212,277,247,208,159,154,293,157,130,141,155,185,137,100,151,114,198,139,169,375,186,226,252,130,201,235,212,200,116,197,30,194,165,185,203,108,119
ORAS040026-EPHI-622I-1,106,53,12,78,54,19,220,162,162,192,84,139,185,90,77,27,10,165,112,85,194,0,0,160,295,197,224,224,115,125,212,117,184,109,191,180,319,42,160,174,167,217,195,194,20,1,195,200,169,170,152,184,223,149,255,91,185,1,158,231,218,261,302,199,288,276,222,172,194,281,186,156,166,157,191,149,194,174,143,215,102,163,479,211,225,281,198,224,300,234,245,122,236,65,198,198,203,204,117,135
SND1071820-EPHI-622I-1,103,66,51,87,95,33,189,181,152,183,78,124,199,112,92,28,17,133,92,126,172,0,0,166,256,200,175,211,97,114,215,129,162,89,178,189,281,96,116,168,122,225,196,188,63,2,200,193,141,155,130,159,196,164,253,96,170,1,133,216,223,238,262,218,269,252,213,164,174,268,161,124,139,155,141,123,205,155,146,193,96,128,427,198,225,262,158,195,259,189,190,107,220,180,205,183,182,187,142,117
AMAN030906-EPHI-622I-1,83,26,3,47,25,14,184,81,103,179,108,100,131,27,28,17,14,122,74,74,140,0,0,133,210,128,133,162,77,93,172,104,155,63,153,138,247,23,130,150,128,175,151,188,4,0,153,141,97,149,136,133,151,136,224,94,159,1,125,209,175,219,225,155,256,202,206,136,161,245,176,155,142,129,145,111,146,114,130,160,97,133,384,185,221,242,133,195,212,190,173,160,215,52,180,159,176,182,111,119
ET-SL-1496-EPHI-622I-1,64,16,12,33,42,8,177,93,97,200,82,119,127,42,39,19,5,140,96,84,186,0,0,136,214,206,181,166,94,100,169,69,159,80,145,137,332,11,157,136,151,205,171,176,11,1,202,172,135,110,106,194,143,155,245,100,135,0,96,218,157,228,229,194,252,211,198,129,150,255,125,118,126,173,160,167,125,177,113,206,108,122,331,189,219,234,120,206,222,196,261,91,160,88,172,149,197,217,104,110
ORME040627-EPHI-622I-1,75,62,48,65,71,14,176,129,128,161,72,91,165,87,84,24,13,107,78,103,136,0,0,122,204,158,130,156,70,84,149,94,158,60,122,122,241,102,99,126,101,183,162,131,73,1,143,136,102,146,112,152,157,151,206,95,109,0,106,155,167,183,208,161,258,186,156,111,133,213,121,108,118,131,136,115,134,127,98,170,102,119,340,141,218,223,100,188,209,174,184,89,178,160,171,148,148,196,77,95
AMJI031204-EPHI-622I-1,65,20,3,44,27,15,202,123,109,184,93,86,110,18,33,20,10,99,78,107,175,0,0,141,183,181,160,174,90,111,157,133,137,87,138,161,251,7,124,123,94,206,142,152,94,177,140,159,122,168,108,155,173,130,215,88,145,2,93,183,160,224,112,158,175,154,162,121,159,209,166,152,108,134,170,127,76,114,143,148,82,147,331,177,218,253,120,176,192,166,181,109,228,249,199,166,165,148,129,104
SNSE072147-EPHI-622I-1,107,57,29,63,66,16,238,172,154,177,114,90,196,118,76,38,28,133,105,89,167,0,0,172,235,174,188,204,107,118,222,165,180,79,179,170,351,153,119,184,132,227,189,200,80,1,192,164,154,176,131,163,227,186,269,85,188,9,166,228,200,254,304,199,296,238,252,149,191,271,173,173,154,167,180,137,194,155,165,195,102,192,424,206,214,286,156,255,265,240,162,161,272,135,205,221,227,203,132,148
AMWO031509-EPHI-622I-1,54,3,0,22,6,0,146,43,37,165,50,113,92,8,2,8,3,143,109,45,167,0,0,147,194,176,176,157,81,105,133,64,155,43,144,152,236,4,132,144,100,206,163,149,21,64,194,183,101,134,110,183,133,175,225,99,162,2,62,248,176,251,245,186,277,248,205,108,156,235,182,121,94,170,176,157,155,174,114,185,97,121,340,178,213,226,116,209,209,203,196,114,205,446,227,161,161,234,85,119
ORME040698-EPHI-622I-1,69,18,6,36,23,7,175,61,68,162,88,106,121,18,18,12,13,124,84,39,162,0,0,127,213,130,147,173,79,105,177,82,135,64,157,160,277,10,125,126,114,162,155,175,9,0,183,124,117,128,104,153,152,128,211,96,158,4,101,221,141,238,124,148,225,189,205,120,149,230,155,147,152,125,167,121,86,152,119,176,93,128,345,199,211,264,112,173,196,162,172,105,199,151,183,168,170,199,119,97
GAAB092540-EPHI-622I-1,99,14,2,74,83,10,235,167,187,195,88,122,131,3,55,24,5,111,101,122,177,0,1,161,219,154,164,193,92,110,191,107,158,88,131,176,284,94,124,139,136,211,151,198,16,2,178,144,128,158,132,148,180,136,230,94,211,6,133,206,183,239,161,175,244,238,213,137,146,272,154,147,139,138,157,127,105,151,156,188,100,147,340,214,210,241,132,173,209,173,171,125,212,19,205,194,209,180,128,137
AMWO031551-EPHI-622I-1,73,4,0,49,79,89,189,83,98,171,63,96,51,0,22,11,2,103,89,8,162,0,0,140,205,178,159,156,82,116,167,76,135,77,137,133,241,121,151,137,112,196,143,184,5,8,172,172,89,138,131,183,158,148,221,83,145,0,90,210,172,216,184,181,235,184,200,133,154,234,161,119,91,133,138,98,88,111,111,173,91,152,316,176,210,231,135,189,198,168,171,102,185,4,162,160,200,182,85,127
ET-SL-1456-EPHI-622I-1,63,15,2,33,24,11,165,95,95,192,100,107,120,12,12,14,10,151,106,85,188,0,0,124,225,190,189,147,81,125,210,92,198,70,156,175,274,163,129,129,172,248,191,147,13,11,172,160,118,118,138,184,159,157,223,85,157,1,85,213,200,230,167,173,236,221,188,143,148,257,154,127,119,150,155,147,95,166,116,218,92,132,337,174,210,248,134,206,227,169,205,84,170,438,167,169,166,202,95,101
ET-MT-467-EPHI-622I-1,76,51,27,60,89,18,183,150,122,156,54,94,143,104,89,36,21,126,85,18,186,0,0,144,221,211,162,183,93,131,205,110,184,89,181,153,288,108,111,168,132,206,176,175,46,0,178,164,148,187,120,170,209,174,251,87,176,5,139,175,206,211,255,181,241,241,211,152,188,230,155,137,131,124,170,123,192,147,141,203,102,154,411,181,208,220,171,199,236,166,161,133,223,151,175,166,191,150,122,119
ORAS040013-EPHI-622I-1,29,2,2,15,9,0,114,24,31,121,24,87,35,5,7,2,2,122,69,0,211,0,0,165,204,213,174,130,95,98,98,27,136,41,117,136,200,6,157,116,176,239,156,134,2,0,235,172,65,69,92,183,103,151,231,88,1,0,36,230,197,261,144,205,282,222,223,95,150,230,151,110,85,173,200,155,89,178,97,135,151,119,358,167,208,267,92,196,141,184,219,93,200,9,220,172,136,211,77,111
ORME040657-EPHI-622I-1,79,35,10,61,64,13,201,146,121,134,87,82,142,98,72,35,28,109,86,99,127,0,0,115,197,142,144,224,89,96,194,125,172,86,134,132,282,69,125,135,103,156,147,148,26,1,140,157,127,129,117,140,160,127,219,70,156,3,119,164,170,188,180,175,221,178,185,113,143,236,130,113,119,112,153,106,123,128,127,162,76,122,300,150,205,225,123,174,193,164,113,110,210,172,149,173,190,161,112,97
GAAB092429-EPHI-622I-1,59,44,10,54,18,2,195,84,65,147,95,106,124,10,31,30,0,108,83,52,146,0,0,128,184,119,119,183,75,72,147,99,130,61,145,152,224,17,81,134,86,172,131,174,25,16,167,158,91,160,81,146,126,145,254,76,139,5,93,162,162,226,254,153,265,191,202,133,153,208,167,118,121,123,145,107,189,108,131,145,90,123,358,192,205,243,116,181,212,183,118,138,238,206,142,169,197,160,109,111
GAAB092401-EPHI-622I-1,81,76,40,57,48,6,200,126,79,159,89,91,115,0,27,105,0,109,80,80,144,0,1,133,181,143,162,157,72,82,161,117,130,73,134,132,204,81,113,126,116,177,134,161,177,151,177,130,89,153,96,129,153,127,212,76,139,5,125,180,170,211,121,145,211,186,181,120,144,214,140,111,131,112,137,94,90,137,145,164,79,138,285,177,204,197,109,167,207,147,138,135,194,113,151,160,174,146,115,114
AMWO031622-EPHI-622I-1,47,14,4,25,8,2,120,58,58,142,50,92,106,10,11,9,2,96,78,46,152,0,0,133,172,176,155,144,82,100,151,74,158,68,152,145,228,61,139,117,118,182,163,134,13,8,170,159,114,126,115,168,136,133,161,72,117,0,105,170,169,198,163,182,207,189,171,124,156,220,128,99,100,143,126,156,116,125,85,170,97,116,322,155,204,197,107,157,205,151,159,93,147,392,159,149,147,207,89,89
AMJI031256-EPHI-622I-1,22,2,0,5,22,32,61,17,31,107,20,76,2,0,8,2,0,94,38,1,216,0,0,111,131,200,182,98,88,116,60,14,121,30,89,105,165,17,114,100,132,210,107,108,4,5,169,169,39,55,61,162,48,149,200,70,73,1,20,206,160,214,156,202,237,198,180,58,148,206,174,85,43,173,173,95,98,157,73,111,114,106,381,123,204,238,64,161,94,182,227,79,151,8,209,159,104,208,37,96
AMJI031316-EPHI-622I-1,105,64,25,66,47,10,226,150,118,169,103,103,187,101,66,32,18,123,91,117,154,0,0,198,249,178,173,205,97,130,184,129,189,111,153,173,236,48,141,180,147,199,185,213,168,181,171,180,123,192,130,148,191,164,276,87,184,7,156,235,174,256,252,181,309,225,244,165,192,244,201,185,147,123,184,114,181,124,165,189,108,119,405,199,201,244,151,218,250,215,171,162,221,339,199,200,202,197,152,135
ET-SL-1488-EPHI-622I-1,39,22,6,18,27,4,135,64,75,175,66,93,113,36,23,8,4,106,85,37,200,0,0,93,183,162,148,147,85,98,133,79,170,61,119,133,250,20,111,111,129,205,151,137,18,0,188,145,102,102,97,161,130,163,223,69,122,0,73,181,172,189,178,191,229,216,152,113,116,206,118,92,97,134,162,144,115,172,92,166,95,97,327,174,201,195,110,195,212,173,222,66,151,58,165,131,139,202,62,103
ORAS040007-EPHI-622I-1,35,9,6,24,22,3,126,48,59,135,48,76,75,10,13,10,6,134,79,47,208,0,0,138,181,155,148,151,75,118,117,62,146,53,122,127,235,10,126,120,116,199,146,146,6,0,199,161,108,110,102,168,127,124,193,80,91,0,61,222,184,225,155,194,223,216,186,112,131,200,141,98,89,137,147,124,92,147,92,166,111,96,306,151,200,222,98,190,161,146,195,103,138,48,148,147,167,190,74,111
AMJI031250-EPHI-622I-1,95,13,3,51,24,9,186,134,92,163,73,97,152,18,26,19,10,114,95,93,158,0,0,137,196,164,175,184,91,105,195,123,167,93,150,161,265,6,119,151,127,229,165,169,56,165,176,166,154,151,113,173,188,141,235,89,173,3,112,184,208,225,213,176,247,197,194,152,167,234,168,118,128,145,151,122,137,146,132,192,76,132,342,174,199,236,124,188,201,158,145,133,229,298,181,182,205,184,131,127
GAAB092518-EPHI-622I-1,104,138,99,93,81,24,210,187,67,177,104,116,134,0,95,2,4,127,91,4,168,17,0,143,181,152,155,200,94,104,203,149,159,105,154,165,271,261,110,150,124,207,171,192,115,15,168,167,128,186,122,139,164,171,223,100,176,2,0,202,194,227,226,197,263,225,194,147,161,220,184,138,152,145,153,136,140,111,154,183,77,148,389,175,198,239,134,182,204,206,170,112,203,235,184,182,169,195,134,129
ET-SL-1034-EPHI-622I-1,72,31,14,68,45,16,170,144,121,169,62,105,163,91,49,21,10,102,77,108,150,0,0,121,187,159,151,132,80,81,167,89,159,56,123,119,243,59,109,117,121,152,151,147,37,0,141,149,119,123,121,149,146,130,239,62,147,3,115,146,170,176,240,175,243,181,166,135,139,232,120,98,96,116,163,154,155,148,94,197,74,131,301,156,198,204,129,166,239,149,165,80,154,257,175,139,159,202,88,129
ET-SL-1459-EPHI-622I-1,82,30,7,59,46,16,200,113,147,199,106,99,167,58,62,22,6,123,114,120,193,0,0,129,172,158,171,171,100,101,153,90,176,85,142,138,274,31,123,137,130,184,142,164,11,1,176,152,133,134,132,187,161,145,239,86,145,0,122,216,187,193,193,179,244,227,197,131,143,276,144,114,105,136,185,148,126,171,121,189,94,138,320,198,193,226,131,187,256,155,214,89,142,437,177,148,205,211,93,114
AMJI031246-EPHI-622I-1,62,9,0,26,22,8,137,60,45,119,49,84,105,3,12,7,1,107,78,47,136,0,0,127,199,163,148,147,83,115,155,85,142,79,126,129,231,6,107,114,105,193,147,161,1,2,161,158,115,122,101,146,142,146,218,79,131,0,85,178,179,217,141,146,191,179,212,124,143,214,147,114,144,118,142,107,112,114,99,135,81,112,283,166,193,215,99,152,189,159,146,115,157,23,154,142,167,164,115,101
GAAB092450-EPHI-622I-1,61,19,4,16,75,78,153,65,64,137,58,86,75,0,31,24,1,92,52,43,148,0,0,133,159,119,160,163,70,110,153,85,128,69,142,144,209,28,109,110,88,182,138,129,60,63,137,129,121,113,101,125,131,142,191,65,123,2,68,116,173,184,245,131,206,187,180,106,137,177,151,106,99,105,104,106,197,115,110,128,73,97,323,156,191,198,80,163,183,141,140,98,228,185,154,171,139,143,74,119
ORBA040323-EPHI-622I-1,65,31,13,45,40,14,156,94,90,148,78,78,115,43,44,24,13,101,92,70,150,0,0,156,179,165,170,176,96,99,187,116,142,84,149,163,232,57,130,136,113,178,122,170,52,0,146,171,113,126,101,135,154,119,249,71,126,0,111,161,171,201,17,179,256,216,199,150,168,244,145,116,106,130,140,117,184,142,121,194,69,120,341,156,190,206,143,164,198,180,162,124,219,73,158,174,177,168,117,129
ORME040663-EPHI-622I-1,53,4,1,26,14,6,137,50,56,125,51,71,73,6,12,3,11,95,71,45,123,0,0,73,137,108,110,105,55,68,101,45,112,53,77,99,193,4,90,65,85,137,98,123,3,0,104,122,79,78,80,142,128,86,136,72,118,2,63,149,109,175,62,117,124,120,133,74,106,182,113,97,84,120,114,84,43,104,85,138,98,91,214,119,190,166,83,129,156,132,158,86,137,164,148,106,117,141,81,81
SND1071808-EPHI-622I-1,53,22,5,24,26,6,119,60,57,131,37,78,83,20,25,8,4,108,70,49,125,0,0,153,167,122,138,137,65,88,115,56,130,49,126,113,195,22,106,146,103,193,149,139,8,0,156,133,80,95,78,151,125,141,203,76,98,1,63,175,168,188,224,160,235,199,174,97,148,189,149,91,84,106,128,100,156,143,100,146,84,108,327,152,189,220,99,164,160,174,167,81,171,56,177,153,111,158,83,106
AMJI031292-EPHI-622I-1,10,1,0,0,0,0,40,3,10,61,4,50,0,1,1,0,0,120,28,10,232,0,0,108,102,195,222,50,80,70,16,4,78,4,44,70,63,0,125,77,93,319,50,50,4,10,167,158,13,13,38,251,27,141,138,33,34,0,10,162,125,216,111,231,197,130,141,22,117,122,147,28,18,204,149,135,94,221,35,48,170,57,304,50,189,306,28,153,38,125,316,41,94,510,247,117,39,191,9,79
ET-SL-1458-EPHI-622I-1,67,20,7,73,39,9,191,125,112,171,84,104,152,36,42,21,9,137,85,112,179,0,0,157,200,180,166,169,66,104,182,106,182,69,131,155,240,27,111,125,104,218,170,172,5,0,185,157,118,140,132,189,134,157,213,88,136,0,105,185,192,239,195,166,260,203,201,121,147,254,142,101,110,141,154,139,119,141,99,192,109,119,296,162,188,217,124,171,243,151,222,94,139,441,154,130,170,209,85,121
ET-SL-1495-EPHI-622I-1,41,8,2,30,23,3,152,54,51,138,63,88,100,14,13,9,5,88,82,59,173,0,0,120,184,165,168,134,75,85,139,60,153,52,123,113,208,6,114,104,127,200,142,141,3,0,153,131,83,95,106,160,94,136,221,65,101,1,70,177,149,198,166,160,194,201,155,113,119,216,115,103,100,121,125,121,99,163,72,170,83,103,263,166,188,210,98,166,191,155,217,64,133,33,128,130,137,166,62,91
ETMT550-EPHI-622I-1,7,0,0,1,2,0,25,3,9,40,3,41,6,1,1,0,0,67,26,0,171,0,0,78,86,127,270,48,80,60,21,5,49,6,35,50,54,0,84,70,128,297,44,31,1,0,126,101,16,19,26,180,17,181,120,25,33,0,3,109,120,189,344,339,207,149,120,9,119,76,138,25,12,203,102,72,380,180,23,42,148,53,407,40,186,218,38,128,31,115,378,43,99,6,259,80,34,144,12,98
AMWO031539-EPHI-622I-1,82,44,19,62,55,30,201,140,128,161,58,102,165,66,66,31,9,122,93,108,172,0,0,147,202,179,148,184,92,97,165,97,151,80,131,143,291,30,122,145,117,174,176,163,22,1,170,166,132,151,98,153,189,179,199,80,142,5,117,210,171,190,248,177,222,215,182,141,136,260,156,101,121,140,150,100,208,133,109,142,71,145,338,167,185,225,134,194,218,189,134,112,175,251,151,172,168,187,104,119
ORAS040020-EPHI-622I-1,60,4,3,38,18,5,141,79,46,176,64,66,94,5,13,11,5,100,82,62,147,0,0,127,165,165,135,143,70,85,138,57,125,62,145,127,197,8,126,117,111,189,155,123,5,0,168,161,88,108,94,116,137,146,196,76,124,1,77,188,156,187,158,163,196,166,164,101,149,182,133,102,80,105,124,108,103,121,103,145,76,120,286,157,184,208,98,147,182,159,178,87,177,207,159,119,131,153,92,95
SNSE072117-EPHI-622I-1,47,34,10,32,42,4,126,73,51,116,48,85,83,37,40,11,11,95,56,35,131,0,0,101,161,119,124,124,78,96,100,46,116,27,97,118,171,47,89,86,102,174,118,100,32,0,140,104,78,72,63,131,116,114,191,56,120,0,73,151,149,177,183,195,235,205,157,109,122,169,139,78,79,120,143,70,132,130,69,101,81,90,283,122,183,198,96,143,129,158,148,83,145,78,185,124,120,160,61,81
AMAN030913-EPHI-622I-1,114,42,15,72,59,12,198,126,140,150,81,110,156,69,62,18,17,100,82,99,148,0,0,128,199,139,139,154,100,97,190,115,147,63,124,136,246,30,115,137,103,203,137,167,141,199,148,173,131,136,110,141,157,156,238,89,179,0,122,190,161,217,243,185,267,213,180,126,132,241,179,116,122,118,149,118,132,126,130,169,105,96,338,169,182,209,140,178,229,192,173,115,182,94,186,156,175,148,116,123
GAAB092538-EPHI-622I-1,99,45,12,66,57,13,199,147,91,196,125,110,111,12,75,17,14,124,109,111,174,0,0,117,189,154,150,174,92,103,174,103,122,74,144,146,252,69,113,121,124,176,167,167,58,53,141,135,108,154,116,139,200,139,228,71,178,5,150,226,185,234,187,170,231,211,69,148,139,249,135,129,131,140,154,113,117,136,105,168,110,135,350,160,182,222,119,178,187,158,185,126,171,49,184,169,177,175,116,116
GAAB092541-EPHI-622I-1,82,70,22,77,46,3,181,104,119,139,103,89,107,3,43,20,3,102,77,56,135,42,10,139,231,96,138,173,84,57,195,92,158,67,124,152,249,77,112,96,100,179,145,187,21,1,149,120,94,122,117,111,152,137,188,83,152,5,116,180,157,221,159,161,227,201,18,152,125,237,131,136,130,142,133,110,75,110,111,155,98,128,301,146,180,178,138,174,202,144,154,116,192,32,158,183,164,202,107,132
ET-MT-470-EPHI-622I-1,71,25,6,32,34,9,184,82,83,131,51,85,120,27,37,23,7,99,70,67,137,0,0,136,199,153,144,190,89,112,205,89,148,96,144,160,255,34,112,145,114,199,149,172,11,0,168,180,130,171,105,158,173,175,214,83,157,2,106,179,157,199,213,160,223,197,183,129,143,206,152,103,99,124,149,98,141,137,110,138,92,131,300,154,180,195,122,147,215,169,144,135,201,46,148,169,148,160,96,114
AMAN031002-EPHI-622I-1,67,23,20,29,41,12,158,71,66,147,49,101,109,41,21,17,3,116,83,53,170,0,0,111,182,161,162,142,83,104,140,45,151,42,145,142,208,17,120,147,113,208,161,137,81,108,170,157,97,121,108,141,124,180,203,63,129,3,65,157,185,172,236,180,247,217,196,111,136,215,122,108,76,137,155,144,191,149,98,132,109,115,362,178,180,206,109,171,203,141,173,98,142,401,171,149,147,186,85,104
ET-SL-1319-EPHI-622I-1,109,62,32,60,50,24,181,94,110,134,60,138,103,80,85,38,19,92,110,110,133,0,0,77,141,88,108,167,49,48,129,76,110,63,109,102,203,70,109,122,76,138,136,110,34,0,113,128,107,101,94,129,134,116,163,71,158,0,99,123,148,190,181,143,133,184,142,133,173,204,134,84,99,106,144,89,131,135,116,155,92,118,337,165,179,198,125,157,199,114,122,93,124,86,171,159,154,178,99,106
ET-LT-854-EPHI-622I-1,94,54,23,76,66,9,181,136,132,134,65,75,140,88,62,23,19,103,62,96,128,0,0,135,166,135,128,148,76,78,154,90,120,74,117,134,224,60,111,105,100,156,105,130,18,0,147,117,106,98,111,119,140,100,182,56,122,0,117,168,154,191,154,162,209,210,152,109,158,208,144,128,121,114,127,107,88,123,99,166,89,95,285,162,179,178,107,161,221,149,140,92,143,122,142,153,153,174,75,103
AMJI031279-EPHI-622I-1,59,25,10,41,38,13,141,103,87,143,44,80,129,51,32,21,7,87,87,93,160,0,0,124,191,155,137,160,65,99,162,95,129,62,123,104,214,27,99,141,80,187,131,141,8,0,168,153,105,155,104,175,140,157,201,61,98,0,104,154,149,188,183,170,197,194,150,100,148,251,131,95,92,98,163,114,163,127,104,157,99,90,281,164,178,195,130,162,200,155,168,88,123,36,150,142,148,146,85,67
ET-LT-991-EPHI-622I-1,72,32,19,66,34,14,161,91,109,203,72,104,154,44,53,18,10,106,93,51,182,0,0,119,214,174,187,159,88,105,170,94,143,68,157,120,228,35,122,130,115,198,159,140,16,0,167,148,105,114,93,155,147,158,219,75,135,0,110,168,168,197,195,174,217,192,184,120,146,233,136,98,111,117,159,129,143,153,100,175,104,124,315,157,175,201,118,188,209,175,201,79,161,29,172,157,156,187,77,121
AMAN030997-EPHI-622I-1,73,26,11,54,26,14,178,96,87,141,43,81,139,37,31,25,6,111,79,76,147,0,0,113,167,164,139,185,85,99,159,101,150,88,131,159,237,174,91,123,95,167,159,167,26,17,169,154,116,137,92,146,161,138,198,85,152,5,104,189,194,219,179,166,210,167,175,119,182,210,154,112,112,108,128,94,124,116,117,168,87,130,311,180,173,196,104,157,178,197,146,109,192,59,182,152,176,136,108,98
ET-SL-1457-EPHI-622I-1,19,5,0,10,11,1,89,18,32,90,45,75,35,5,6,1,2,106,53,24,140,0,0,100,140,152,106,83,56,88,54,35,76,17,78,97,157,72,104,60,91,140,89,76,0,5,133,107,47,46,72,128,77,86,155,44,71,1,18,168,111,187,53,139,152,144,131,59,124,169,121,78,50,113,115,99,39,139,63,101,85,64,228,93,173,175,53,130,95,123,177,50,114,223,153,128,70,155,36,74
GAAB092492-EPHI-622I-1,82,88,35,78,77,47,140,120,71,120,61,90,104,0,63,26,21,76,59,71,119,13,0,90,137,96,119,132,56,54,125,82,96,49,117,104,194,72,94,97,73,138,116,112,96,66,135,116,97,111,72,84,144,101,166,58,119,0,117,140,113,155,180,119,164,189,134,98,124,182,129,110,113,103,107,80,101,86,82,121,75,79,274,122,170,127,98,126,188,139,112,101,145,158,139,130,144,137,97,90
ET-LT-702-EPHI-622I-1,57,10,6,40,40,10,137,82,77,158,80,77,117,42,32,11,5,111,63,22,126,0,0,123,150,174,159,147,62,89,131,79,157,63,120,145,237,21,98,95,99,162,131,130,11,0,126,142,97,114,92,202,133,122,179,71,106,0,88,168,150,186,153,148,208,186,152,115,117,178,112,95,81,110,105,120,108,143,90,137,82,101,255,127,170,173,117,176,171,134,177,68,124,17,134,136,160,155,65,87
GAAB092462-EPHI-622I-1,91,76,43,26,39,8,185,66,10,124,55,95,71,1,38,0,1,100,55,3,135,7,0,126,162,107,125,145,63,64,166,87,126,70,111,122,220,27,95,117,92,149,143,124,7,1,164,129,104,126,88,110,146,128,198,69,122,6,92,142,129,208,218,150,222,215,172,112,124,183,163,110,105,109,125,105,157,93,111,124,73,123,341,180,168,209,94,173,163,159,109,118,167,96,139,154,150,139,76,119
GAAB092402-EPHI-622I-1,73,38,3,39,8,2,163,88,19,125,92,72,56,0,4,54,0,95,76,28,129,0,0,140,169,116,99,156,81,88,137,95,126,77,121,127,227,60,117,124,68,149,120,147,80,120,177,143,87,107,88,123,129,149,193,50,132,4,86,175,140,177,94,143,170,173,159,101,142,195,131,100,100,106,144,91,77,116,140,140,93,128,282,152,165,199,116,160,170,178,140,120,183,65,138,166,155,150,107,87
AMWO031527-EPHI-622I-1,39,2,0,9,9,2,123,35,34,102,47,57,62,3,1,4,2,92,49,16,134,0,0,92,145,135,133,121,62,68,90,35,108,41,79,100,175,44,100,85,92,177,104,108,0,2,140,144,79,70,80,120,101,102,160,58,104,4,42,176,126,175,81,100,124,143,120,84,113,154,124,101,77,110,151,96,49,112,89,116,71,81,230,119,165,170,59,144,133,158,132,75,150,3,133,120,121,155,80,79
SNSE072108-EPHI-622I-1,61,16,6,31,17,4,136,51,43,117,45,82,95,20,7,10,6,78,49,53,103,0,0,91,138,98,102,108,55,82,106,47,108,45,86,98,188,25,87,83,81,117,121,139,12,0,107,115,61,95,65,107,116,122,161,66,97,2,65,142,134,165,144,126,162,165,162,84,119,163,97,97,65,110,117,80,94,109,77,131,62,95,246,117,162,158,104,139,159,117,110,76,151,37,140,94,111,152,85,90
ET-SL-1233-EPHI-622I-1,51,32,29,69,57,17,145,107,125,158,70,100,124,73,59,26,13,104,74,88,161,0,0,102,151,134,145,163,58,91,142,90,145,76,116,126,221,19,96,104,87,168,114,129,29,0,148,121,84,115,80,150,149,133,168,49,126,2,110,121,153,167,211,165,221,186,144,114,120,217,85,95,80,123,136,99,168,113,96,165,66,102,305,148,162,183,103,157,193,150,151,71,140,133,120,129,147,173,72,100
ETMT537-EPHI-622I-1,8,0,0,8,2,0,32,7,6,47,6,37,10,0,6,1,1,50,17,14,176,0,0,75,72,150,195,30,53,51,16,11,44,13,30,61,75,0,92,40,78,271,26,27,1,0,109,93,17,14,31,162,19,91,69,39,26,0,8,91,104,154,119,234,140,122,79,12,66,85,88,19,16,192,108,85,96,180,9,53,156,62,263,37,160,205,27,118,21,96,355,17,57,7,196,88,26,139,13,52
ET-LT-771-EPHI-622I-1,56,24,15,54,37,5,102,71,96,134,52,67,100,50,40,9,9,76,64,65,122,0,0,108,155,130,113,141,60,71,108,66,130,48,105,96,183,42,96,74,98,126,110,87,21,3,98,109,74,96,64,112,114,115,140,43,99,1,78,114,117,164,120,140,156,162,109,97,71,171,103,83,61,92,100,102,75,103,85,141,81,102,235,136,157,157,101,129,160,107,127,67,94,86,112,113,128,140,73,75
GAAB092454-EPHI-622I-1,68,56,28,58,34,5,140,112,105,118,57,85,85,32,63,23,2,83,55,57,119,1,0,113,179,102,113,154,69,79,132,85,97,56,102,106,223,228,87,125,67,126,116,119,5,0,121,119,105,110,85,113,124,138,194,70,116,1,91,120,134,141,180,120,183,164,135,123,120,178,133,83,94,105,95,93,135,99,88,137,79,101,274,109,156,175,96,149,154,119,95,113,163,129,123,136,136,108,94,90
ET-SL-1471-EPHI-622I-1,54,21,17,62,54,7,167,106,87,138,71,74,106,64,37,20,14,87,72,57,125,0,0,104,177,122,122,137,64,80,141,83,110,57,124,119,203,45,94,90,106,132,119,132,30,1,135,102,91,103,75,124,122,124,163,62,108,0,91,132,122,149,174,112,169,146,143,96,102,162,105,93,74,108,132,107,114,121,92,154,75,96,270,136,156,197,119,156,174,135,119,79,140,88,142,124,142,156,68,93
SOER052710-EPHI-622I-1,29,4,1,11,10,5,109,32,29,90,42,61,79,8,11,8,2,73,49,38,89,0,0,116,142,137,104,131,52,64,115,72,104,49,91,124,138,3,78,88,91,124,91,98,2,0,99,102,68,87,61,85,100,91,167,51,105,1,67,117,109,143,137,118,140,130,137,73,91,155,107,81,68,86,102,102,79,93,89,107,46,77,234,123,155,154,91,125,143,116,113,69,138,13,105,112,101,118,79,71
ET-SL-1480-EPHI-622I-1,40,31,23,41,41,8,97,101,95,113,43,74,112,53,50,17,9,64,52,58,119,0,0,81,126,114,103,102,52,68,99,74,113,48,80,102,179,57,91,80,65,129,98,91,33,0,101,102,87,79,80,96,102,121,158,48,76,0,70,95,137,156,179,117,159,174,105,100,87,158,79,77,63,107,112,89,133,93,67,129,61,83,220,123,154,135,82,146,164,111,138,48,98,77,97,91,107,110,48,52
GAAB092533-EPHI-622I-1,27,12,4,9,74,51,81,18,6,75,39,65,15,0,7,0,1,72,38,0,101,6,0,63,96,109,79,68,48,69,72,28,59,20,69,71,127,43,85,77,88,100,76,85,17,29,91,87,48,57,45,112,59,92,112,52,64,1,33,115,82,146,55,94,130,111,107,65,98,131,101,72,60,90,102,56,34,94,74,77,87,82,199,105,154,159,53,121,102,107,126,73,110,139,118,95,98,123,38,53
AMWO031579-EPHI-622I-1,1,0,0,0,1,0,18,1,0,28,0,43,0,0,0,0,0,87,18,2,148,0,0,77,78,177,173,23,61,62,8,1,46,1,30,51,56,0,96,42,88,227,38,24,0,0,131,133,7,6,24,171,10,73,106,29,11,0,0,115,110,175,68,174,121,95,118,6,100,75,130,32,7,163,104,86,55,144,23,37,100,42,206,40,154,211,20,86,15,122,180,26,84,0,199,122,31,147,8,53
GAAB092521-EPHI-622I-1,78,53,31,51,19,8,153,108,39,130,75,87,123,0,12,70,0,77,58,48,110,0,0,81,160,106,118,129,68,71,149,91,116,68,127,139,199,191,77,95,90,141,99,141,32,6,108,112,89,130,76,105,152,114,175,62,110,3,106,140,112,161,176,123,195,148,173,97,120,202,124,97,111,102,104,85,96,99,93,142,75,103,297,147,153,191,99,136,179,133,135,99,155,213,155,137,130,139,84,85
ET-LT-719-EPHI-622I-1,90,36,17,58,35,9,158,76,80,125,71,97,101,54,45,25,11,86,73,66,124,0,0,97,151,135,102,128,65,66,124,85,119,51,98,118,180,47,85,91,103,117,105,119,33,1,101,113,89,112,96,129,113,116,177,69,93,1,100,155,114,155,158,144,178,180,132,118,96,204,114,75,86,99,104,95,118,123,80,140,74,93,265,121,152,175,128,142,181,144,139,78,109,50,118,143,111,130,73,108
AMAN030976-EPHI-622I-1,57,12,4,22,14,3,116,59,43,111,60,55,86,13,19,12,4,63,67,40,102,0,0,116,124,79,97,137,57,67,125,63,98,54,108,99,196,13,85,108,67,139,113,114,47,87,122,128,85,113,73,102,105,97,154,50,98,1,70,139,116,151,140,118,169,142,125,93,121,187,112,91,77,67,126,68,79,97,102,120,60,101,218,127,151,170,91,133,146,128,106,94,180,177,111,143,161,137,104,112
AMJI031217-EPHI-622I-1,48,8,0,27,21,8,148,62,57,162,47,70,98,12,14,10,7,91,59,55,143,0,0,122,134,158,128,111,74,85,114,66,124,57,121,94,219,12,110,117,99,170,157,125,1,0,141,107,86,101,68,142,124,119,191,61,88,1,74,163,141,148,126,127,166,122,149,104,130,198,108,94,79,96,119,113,93,110,88,138,87,104,237,143,151,166,87,146,154,140,169,71,120,41,122,130,118,147,57,83
ORME040625-EPHI-622I-1,82,37,27,59,47,12,137,115,90,113,55,71,103,119,86,19,18,60,57,69,124,0,0,86,117,100,107,125,65,51,122,72,105,53,91,114,166,76,99,91,90,117,100,101,54,2,122,94,83,98,86,85,128,109,141,41,108,0,91,108,128,159,175,134,169,175,106,105,106,182,106,94,93,97,105,85,128,92,96,124,66,86,252,126,148,129,74,126,143,107,130,78,122,101,113,113,131,121,56,99
SNSE072142-EPHI-622I-1,29,13,11,20,16,3,90,34,53,89,32,66,52,19,14,7,7,89,44,30,138,0,0,99,113,101,138,97,66,71,78,36,85,24,72,96,126,37,63,80,76,132,75,79,6,0,96,95,52,42,46,115,83,128,167,42,95,2,44,135,115,148,211,155,209,150,132,62,99,159,115,55,49,103,118,71,143,112,57,80,102,79,294,102,148,179,55,123,103,125,171,53,113,50,153,98,80,130,50,74
GAAB092441-EPHI-622I-1,50,34,21,25,18,4,152,60,61,104,66,86,96,0,24,22,4,74,69,51,97,19,3,105,171,113,117,160,68,63,148,74,99,68,104,117,203,42,117,111,79,135,133,120,12,1,134,122,86,109,88,107,117,119,190,63,109,4,82,116,148,170,208,139,191,165,18,100,118,152,113,97,77,90,124,84,144,109,92,114,53,101,259,130,147,171,93,133,143,128,116,77,150,164,148,126,133,138,87,90
AMJI031295-EPHI-622I-1,8,3,0,1,2,1,51,6,13,51,9,34,15,2,1,2,0,62,24,25,134,0,0,69,89,144,135,69,62,52,42,10,58,14,39,60,88,21,65,82,65,159,53,54,0,1,88,114,23,31,37,109,41,106,129,41,30,1,14,115,97,147,198,175,168,156,102,32,93,105,97,42,32,151,105,68,152,127,35,58,92,77,281,73,147,187,42,113,47,111,168,45,118,8,173,114,45,131,32,94
AMWO031532-EPHI-622I-1,67,16,3,39,24,7,114,72,69,135,39,69,79,24,28,24,3,86,54,70,131,0,0,77,139,113,113,119,64,63,134,69,90,58,123,107,171,9,77,101,78,159,128,112,4,0,119,103,68,108,74,112,103,122,168,58,106,3,71,108,116,140,177,124,141,144,116,99,99,190,97,77,71,98,115,80,123,101,98,146,67,75,246,126,146,143,72,114,162,119,122,68,121,171,117,114,122,134,80,88
AMWO031567-EPHI-622I-1,29,0,0,6,2,2,90,14,26,86,25,54,28,1,0,0,4,92,49,29,145,0,0,104,120,142,105,71,55,67,74,19,95,24,84,121,149,1,98,95,101,150,89,120,0,0,161,114,51,53,64,135,70,84,147,46,69,0,21,152,116,163,55,118,151,134,134,70,136,160,113,89,55,100,116,87,45,101,57,95,90,80,208,104,146,177,52,108,80,134,132,67,135,2,144,138,113,126,43,65
GAAB092494-EPHI-622I-1,58,52,10,25,18,6,128,82,69,129,45,81,88,22,22,17,2,92,76,75,130,2,1,110,144,124,120,122,67,77,142,66,114,52,97,115,166,59,84,105,88,144,120,127,44,82,118,118,89,83,87,93,113,133,165,51,123,5,78,137,125,160,161,126,193,160,140,98,112,176,109,94,78,104,101,80,115,86,105,126,82,82,295,142,144,158,93,147,152,129,128,88,130,193,133,130,114,135,57,74
ET-LT-624-EPHI-622I-1,55,14,6,24,28,5,118,60,62,136,48,81,90,16,21,15,6,81,64,19,113,0,0,103,169,119,129,128,51,74,118,56,120,44,108,99,196,5,88,74,93,137,93,101,4,0,136,116,90,70,72,147,112,111,152,62,90,0,65,138,137,155,121,122,183,135,136,94,89,171,100,92,103,115,117,103,80,119,73,108,71,105,245,133,144,180,86,158,138,136,143,58,128,16,118,110,104,146,63,95
ET-LT-935-EPHI-622I-1,53,11,6,35,18,9,124,59,57,115,53,70,104,42,25,14,9,71,56,39,139,0,0,136,169,148,164,154,73,84,131,75,158,47,114,141,210,37,114,90,100,126,123,134,22,0,165,147,72,96,86,139,93,142,176,72,100,1,65,158,143,160,161,129,229,183,123,106,125,184,98,93,78,95,116,85,92,111,69,124,95,100,261,121,144,180,88,169,141,145,175,67,114,63,141,110,118,157,62,90
SNSE072130-EPHI-622I-1,47,21,13,15,25,4,103,64,41,105,54,68,85,25,21,9,4,81,45,38,107,1,0,84,109,112,72,110,59,73,91,53,87,45,100,80,150,29,82,96,82,125,93,102,26,1,130,100,71,81,64,97,109,86,109,39,75,1,63,122,118,137,180,105,159,140,141,91,121,148,118,67,76,79,109,72,95,88,56,103,70,81,242,116,143,156,91,128,113,118,101,62,121,56,138,98,117,104,60,78
ORBA040324-EPHI-622I-1,59,20,11,40,27,10,122,74,60,103,61,80,102,35,24,7,6,89,66,62,128,0,0,94,152,104,114,114,55,70,125,76,97,45,94,104,181,41,98,85,79,131,117,112,28,0,127,113,81,91,89,94,112,108,150,54,109,1,65,118,125,151,13,121,168,140,114,101,89,164,104,93,73,108,118,90,104,107,86,144,73,103,254,101,142,147,84,144,146,114,114,75,115,55,141,113,92,141,46,73
ET-LT-745-EPHI-622I-1,49,13,6,29,17,9,113,55,47,90,55,65,88,22,16,15,5,68,59,22,93,0,0,101,115,104,118,126,61,81,95,68,122,53,88,100,154,12,89,85,78,139,99,106,7,0,112,97,75,94,77,113,108,103,127,55,88,0,66,127,135,160,129,126,177,150,117,77,93,145,82,81,65,94,113,81,88,99,67,113,64,72,203,116,141,147,63,133,126,118,110,60,76,8,112,80,111,107,51,73
ORAS040021-EPHI-622I-1,51,8,0,18,15,5,83,53,36,101,36,64,89,18,16,5,3,89,62,41,114,1,0,102,138,135,144,111,71,88,110,68,118,49,96,105,178,10,94,92,96,144,131,86,5,0,138,129,85,77,58,116,101,108,152,68,90,1,57,144,108,152,142,133,174,130,125,99,105,175,108,86,67,135,95,98,71,119,68,129,73,102,231,122,140,151,77,121,134,123,120,65,109,37,152,114,108,147,65,77
ETMT560-EPHI-622I-1,26,11,3,18,17,4,89,34,42,92,36,54,52,14,15,2,6,91,58,55,129,0,0,119,137,135,125,126,65,71,85,46,117,44,94,89,157,13,91,118,112,163,128,93,6,0,131,131,80,71,67,133,93,135,173,51,75,0,48,139,125,148,168,138,171,167,118,91,98,158,108,78,63,105,113,81,112,120,70,126,61,103,236,107,140,152,77,116,134,132,133,69,117,48,105,93,86,144,38,76
AMAN030907-EPHI-622I-1,25,2,1,12,34,25,81,25,40,118,37,78,18,0,3,1,1,82,47,2,122,0,0,106,110,121,125,148,72,60,95,53,102,39,94,125,188,9,89,116,82,162,115,146,2,0,131,133,67,73,72,115,82,118,197,65,93,0,46,166,140,181,192,130,208,160,198,93,127,167,107,118,65,114,136,87,141,112,93,100,83,107,307,142,139,186,81,159,141,148,156,114,191,13,148,140,121,153,79,104
AMJI031308-EPHI-622I-1,52,25,21,33,31,8,138,78,54,113,41,60,109,47,27,14,4,76,60,64,124,0,0,102,109,107,117,133,68,91,106,89,99,65,111,106,178,29,92,149,86,137,141,108,60,79,123,131,82,113,81,108,122,112,149,59,103,4,75,130,143,146,162,126,175,144,132,106,111,137,115,89,68,104,117,98,152,98,117,115,56,98,251,137,137,172,109,140,180,132,107,86,163,201,101,123,118,135,74,84
SNSE072120-EPHI-622I-1,35,10,6,21,22,9,86,37,46,88,31,66,66,8,15,4,8,75,45,27,85,0,0,74,122,103,109,91,54,61,100,51,85,33,93,100,154,15,75,84,71,123,76,95,9,1,87,92,58,78,64,104,73,90,134,54,85,0,41,117,112,162,135,115,156,135,130,64,87,143,120,67,70,80,78,73,89,83,55,101,80,81,271,102,137,152,74,118,99,123,121,87,128,40,142,111,109,129,50,78
GAAB092405-EPHI-622I-1,71,2,0,26,38,11,136,97,78,139,85,76,82,0,41,20,3,89,54,17,128,1,0,89,136,108,106,131,58,65,130,90,92,64,71,95,168,58,76,98,73,118,92,123,28,23,112,111,88,96,87,96,104,91,161,49,115,1,89,144,119,134,121,109,141,133,131,92,113,152,102,88,76,93,106,82,93,92,69,122,66,87,233,105,136,168,86,132,189,96,94,96,142,9,126,127,118,105,72,79
GAAB092427-EPHI-622I-1,48,26,8,18,34,23,104,41,53,91,38,61,62,1,22,16,8,75,50,6,97,1,0,92,125,76,125,126,54,59,105,58,97,43,99,118,149,31,51,87,61,133,101,102,35,23,98,92,69,83,58,101,91,108,163,48,98,1,50,117,116,137,185,98,152,145,96,88,98,146,125,70,74,79,101,93,130,76,84,82,63,79,239,124,136,132,70,114,134,125,71,101,148,107,132,101,114,102,68,82
AMWO031512-EPHI-622I-1,56,0,0,37,50,77,122,70,61,120,45,67,58,0,17,12,2,85,57,7,111,0,0,90,139,98,98,118,58,69,125,62,99,59,99,102,172,107,76,97,85,124,98,112,7,3,94,114,87,110,91,88,146,102,132,71,98,0,67,126,139,164,161,131,160,145,150,98,114,178,123,79,78,98,117,76,83,89,87,110,66,78,250,129,134,170,81,126,121,133,94,80,130,3,129,116,99,130,78,76
ORME040644-EPHI-622I-1,52,20,9,43,39,14,113,88,72,94,56,57,96,58,57,11,7,70,52,70,89,0,0,65,126,84,89,102,45,51,95,57,70,37,74,90,145,41,65,79,71,101,84,92,23,1,81,65,53,83,68,83,103,93,140,43,85,1,79,106,111,137,130,100,145,114,124,74,96,137,83,55,64,57,78,79,116,72,62,115,46,62,175,81,133,118,86,93,133,111,84,60,93,127,97,103,109,99,64,63
GAAB092508-EPHI-622I-1,62,26,8,47,55,7,129,91,84,103,43,73,95,3,53,26,2,63,43,65,112,0,1,90,125,82,103,130,50,80,124,74,85,43,81,93,169,35,76,113,70,119,114,123,19,1,89,124,86,106,85,96,110,84,159,52,99,1,91,121,113,152,171,122,156,139,130,101,97,153,104,86,79,101,101,93,110,75,83,128,74,99,245,107,132,146,95,142,149,110,102,82,156,101,117,135,109,110,93,74
ORBA040304-EPHI-622I-1,35,7,2,13,7,3,63,33,31,69,27,63,51,8,6,1,4,70,47,28,99,0,0,73,106,103,135,100,43,57,64,27,105,19,66,72,121,14,82,70,73,163,77,66,10,0,113,95,54,48,58,110,57,125,143,43,56,0,33,115,115,166,189,136,185,168,105,59,86,109,82,53,42,106,93,71,129,117,57,83,79,75,237,86,132,159,59,99,99,113,147,48,104,133,139,94,83,132,43,68
GAAB092499-EPHI-622I-1,62,12,9,10,6,1,104,34,9,97,51,93,46,0,4,54,0,60,53,16,123,0,0,80,101,67,97,95,59,65,98,33,71,34,76,97,143,30,93,98,62,114,104,126,21,25,130,99,62,79,56,88,81,92,141,56,114,2,52,139,126,158,155,130,191,150,131,73,107,163,114,93,69,89,106,66,121,86,88,102,65,77,247,111,131,161,80,121,132,103,114,83,124,129,147,119,124,117,60,92
ORBA040308-EPHI-622I-1,48,21,13,22,30,6,98,47,58,95,37,55,62,26,26,9,4,57,51,38,105,0,0,84,105,104,88,100,67,52,97,56,95,53,68,74,158,36,71,61,74,104,93,102,28,1,113,91,73,68,74,87,90,86,123,63,98,1,72,119,103,137,114,128,160,135,97,80,87,126,89,59,69,76,71,85,74,61,68,99,60,73,200,99,130,149,70,99,110,98,110,65,106,54,86,109,89,116,51,56
GAAB092539-EPHI-622I-1,51,34,17,48,29,12,126,75,64,93,66,66,49,3,38,22,4,71,58,4,105,6,0,65,102,80,80,106,45,49,105,56,74,33,60,105,149,0,87,71,74,98,89,80,6,2,135,70,71,96,57,90,93,74,123,52,70,2,53,102,86,106,107,85,149,120,89,86,99,139,97,46,58,72,87,86,79,81,77,110,64,82,189,100,129,137,77,96,123,111,115,66,72,24,113,91,111,111,63,72
ETMT546-EPHI-622I-1,28,19,7,34,31,6,97,59,52,96,27,65,63,26,29,14,1,80,49,44,104,0,0,109,128,119,97,106,38,78,101,48,91,42,82,96,120,26,83,84,74,108,95,105,14,0,107,99,66,64,62,97,68,111,146,46,78,2,60,131,127,144,174,131,176,141,131,71,101,138,91,80,46,87,95,64,126,92,68,95,67,71,234,103,129,168,70,142,122,119,123,65,143,119,107,107,106,111,53,87
AMJI031235-EPHI-622I-1,18,6,4,10,10,1,71,17,29,88,25,44,54,7,8,5,2,76,45,26,126,0,0,96,81,104,107,88,59,60,70,26,73,17,75,82,139,8,68,83,78,148,69,91,4,0,109,114,32,53,49,91,61,101,128,43,65,1,43,102,115,120,109,107,146,109,83,53,83,108,79,58,39,95,96,64,62,97,62,89,63,63,200,90,128,121,48,106,98,88,120,43,86,15,108,69,93,124,36,67
GAAB092420-EPHI-622I-1,72,24,17,42,33,6,134,88,67,127,54,84,92,13,40,18,1,97,65,57,115,0,1,88,124,80,99,103,47,49,104,71,90,51,90,97,178,126,62,107,47,99,86,118,46,10,92,100,78,113,62,89,112,124,137,64,106,1,77,81,113,136,160,104,138,147,138,93,111,168,95,88,93,100,99,88,140,71,62,130,60,80,249,95,127,147,86,149,142,111,102,93,135,137,129,119,111,102,68,80
AMJI031230-EPHI-622I-1,47,7,0,12,15,4,115,69,75,109,39,65,72,4,16,6,2,81,76,50,140,0,0,84,125,116,124,101,43,67,90,58,105,47,97,88,173,5,65,97,79,163,108,110,2,0,135,116,88,87,83,114,103,115,147,50,72,1,48,129,118,146,134,124,146,136,132,83,100,144,102,78,64,101,88,87,52,110,49,130,59,82,224,132,126,162,74,121,143,106,138,59,124,41,122,117,101,137,62,71
ORAS040031-EPHI-622I-1,25,4,2,9,8,4,71,23,19,58,16,48,36,1,5,3,2,75,38,22,114,0,0,84,112,132,111,83,62,63,67,28,59,15,87,75,137,5,79,80,79,147,74,65,6,0,102,102,42,41,60,122,56,111,117,54,47,0,23,98,118,132,137,113,166,115,96,59,89,124,86,62,38,113,110,75,98,98,34,103,56,66,211,82,126,158,46,108,77,106,148,55,97,16,93,83,69,110,40,70
AMAN030940-EPHI-622I-1,21,11,4,7,6,1,76,20,32,98,34,61,60,9,9,3,2,88,53,32,105,0,0,105,117,105,103,126,64,60,100,33,93,33,90,87,172,8,76,90,68,155,83,88,3,0,115,115,47,69,61,102,69,109,183,54,72,1,34,130,126,151,154,141,197,165,137,79,113,157,117,93,47,76,126,74,124,98,74,97,65,97,275,111,126,173,73,150,100,148,124,90,146,9,152,121,100,137,57,67
AMJI031296-EPHI-622I-1,19,4,1,2,5,3,62,19,18,69,15,60,43,2,4,2,1,77,40,15,136,0,0,94,123,102,133,104,60,70,63,22,94,21,84,77,139,3,86,87,86,163,106,72,2,0,124,121,45,51,57,148,69,148,156,47,53,0,22,134,127,134,181,160,186,123,117,69,105,126,107,61,39,119,105,78,144,104,47,90,69,73,271,113,126,163,59,109,96,106,149,58,98,10,112,110,87,143,41,85
ORME040689-EPHI-622I-1,64,8,0,55,84,69,164,92,91,125,72,80,54,1,52,24,2,84,74,21,113,2,0,108,171,124,121,128,61,79,141,66,111,58,121,134,193,162,98,104,93,134,143,134,22,14,134,109,85,104,70,122,143,99,168,57,145,1,87,147,113,183,126,120,180,160,173,95,127,176,119,90,102,97,121,85,67,114,76,128,71,88,263,130,125,182,95,142,155,122,108,88,128,175,125,148,150,148,88,93
SNSE072113-EPHI-622I-1,45,25,5,27,26,12,113,70,53,97,49,61,94,17,21,9,6,77,50,55,97,0,0,78,124,97,91,109,52,60,99,54,89,51,87,91,158,12,70,88,70,119,86,107,14,0,91,107,65,81,71,88,93,88,165,64,96,0,63,145,129,175,160,115,151,151,137,78,97,145,112,88,81,96,109,70,89,88,81,95,42,78,222,106,125,161,103,125,130,114,126,86,137,44,104,109,92,130,56,89
GAAB092465-EPHI-622I-1,53,9,2,24,21,3,121,43,126,81,43,89,91,0,15,11,1,77,56,51,113,1,0,108,127,96,110,139,48,60,102,73,84,54,81,114,157,24,83,100,72,132,99,105,54,49,96,96,80,100,60,101,100,103,149,62,120,111,67,120,124,132,200,130,161,160,83,92,93,119,118,71,86,74,90,80,150,67,95,101,54,96,267,122,124,162,89,134,146,119,104,86,142,156,151,117,122,114,72,74
ORME040608-EPHI-622I-1,50,5,1,25,13,3,110,46,42,71,51,65,57,8,10,6,9,62,50,30,85,0,0,92,114,79,86,114,49,49,94,63,97,45,74,110,163,9,75,63,66,129,91,101,3,0,106,98,56,81,66,87,89,79,164,54,116,2,49,125,112,136,68,111,133,113,128,87,111,132,96,79,78,84,112,67,42,79,81,120,55,76,189,96,124,136,83,127,143,98,128,74,120,93,118,120,98,115,67,54
SOER052704-EPHI-622I-1,42,6,2,28,12,8,91,49,58,106,42,47,75,12,12,10,4,80,44,49,111,0,0,98,137,151,111,111,57,68,132,54,111,58,121,119,144,13,87,94,91,151,126,131,5,0,103,107,87,73,78,106,112,126,138,47,85,5,83,134,119,124,124,120,175,141,121,94,101,156,80,64,72,100,88,88,78,92,62,128,69,65,205,121,124,154,83,141,137,119,114,61,114,7,94,109,108,105,55,83
ET-SL-1474-EPHI-622I-1,58,30,33,49,50,12,104,82,81,123,51,76,104,76,49,13,6,69,60,75,88,0,0,81,142,82,109,113,59,74,112,60,96,39,84,107,158,61,89,65,63,109,75,74,40,1,103,93,82,78,90,82,101,90,142,54,91,1,74,107,110,125,167,110,146,144,108,106,87,144,76,67,74,101,87,80,108,111,70,109,65,78,207,114,122,128,96,115,156,106,106,54,90,62,105,87,88,144,50,80
GAAB092501-EPHI-622I-1,46,5,2,15,15,2,108,31,5,85,34,72,77,4,11,6,2,64,60,31,85,0,0,82,112,92,84,104,40,46,116,50,66,33,60,89,153,9,71,65,86,104,101,97,1,1,95,92,70,94,52,83,79,79,120,45,95,0,47,141,71,139,111,101,147,99,119,77,62,135,111,94,64,63,109,75,69,84,62,89,68,77,233,100,121,123,83,109,135,125,96,67,116,11,121,125,121,101,71,72
ET-SL-1466-EPHI-622I-1,45,8,6,27,17,10,113,67,62,137,43,82,112,31,21,16,6,78,46,48,121,0,0,81,114,100,112,115,55,64,100,47,107,37,91,78,149,15,89,85,83,176,112,92,8,0,113,106,67,76,72,99,98,107,145,43,87,1,60,107,117,136,167,126,181,157,106,86,96,141,62,61,77,85,112,86,109,104,67,118,50,84,182,116,121,143,81,121,159,102,131,63,101,35,110,94,97,123,46,70
ET-SL-1477-EPHI-622I-1,43,25,9,43,35,8,113,98,71,108,58,54,88,43,42,11,4,61,64,71,97,0,0,80,100,114,102,98,46,53,98,43,95,41,79,85,175,27,83,85,69,112,95,100,12,1,97,123,64,79,71,94,85,92,127,48,79,1,58,102,126,120,126,117,152,121,107,64,93,157,75,53,63,89,82,81,106,95,60,119,47,79,208,108,121,137,86,136,152,92,152,50,87,159,78,82,74,130,39,63
AMAN030944-EPHI-622I-1,41,4,0,22,4,8,107,63,42,87,51,66,83,8,9,13,1,63,44,39,79,0,0,96,120,77,97,111,37,52,115,61,90,43,100,108,145,1,65,86,59,117,85,73,12,61,85,82,61,77,66,74,96,87,132,38,83,2,69,120,113,132,144,85,161,114,95,73,68,132,85,77,72,87,90,72,101,72,62,119,41,82,205,108,120,124,70,113,116,107,87,65,116,181,103,113,92,84,53,62
ORME040639-EPHI-622I-1,38,32,23,49,38,5,88,73,57,78,61,52,63,44,33,11,8,59,38,54,75,0,0,67,96,82,72,85,40,52,90,69,75,39,70,58,112,49,68,70,62,81,77,79,16,2,68,74,69,69,62,89,69,77,105,48,75,1,65,106,82,109,79,69,117,121,98,73,63,98,60,61,57,73,78,61,53,67,67,83,35,64,164,87,120,115,62,77,107,65,88,67,99,123,76,67,88,81,58,60
ETMT528-EPHI-622I-1,2,1,0,2,0,2,25,2,7,33,3,28,2,1,1,0,0,58,19,5,90,0,0,50,65,108,106,28,41,36,26,6,48,3,20,38,60,10,57,47,43,105,43,37,0,0,83,77,20,11,22,112,26,70,77,25,30,0,7,97,82,100,74,132,98,84,72,18,72,96,70,30,13,93,64,46,32,101,26,35,77,53,156,52,119,112,21,86,24,56,135,24,83,0,105,70,41,102,10,57
AMAN030902-EPHI-622I-1,38,7,4,14,15,5,93,32,39,77,33,54,74,11,8,5,5,61,65,29,94,0,0,91,108,79,90,114,65,63,89,41,81,52,63,99,146,25,77,84,62,149,83,93,6,1,107,85,56,57,59,83,81,94,132,54,85,0,48,122,131,137,157,103,167,130,131,82,116,134,111,91,55,72,102,70,106,87,81,91,47,73,226,122,118,167,72,107,105,110,100,84,129,20,106,123,104,116,73,62
ORAS040014-EPHI-622I-1,35,3,2,14,12,5,64,19,19,54,18,39,42,9,8,7,2,58,26,1,65,0,0,64,70,82,68,105,42,44,88,27,65,32,68,54,115,5,38,72,44,95,68,82,6,0,72,69,59,63,47,63,63,63,119,40,0,2,51,93,79,89,74,66,103,100,79,58,78,115,72,64,39,56,67,61,42,72,69,76,58,75,160,75,117,115,46,84,82,88,59,57,106,13,68,80,82,83,53,37
ORBA040338-EPHI-622I-1,44,22,13,29,31,13,110,57,56,92,38,81,96,23,27,14,11,53,56,43,78,0,0,81,114,110,83,141,47,62,107,61,89,49,102,107,154,28,46,81,51,105,90,104,13,1,80,105,68,75,57,96,111,94,143,57,124,2,75,113,107,134,179,107,157,147,124,93,92,138,100,96,89,85,84,73,103,69,82,129,69,61,213,107,116,140,83,130,146,109,102,70,107,52,124,107,109,110,60,86
SOER052778-EPHI-622I-1,28,6,1,4,9,4,69,28,25,58,23,69,67,6,15,8,0,73,49,29,92,0,0,74,95,109,101,88,72,63,87,33,87,31,89,80,121,48,71,67,54,105,83,56,4,1,100,121,55,46,55,86,53,86,131,56,64,0,34,115,108,117,136,103,139,120,88,55,94,127,107,58,38,82,90,71,107,76,56,99,69,65,227,83,116,107,66,123,104,93,88,61,92,13,133,100,76,112,50,72
SNSE072143-EPHI-622I-1,20,4,0,8,11,1,62,15,26,46,10,49,14,7,4,0,5,70,29,25,88,1,0,67,86,96,111,64,51,58,58,12,56,12,50,73,99,8,57,55,52,127,51,51,7,1,95,72,41,29,35,97,57,73,120,45,64,2,16,95,97,130,109,109,168,109,117,32,72,85,96,43,39,83,85,57,69,74,40,45,60,63,213,54,116,142,39,79,55,87,135,49,86,70,120,103,47,100,46,59
GAAB092487-EPHI-622I-1,40,3,0,18,46,45,103,43,49,96,35,75,42,0,17,1,6,56,51,10,72,1,0,66,94,78,79,96,36,43,88,43,71,34,76,75,129,16,59,81,65,109,76,90,5,0,92,84,77,82,64,87,110,73,112,43,93,2,47,81,94,111,151,91,145,127,14,69,86,139,96,79,67,78,79,59,108,72,80,85,52,75,215,75,113,128,71,93,126,109,100,72,104,18,102,106,90,81,59,63
AMAN030989-EPHI-622I-1,18,0,0,7,3,2,97,29,22,82,38,42,42,1,4,1,6,62,40,19,80,0,0,75,112,81,90,120,38,49,108,41,83,39,89,85,142,48,51,81,53,93,73,96,4,3,89,95,51,60,51,76,81,76,154,37,81,0,37,115,70,121,86,76,158,132,118,65,96,130,102,73,50,62,84,68,55,76,79,80,60,67,193,97,113,135,75,97,95,102,62,76,122,84,111,98,93,111,48,73
AMAN031014-EPHI-622I-1,31,18,4,20,23,8,77,42,34,81,27,54,49,17,15,13,2,72,34,34,98,0,0,84,118,82,91,89,45,64,69,36,62,28,68,68,113,60,71,85,66,142,83,63,39,11,102,108,41,61,65,77,72,77,123,40,70,1,41,104,113,131,156,126,153,142,120,63,90,108,82,59,39,79,81,51,97,91,53,67,54,58,195,90,111,130,37,104,81,110,114,59,105,34,112,91,79,92,49,68
SOER052775-EPHI-622I-1,47,20,7,11,15,4,89,34,38,74,42,51,64,19,12,9,8,58,50,40,76,0,0,65,100,89,71,73,45,41,78,47,74,34,64,71,123,12,51,72,53,95,82,75,11,0,81,85,49,59,45,89,63,62,102,51,80,0,61,79,104,82,99,80,83,92,75,78,69,108,82,48,51,60,76,55,65,64,72,98,28,70,168,68,110,100,62,79,98,73,73,52,92,39,66,91,81,81,46,43
GAAB092455-EPHI-622I-1,43,46,21,22,24,6,101,54,32,86,29,59,68,2,23,5,2,67,51,40,63,0,0,87,106,70,107,131,58,47,111,47,72,47,81,70,164,38,72,74,44,114,85,94,39,27,59,77,70,51,58,75,90,90,115,54,97,47,56,89,105,126,145,101,120,143,93,69,92,102,92,57,50,49,73,73,103,72,83,94,40,62,232,94,109,134,62,123,130,122,89,69,120,90,100,104,94,104,67,63
ET-MT-350-EPHI-622I-1,50,26,18,40,54,10,103,82,67,78,39,46,99,66,42,22,8,60,45,60,89,0,0,77,109,90,88,111,61,53,82,50,84,46,104,96,160,44,69,63,67,117,110,76,26,0,115,92,69,90,66,85,89,94,116,56,76,5,66,101,104,126,131,114,133,119,95,82,88,123,80,80,62,67,63,71,101,89,66,115,51,75,190,92,107,117,84,121,120,103,119,50,102,70,78,90,99,97,58,74
AMAN030904-EPHI-622I-1,41,13,8,25,21,7,108,42,49,78,49,61,74,25,13,14,2,65,42,42,97,0,0,82,98,91,79,87,40,54,111,59,92,37,86,122,157,22,81,83,62,102,84,86,11,0,105,86,65,98,60,85,75,80,139,55,77,0,63,103,100,116,142,91,118,120,92,74,74,140,102,68,68,77,82,62,104,91,78,95,58,76,218,95,107,128,57,97,123,95,91,57,106,29,104,89,91,108,67,56
ET-LT-828-EPHI-622I-1,37,27,16,35,34,9,108,85,78,110,55,48,61,56,31,8,4,45,46,39,79,0,0,69,92,87,77,82,42,45,94,57,75,38,65,93,123,30,51,55,57,75,68,58,21,1,80,62,45,41,57,97,89,74,83,44,85,0,63,96,78,103,79,74,133,112,77,68,59,98,73,59,53,69,62,68,49,71,57,77,61,50,174,89,107,116,41,103,105,91,91,46,71,29,67,73,78,78,48,51
GAAB092495-EPHI-622I-1,26,10,1,11,41,38,72,24,6,61,23,51,31,0,9,8,1,63,30,1,66,0,0,68,89,98,99,79,43,45,68,26,76,18,66,72,125,12,57,69,44,109,64,76,17,34,77,82,46,49,47,57,53,92,112,36,62,1,33,104,79,111,110,91,132,111,82,51,64,85,93,71,46,75,70,52,74,64,59,59,45,59,197,71,107,118,42,107,77,109,70,70,104,97,106,86,75,87,31,57
SNSE072148-EPHI-622I-1,39,12,6,34,31,10,87,49,81,73,41,43,64,45,28,14,4,47,47,29,64,0,0,55,96,62,72,89,28,49,83,52,68,39,78,69,129,128,47,70,45,96,64,74,39,14,64,70,66,64,52,56,67,54,119,27,56,2,69,84,90,84,111,75,122,94,103,61,92,108,59,54,56,60,68,44,60,75,75,62,36,68,139,82,106,114,54,88,90,82,67,65,107,79,59,84,91,70,44,55
GAAB092478-EPHI-622I-1,53,25,10,23,24,21,105,66,41,70,41,56,78,1,34,9,24,53,51,16,90,3,0,68,72,55,75,107,41,42,92,53,64,30,59,83,114,26,42,78,29,118,66,74,28,38,80,82,60,70,42,80,76,95,132,42,82,5,49,100,87,84,155,60,128,94,89,55,90,129,94,78,65,57,92,49,115,36,82,74,62,63,149,95,105,120,57,119,81,103,62,63,134,75,102,100,122,69,69,41
ET-LT-876-EPHI-622I-1,32,26,5,33,31,5,75,81,69,72,40,45,65,39,30,10,9,56,39,20,72,0,0,53,94,57,74,86,39,51,95,59,74,37,73,66,116,22,46,54,54,90,66,76,14,0,66,67,54,42,44,86,66,63,112,32,58,1,51,80,72,80,84,92,107,100,93,58,69,107,54,41,55,68,50,62,51,71,40,85,50,55,137,74,105,113,56,72,112,75,84,40,76,20,71,64,71,82,49,59
GAAB092445-EPHI-622I-1,51,65,31,43,54,31,138,95,48,93,46,77,74,1,53,7,2,70,45,15,91,9,0,83,137,60,83,89,46,46,103,55,89,39,95,77,137,155,43,86,48,104,82,89,56,55,70,80,71,87,65,91,108,89,137,45,102,2,60,87,98,116,166,79,130,147,105,62,88,129,72,79,61,62,82,73,103,56,84,93,55,61,238,84,104,130,61,114,110,108,56,71,103,110,112,103,112,99,64,58
ET-SL-1497-EPHI-622I-1,40,19,7,28,30,5,87,67,50,77,43,43,69,24,29,6,6,61,44,32,76,0,0,80,115,76,72,80,37,56,66,56,75,37,44,92,107,16,68,66,51,103,90,96,5,2,74,68,72,64,57,70,81,57,111,39,76,0,66,122,89,122,61,109,97,94,99,78,84,127,85,61,58,67,82,70,40,71,66,78,42,71,178,95,104,126,67,100,110,85,106,47,107,37,91,94,78,109,56,52
SNSE072139-EPHI-622I-1,46,25,10,17,28,8,77,50,43,83,36,42,73,34,20,7,12,60,38,46,71,0,0,57,93,56,71,79,44,40,75,45,70,32,76,64,121,30,57,79,44,73,66,71,20,1,57,67,54,70,48,63,72,88,110,45,63,2,56,103,82,102,137,89,116,109,105,63,79,110,83,67,64,60,59,54,83,75,69,92,32,73,163,74,102,117,65,103,88,74,76,56,122,47,67,79,89,89,53,66
SNSE072136-EPHI-622I-1,34,11,5,21,9,4,74,45,36,91,24,51,69,25,14,9,5,60,40,28,84,0,0,80,101,68,66,81,37,48,76,33,57,26,56,56,128,18,62,68,65,85,70,81,20,0,73,79,47,60,53,62,70,65,98,34,58,2,46,92,91,106,119,85,142,77,102,73,79,122,77,71,55,75,83,54,55,74,42,88,45,70,174,92,102,116,62,86,97,94,73,47,88,168,77,87,88,75,58,37
GAAB092545-EPHI-622I-1,30,6,0,27,26,4,94,84,60,67,46,43,62,1,38,19,2,51,57,32,70,9,0,80,103,78,66,90,49,43,85,58,79,38,47,78,142,3,45,74,43,110,70,84,36,12,100,82,55,75,40,57,85,72,108,22,69,1,61,109,89,104,104,85,113,97,97,83,81,126,84,71,64,52,71,58,58,53,67,78,46,61,163,92,102,108,44,88,92,82,70,74,106,48,73,91,98,92,60,45
AMJI031229-EPHI-622I-1,2,0,0,0,0,0,32,2,5,49,3,29,1,1,0,0,0,78,28,7,89,0,0,81,81,93,94,21,38,36,17,3,49,2,29,51,55,0,64,30,71,147,45,61,1,12,89,106,14,7,35,106,19,61,84,38,38,0,7,125,71,119,32,95,95,66,101,13,103,115,84,53,23,92,85,73,28,108,32,42,66,58,152,49,102,179,18,88,27,89,124,53,71,161,121,93,36,113,15,44
ET-LT-800-EPHI-622I-1,40,34,30,39,43,9,94,79,63,86,39,45,86,65,48,14,15,66,47,67,69,0,0,64,91,78,68,105,43,55,89,62,80,45,74,80,135,83,57,64,68,90,82,75,46,0,83,79,61,72,47,92,69,74,114,52,67,0,53,100,84,93,113,91,137,124,91,69,74,119,64,70,73,68,88,60,59,64,69,94,50,72,167,90,101,95,68,94,90,89,98,65,83,78,95,64,92,106,58,72
ORME040690-EPHI-622I-1,48,12,2,30,25,6,124,59,81,97,57,76,78,21,23,13,5,67,51,50,83,0,0,85,123,101,82,86,52,56,95,42,86,37,83,89,139,11,79,68,68,128,80,86,2,0,88,83,67,73,84,103,101,77,111,39,74,0,61,113,84,133,88,98,128,110,94,76,91,119,97,82,63,76,82,70,42,88,60,103,47,85,173,86,100,113,74,113,148,94,95,61,95,26,95,83,104,108,60,52
ET-SL-1473-EPHI-622I-1,41,28,17,39,32,8,76,63,58,86,44,50,77,57,44,14,9,58,40,63,76,1,0,61,98,71,77,80,31,55,96,41,77,25,66,67,130,52,55,54,55,104,86,71,43,0,92,70,53,53,46,69,78,77,121,39,74,0,55,78,107,98,121,92,130,105,80,67,74,108,56,48,53,65,68,69,87,74,50,87,39,53,186,91,100,118,67,79,124,70,96,45,76,64,90,63,96,90,45,50
ET-SL-1481-EPHI-622I-1,38,31,13,32,41,8,91,69,65,86,35,58,72,40,37,20,8,71,62,43,91,0,0,66,100,78,82,81,43,52,87,46,79,38,59,69,149,31,78,59,53,87,72,78,22,0,83,93,63,62,82,84,96,74,126,45,74,0,74,107,91,106,117,79,123,111,83,68,75,117,63,63,47,71,92,59,72,83,57,87,39,64,156,81,100,103,67,105,125,98,108,50,90,53,77,69,91,107,44,57
AMAN030903-EPHI-622I-1,28,7,1,8,11,2,59,24,18,76,30,34,45,7,13,0,5,55,32,16,91,0,0,90,90,82,88,88,51,48,86,25,59,25,54,76,140,10,44,61,46,84,55,75,2,1,104,88,35,59,45,79,60,68,138,33,70,1,44,95,78,126,108,113,138,104,122,48,66,111,82,66,35,81,90,57,47,74,49,77,53,60,177,72,100,132,49,101,79,84,109,71,111,21,120,91,85,112,40,56
AMWO031533-EPHI-622I-1,26,12,1,17,12,9,89,58,34,68,34,40,65,7,15,5,5,38,40,37,76,0,0,66,100,73,58,62,28,39,80,55,71,36,53,66,120,3,32,60,55,75,63,72,3,0,71,82,48,64,41,78,83,73,99,44,71,0,45,90,78,84,62,71,95,83,84,42,79,101,73,59,59,60,83,52,47,72,55,78,35,70,148,52,100,109,42,92,95,85,74,57,107,28,84,69,93,81,48,49
AMWO031625-EPHI-622I-1,24,0,0,6,2,0,70,13,19,86,24,59,38,1,0,1,0,65,32,23,98,0,0,76,108,85,83,77,46,62,77,30,74,27,78,66,121,17,79,65,60,113,79,73,0,2,108,85,50,57,63,86,70,69,106,32,67,0,33,114,97,144,106,81,101,112,102,67,87,151,86,65,48,80,95,68,52,65,58,71,56,71,166,83,100,144,53,98,92,102,91,55,87,203,120,71,85,106,48,60
AMJI031236-EPHI-622I-1,17,0,0,3,14,7,64,7,17,69,12,51,3,0,1,0,1,70,34,4,91,0,0,92,94,138,109,61,51,61,41,10,87,11,51,68,108,1,83,52,78,143,57,61,0,3,104,108,31,34,41,117,45,91,126,43,52,1,12,119,96,138,46,107,115,103,94,30,96,107,98,49,36,106,97,66,41,93,31,65,65,60,149,62,99,147,34,95,51,118,119,51,85,14,98,84,66,103,22,47
ET-LT-909-EPHI-622I-1,29,7,2,13,9,4,58,28,31,52,28,35,50,7,9,9,3,42,27,10,54,0,0,49,77,54,71,75,36,36,61,35,49,33,46,60,79,11,47,37,51,59,55,60,15,0,68,47,48,38,41,63,46,57,97,38,51,0,29,71,57,88,78,74,87,83,58,44,53,92,64,46,50,48,63,56,44,60,45,73,34,59,128,87,98,99,43,53,79,79,76,38,67,11,85,59,73,68,51,52
ETMT534-EPHI-622I-1,4,2,0,2,4,0,30,6,16,23,16,23,6,3,1,2,0,39,16,19,58,0,0,60,39,73,74,46,22,43,28,13,35,6,30,31,61,1,42,42,34,95,40,42,3,0,45,56,23,26,25,64,31,63,74,22,24,0,12,59,46,69,83,78,99,68,58,22,47,76,47,21,22,62,52,50,79,88,31,40,41,33,140,39,98,96,26,54,37,49,124,19,43,60,77,50,25,73,25,43
AMJI031325-EPHI-622I-1,44,23,26,40,47,11,88,77,74,94,20,43,82,67,62,12,11,84,45,71,83,0,0,105,127,84,68,89,39,42,113,60,88,62,82,77,145,65,56,90,55,109,79,78,58,1,80,88,70,99,65,75,104,110,105,44,74,1,60,79,106,118,131,92,72,112,98,84,78,128,78,68,70,72,70,54,119,78,65,80,38,91,153,92,97,111,57,100,120,101,77,60,119,71,79,91,106,73,61,78
ET-SL-1472-EPHI-622I-1,38,17,22,22,30,6,80,56,51,84,30,48,79,29,22,13,2,50,35,44,86,0,0,50,89,64,73,57,30,36,75,34,69,18,58,55,120,23,51,58,61,70,54,52,17,0,71,63,51,64,53,64,62,80,93,29,56,0,47,79,65,94,129,77,105,111,76,53,68,108,65,37,56,54,65,59,85,77,34,90,42,52,149,74,97,87,50,94,98,86,85,37,81,48,56,74,61,91,48,60
ORAS040028-EPHI-622I-1,37,13,7,24,34,9,105,71,41,74,35,59,85,35,32,13,10,46,45,57,86,0,0,74,100,74,76,97,47,57,84,60,71,51,77,88,144,31,56,84,60,92,80,73,12,0,83,76,73,64,50,74,78,64,111,41,96,1,56,78,95,107,113,78,108,120,81,57,81,100,89,51,50,71,68,61,67,67,61,82,36,54,196,111,97,95,74,81,115,74,78,77,106,48,80,87,91,110,56,51
ORME040646-EPHI-622I-1,31,27,13,25,29,6,78,78,55,68,26,48,72,44,40,17,6,36,35,53,56,0,0,62,91,66,68,99,36,36,91,62,67,38,63,78,131,42,56,64,58,75,56,71,33,1,63,64,61,75,62,48,83,64,106,30,68,5,67,60,75,97,94,73,103,90,74,62,66,114,68,52,56,42,56,38,76,45,46,80,38,54,145,73,97,110,76,85,99,55,69,42,86,88,61,74,72,85,39,49
ET-MT-476-EPHI-622I-1,6,2,0,9,2,3,50,11,12,37,7,29,15,3,3,2,2,51,35,15,46,0,0,60,67,80,84,60,44,39,49,20,53,20,50,48,83,4,56,64,56,101,49,46,0,0,82,70,28,38,39,67,42,73,89,29,36,0,24,80,82,80,101,76,110,87,81,42,64,102,63,37,24,68,62,42,69,48,36,46,34,47,140,53,97,95,44,71,51,78,86,36,86,58,82,66,48,87,35,55
ORAS040032-EPHI-622I-1,37,4,1,19,12,1,65,31,33,81,28,43,63,3,5,8,2,56,40,30,81,0,0,71,92,81,68,86,54,51,83,44,80,41,79,85,114,7,62,51,50,87,64,86,5,0,76,68,58,53,59,68,67,79,108,40,94,2,54,90,75,99,69,84,115,99,83,62,81,113,70,63,51,60,61,58,46,74,56,86,32,55,156,87,96,100,63,80,95,72,89,49,70,19,85,94,86,72,57,50
AMJI031264-EPHI-622I-1,23,3,1,7,3,1,71,12,20,59,17,42,29,3,4,2,1,63,41,16,87,0,0,71,87,90,63,73,50,73,58,28,78,32,50,68,104,2,57,61,64,101,70,72,10,29,103,78,36,41,34,80,69,66,117,28,80,0,19,98,108,131,80,79,126,100,121,56,83,111,94,63,45,79,74,66,40,72,52,74,57,54,177,84,96,134,37,94,72,93,78,62,91,135,98,96,64,92,41,53
GAAB092415-EPHI-622I-1,38,20,8,12,8,7,97,27,16,62,26,54,49,2,21,11,1,45,47,21,74,0,0,59,79,73,65,82,41,33,51,38,63,28,63,79,95,0,57,68,53,93,76,67,40,68,95,70,41,64,52,47,73,86,101,36,63,0,36,70,74,87,130,85,105,90,73,60,79,113,77,54,57,67,72,49,87,70,48,79,39,31,177,79,95,103,52,92,75,83,68,55,85,22,105,66,66,84,38,51
AMWO031623-EPHI-622I-1,37,10,5,20,12,3,83,66,43,63,27,40,73,10,15,11,1,46,29,34,66,0,0,64,94,77,88,74,42,53,76,42,84,51,65,73,121,64,45,81,42,86,78,83,11,3,80,75,69,71,57,66,74,77,105,32,76,0,49,97,78,89,88,91,92,87,86,67,77,114,69,42,55,64,66,42,77,55,51,86,45,63,168,74,95,93,53,75,91,78,72,44,75,151,79,79,71,74,40,50
SNSE072137-EPHI-622I-1,30,13,14,15,10,6,79,54,36,61,24,26,71,36,11,7,6,62,28,30,61,0,0,57,82,49,56,66,44,45,57,40,54,32,59,64,103,39,73,67,59,74,67,57,40,1,67,50,52,50,51,61,65,60,88,36,71,1,41,89,64,88,79,72,84,83,93,74,69,108,84,54,48,56,65,51,55,43,54,84,40,53,148,58,95,108,39,73,78,75,72,41,86,27,53,59,74,77,37,48
ORAS040010-EPHI-622I-1,5,1,1,0,1,0,21,7,4,28,3,39,0,0,0,0,1,63,12,14,98,0,0,50,72,95,96,27,36,36,17,2,34,4,31,30,47,3,64,20,67,143,25,26,0,0,90,80,11,3,25,99,19,44,67,27,22,0,2,87,58,113,64,105,85,97,69,9,54,91,72,30,11,102,86,56,52,116,20,33,84,33,145,31,95,139,12,74,22,65,153,18,66,2,154,81,26,92,14,33
ETMT538-EPHI-622I-1,1,0,0,2,4,0,10,4,1,24,4,17,0,0,1,0,0,31,5,3,90,0,0,40,35,88,141,12,39,21,6,5,19,3,11,24,28,2,46,28,42,151,10,14,0,0,61,38,10,3,11,77,5,58,52,18,5,0,1,64,53,87,87,158,83,62,60,7,53,36,49,6,2,99,60,57,65,107,8,19,84,21,174,11,95,113,7,55,10,51,178,16,46,5,127,58,10,88,8,44
ORME040633-EPHI-622I-1,28,6,0,19,11,5,82,44,43,65,34,30,50,21,19,12,5,47,32,28,64,0,0,53,95,78,58,85,36,56,72,56,78,34,63,62,105,8,54,56,54,66,93,62,0,0,89,62,72,72,48,52,81,51,104,43,65,0,56,103,69,89,62,81,95,77,71,65,50,90,54,61,58,51,73,59,47,57,65,93,50,64,134,68,94,90,43,76,89,72,82,44,65,35,73,69,77,73,43,47
ET-SL-1478-EPHI-622I-1,19,13,13,29,23,2,67,67,50,73,37,42,55,38,28,9,5,47,41,41,59,0,0,54,63,55,59,65,35,36,64,33,54,26,60,38,93,24,44,55,38,69,67,48,14,0,63,52,43,57,39,63,49,74,81,23,56,0,50,58,74,91,92,56,97,82,67,54,46,82,52,44,36,50,41,59,56,61,34,67,31,38,106,63,94,83,49,85,93,67,72,24,52,102,47,54,49,77,23,32
ORME040647-EPHI-622I-1,44,28,8,30,35,7,106,72,54,67,32,51,62,55,33,12,6,55,32,52,65,0,0,40,106,58,62,97,38,40,92,46,61,37,73,71,114,45,53,63,39,76,73,61,25,0,57,62,45,55,58,70,85,61,106,37,68,0,53,66,79,90,113,80,114,94,87,69,67,96,68,60,54,42,52,41,78,63,51,81,24,55,126,58,93,101,55,88,90,69,69,51,72,20,68,87,75,81,56,47
AMWO031561-EPHI-622I-1,24,0,0,4,5,0,84,20,17,75,35,44,34,0,1,3,0,63,39,24,68,0,0,64,95,72,78,77,48,64,67,38,72,35,69,72,113,1,58,56,55,100,73,81,0,0,99,95,42,47,48,94,62,67,125,38,58,0,21,109,65,101,47,84,109,102,89,60,89,106,94,65,52,73,88,43,41,70,51,89,56,56,161,77,93,98,51,87,75,96,76,45,92,0,95,83,90,92,47,58
ORME040668-EPHI-622I-1,8,0,0,1,0,0,38,4,8,41,6,32,5,0,0,1,0,65,32,7,72,0,0,60,77,70,66,51,28,44,46,12,47,11,47,68,90,0,56,23,50,86,54,62,0,0,76,74,30,26,28,61,30,50,80,29,40,0,6,80,66,106,36,73,65,65,76,23,73,89,57,59,20,51,79,59,20,80,43,52,57,59,111,80,93,120,21,95,50,72,69,44,75,0,96,66,51,81,20,43
ETMT516-EPHI-622I-1,5,0,0,1,0,1,29,1,1,14,1,27,2,0,1,0,1,35,16,3,83,0,0,52,37,82,110,28,43,34,12,3,32,2,19,25,38,0,35,28,54,128,19,18,0,0,54,42,11,6,10,71,11,69,56,19,12,0,2,67,66,72,78,120,89,76,70,13,58,44,58,16,7,116,62,49,65,84,13,32,68,27,189,24,93,118,11,69,11,57,171,18,39,5,130,56,22,86,3,46
ORAS040029-EPHI-622I-1,54,47,17,43,46,14,104,91,95,98,24,75,98,38,49,19,8,86,68,66,100,0,0,84,131,112,103,122,51,73,112,64,110,49,100,91,185,51,74,80,63,102,93,99,26,1,109,103,74,89,75,73,103,103,138,51,85,0,78,113,118,130,145,104,171,139,113,75,112,162,91,79,78,82,91,83,99,90,65,94,59,93,210,105,92,111,99,104,121,91,91,69,108,88,105,89,102,94,51,69
ET-SL-1257-EPHI-622I-1,42,18,10,28,45,10,95,73,56,77,30,48,63,54,30,9,3,57,50,69,71,0,0,73,111,94,79,87,44,50,77,31,70,28,66,72,127,34,50,61,72,97,62,76,19,1,90,64,54,55,54,75,92,82,98,28,50,1,54,94,90,99,114,98,128,98,72,58,77,102,57,57,47,57,58,59,86,74,45,95,41,67,151,84,92,89,70,84,118,77,90,40,77,62,55,82,69,97,40,49
AMWO031621-EPHI-622I-1,48,24,5,44,21,6,81,72,43,70,28,79,68,29,29,17,4,67,35,56,81,0,0,72,100,76,94,89,40,53,77,46,73,38,72,76,105,98,58,72,60,93,76,71,36,10,80,82,50,68,50,61,77,79,117,37,69,0,56,81,89,104,118,81,116,103,75,53,77,102,71,51,54,60,68,59,81,72,53,92,36,69,173,80,90,106,65,84,99,82,73,55,85,185,74,67,72,83,52,64
AMAN031017-EPHI-622I-1,30,12,6,23,17,5,72,42,51,50,30,40,43,13,24,10,0,59,33,24,64,0,0,60,85,100,80,55,47,50,49,27,74,34,66,54,114,15,50,66,54,108,57,60,8,0,75,79,45,65,40,65,53,82,92,38,47,2,44,84,83,80,82,81,119,95,58,40,54,77,73,36,51,71,68,48,80,61,48,68,39,63,151,63,90,87,55,79,79,74,96,53,66,32,103,67,63,82,43,48
AMJI031216-EPHI-622I-1,25,7,3,33,17,3,65,43,45,72,23,44,59,19,22,8,2,43,26,27,60,0,0,52,92,70,67,71,31,39,82,47,85,29,61,47,100,10,57,65,68,60,53,74,2,0,87,74,45,53,44,68,54,76,93,42,61,0,49,85,85,83,101,74,84,107,65,38,61,100,63,45,38,61,54,44,64,69,60,78,30,56,134,71,90,91,68,66,95,79,63,42,69,44,69,57,69,79,45,50
ORME040687-EPHI-622I-1,47,18,4,39,19,7,83,67,56,79,53,48,59,37,26,11,10,51,38,47,71,0,0,47,77,72,66,78,37,41,64,50,69,45,64,51,109,29,47,61,54,81,64,83,4,1,68,77,64,66,35,73,88,67,94,30,75,0,64,102,90,117,98,78,99,115,91,46,65,95,54,64,66,59,64,53,70,69,55,74,38,49,173,70,89,102,65,81,105,49,61,63,77,117,72,65,83,81,44,58
ET-LT-831-EPHI-622I-1,44,19,9,34,37,4,96,65,66,88,42,48,74,33,23,15,8,59,46,39,78,1,0,68,85,88,82,81,47,58,90,59,80,49,73,82,133,28,54,59,67,96,74,72,7,0,91,84,61,62,47,91,95,76,124,35,74,0,75,104,97,124,97,88,136,115,83,68,77,154,73,54,50,56,86,57,71,78,78,103,42,81,192,91,88,109,77,98,113,98,107,67,102,49,87,80,82,99,52,62
AMJI031218-EPHI-622I-1,18,2,0,3,3,0,66,14,12,67,25,42,36,2,4,1,2,51,36,19,64,0,0,76,88,83,62,60,43,54,56,24,63,23,58,49,105,4,62,55,35,92,70,73,1,0,82,90,27,52,45,81,42,68,85,42,54,0,21,103,90,111,58,74,94,84,91,49,58,106,77,61,41,54,84,41,33,54,67,64,45,48,165,89,88,97,41,84,74,99,77,41,84,10,78,84,79,69,47,41
SND1071812-EPHI-622I-1,11,1,2,11,9,3,43,13,26,64,8,34,33,3,6,2,1,37,32,12,48,0,0,29,68,59,53,58,17,39,61,27,61,23,45,57,82,5,31,50,44,58,70,49,1,0,58,48,26,47,38,51,49,48,73,36,42,0,22,68,54,76,62,58,69,54,49,36,55,66,49,36,29,49,72,33,45,47,28,49,36,47,124,64,88,69,41,69,64,52,68,33,59,17,58,60,55,67,36,40
ET-LT-749-EPHI-622I-1,41,23,10,32,27,5,71,61,53,84,38,55,65,38,23,16,3,47,48,30,80,0,0,82,108,97,78,79,25,50,102,54,77,53,77,73,115,22,58,67,65,90,81,80,11,0,92,71,75,53,55,94,76,78,118,28,63,0,55,105,92,109,104,82,121,109,86,62,85,89,57,50,58,60,80,48,60,64,45,89,36,65,143,94,87,103,69,85,100,95,94,48,83,40,76,66,80,61,44,63
ORBA040319-EPHI-622I-1,31,27,8,33,24,8,85,63,49,65,26,42,65,38,36,15,6,43,34,45,54,0,0,59,94,58,53,69,31,30,68,40,49,32,63,60,82,30,46,51,41,59,48,52,15,1,73,48,41,53,46,44,66,54,93,42,65,0,61,89,50,82,97,60,106,77,69,41,47,84,57,54,47,48,58,44,58,37,50,64,34,40,132,60,85,85,51,81,79,55,53,55,74,44,62,61,55,57,46,49
GAAB092417-EPHI-622I-1,14,9,5,6,22,12,41,11,22,54,20,52,37,3,8,3,1,34,20,33,64,1,0,47,73,53,62,62,39,29,57,31,47,14,52,51,73,16,38,36,48,84,56,50,6,2,54,52,23,30,17,44,44,63,87,36,48,0,35,55,77,80,114,69,104,83,64,55,66,83,57,29,40,50,50,42,79,65,33,52,37,43,143,58,85,86,45,83,78,73,66,48,61,16,77,48,64,72,31,45
AMWO031554-EPHI-622I-1,8,0,0,3,0,2,51,12,9,49,18,47,29,0,2,0,3,54,38,14,94,0,0,59,79,81,69,71,40,45,55,18,42,16,55,77,95,2,61,60,42,87,70,72,0,0,86,69,31,32,45,60,48,68,84,43,37,0,14,79,83,105,69,73,110,86,80,36,72,89,73,43,35,60,79,52,50,60,36,67,44,57,146,64,85,106,31,78,82,85,71,60,85,6,80,64,78,83,40,43
SOER052718-EPHI-622I-1,5,1,0,3,2,0,31,10,9,33,10,16,7,1,6,1,2,55,19,10,116,0,0,48,68,78,114,29,36,37,22,6,42,2,25,29,46,3,51,30,47,130,28,30,1,0,79,64,13,9,11,98,21,61,64,32,17,0,9,61,48,96,67,143,101,63,77,22,53,60,63,38,17,84,78,28,58,96,19,26,81,28,158,27,85,133,15,63,37,63,160,28,65,9,138,61,31,64,9,49
AMJI031248-EPHI-622I-1,3,0,0,1,1,1,31,3,4,34,6,22,5,0,0,0,0,43,20,9,54,0,0,49,41,61,51,46,24,36,26,6,34,10,25,36,48,1,40,41,27,73,25,24,2,14,62,42,14,9,27,59,17,50,64,16,22,0,12,59,61,83,29,66,61,55,58,25,49,68,61,36,20,48,51,42,24,51,23,31,28,30,97,37,85,88,19,38,33,58,49,25,48,82,61,50,24,56,17,25
ORME040605-EPHI-622I-1,41,8,0,22,15,4,73,40,39,66,40,40,54,13,17,7,2,55,34,29,66,0,0,60,94,96,62,56,30,36,83,37,62,33,56,61,90,10,46,37,52,69,65,55,5,1,63,54,51,47,51,70,59,35,96,32,75,1,46,75,66,91,50,64,85,71,64,47,72,86,59,50,43,73,50,49,31,45,58,58,26,46,114,76,84,71,46,70,82,67,69,33,59,91,67,49,66,84,50,41
AMWO031519-EPHI-622I-1,38,8,8,32,19,8,86,48,39,78,29,30,66,19,15,5,7,41,41,33,74,0,0,58,77,84,73,75,34,45,66,45,56,49,58,66,94,15,49,49,46,81,76,76,4,0,73,76,52,69,54,69,78,69,93,34,63,1,46,86,67,90,71,69,85,84,73,47,61,104,81,36,55,47,51,58,49,43,53,83,41,58,137,86,83,88,53,104,96,80,62,61,92,37,67,70,87,68,50,45
AMAN031020-EPHI-622I-1,29,4,0,18,42,40,78,43,36,55,27,37,24,1,17,9,2,49,28,5,69,0,0,56,71,61,76,66,26,46,76,46,53,32,61,60,106,77,41,45,43,72,58,64,17,4,56,70,43,54,38,48,60,66,77,30,64,1,32,75,65,101,61,72,89,61,73,58,60,93,59,45,46,51,49,43,41,53,58,71,37,53,134,72,82,93,41,75,72,63,56,55,85,34,65,69,73,75,46,36
SNDI071804-EPHI-622I-1,18,10,4,18,17,1,57,24,26,70,16,38,47,10,13,4,4,53,36,21,77,0,0,47,69,76,75,72,28,45,56,36,54,24,55,62,110,7,61,47,55,87,58,70,6,0,70,51,43,49,39,49,53,55,84,40,63,1,42,83,69,97,60,80,91,110,84,61,56,91,75,54,43,65,57,46,41,52,45,59,37,66,160,73,82,84,48,83,80,64,71,48,68,31,81,69,76,73,28,37
AMJI031237-EPHI-622I-1,17,1,0,11,1,2,40,15,17,45,17,30,17,1,1,1,2,48,24,15,60,0,0,46,67,77,59,54,28,29,46,25,51,17,51,55,78,2,40,37,50,67,60,46,2,0,63,53,38,31,40,66,52,47,74,27,35,0,24,73,58,70,53,52,85,54,74,40,57,83,54,52,35,52,55,44,23,55,28,57,31,48,109,54,82,65,37,68,54,53,65,28,42,4,64,47,48,78,30,44
GAAB092500-EPHI-622I-1,30,0,0,18,28,29,74,28,41,68,29,46,43,0,14,2,2,37,27,4,46,0,0,41,58,50,37,52,31,42,55,38,46,27,44,56,76,5,32,44,46,53,61,62,1,0,54,67,42,46,38,47,69,41,65,29,52,0,41,61,61,72,70,60,92,67,81,61,54,77,52,58,51,34,57,36,26,46,47,47,31,57,131,46,81,87,36,59,80,54,56,40,71,76,71,68,68,45,44,48
ETMT543-EPHI-622I-1,11,2,0,5,0,4,57,9,8,41,16,28,14,0,1,0,2,44,30,10,51,0,0,60,62,66,65,50,25,42,43,20,64,18,36,47,76,1,62,49,43,75,44,56,0,0,51,50,28,21,45,56,40,47,83,25,36,2,25,70,66,79,41,63,67,77,85,43,48,97,55,33,24,50,59,58,47,44,30,70,45,42,116,42,81,95,38,62,57,59,73,30,43,3,53,61,51,61,20,44
ETMT540-EPHI-622I-1,1,0,0,0,0,1,20,0,0,19,4,30,0,0,0,0,0,53,6,0,103,0,0,55,68,96,97,19,36,38,6,0,39,1,25,47,33,0,55,43,63,113,32,24,0,0,60,65,12,9,14,101,16,77,60,23,7,0,1,97,75,127,68,113,113,82,83,6,82,58,61,30,5,97,79,55,39,70,13,28,67,27,139,27,81,113,13,77,18,77,124,25,89,0,104,76,23,100,6,45
GAAB092510-EPHI-622I-1,39,9,1,15,36,45,93,29,11,80,38,47,53,2,12,10,1,44,29,4,67,0,0,66,70,67,64,66,35,43,63,46,57,34,56,64,106,21,51,65,38,84,70,83,25,37,69,71,40,58,30,68,63,69,97,28,53,1,37,96,76,93,94,68,96,78,77,60,58,93,57,51,36,66,61,50,58,48,58,84,32,51,148,71,80,87,52,74,87,77,64,36,95,80,76,70,84,60,40,50
ET-LT-827-EPHI-622I-1,31,31,10,24,27,6,61,49,52,68,37,43,42,38,18,10,8,44,29,32,37,0,0,32,61,53,63,57,33,38,67,31,65,25,59,57,92,30,41,34,42,68,59,47,10,0,61,55,37,39,41,50,61,40,83,23,54,0,32,62,60,70,41,58,91,73,60,54,44,93,49,41,37,45,56,39,27,60,36,55,38,39,98,56,79,85,47,67,61,44,64,36,52,39,70,51,61,70,28,35
GAAB092502-EPHI-622I-1,20,7,1,20,4,1,57,41,41,54,35,28,41,2,14,8,22,49,26,15,35,0,0,60,66,46,41,62,26,29,64,33,40,26,49,59,106,13,37,46,35,67,46,52,25,39,65,50,41,56,34,57,63,71,73,29,50,0,34,60,51,68,88,37,74,62,70,54,61,87,47,42,28,34,54,31,39,55,39,49,29,41,112,66,79,67,42,50,61,64,55,40,74,4,63,71,71,57,43,31
ORBA040302-EPHI-622I-1,18,8,1,9,7,2,48,22,11,38,22,37,34,8,4,4,2,56,24,9,69,0,0,56,71,63,73,68,41,49,59,13,46,15,56,53,94,6,51,48,45,69,40,45,3,1,63,54,19,22,29,76,42,66,91,28,48,0,14,77,75,101,122,84,133,90,84,45,52,80,73,45,27,61,69,35,63,77,37,39,44,37,157,66,79,115,29,65,42,82,74,40,72,17,122,70,51,62,18,59
AMAN030967-EPHI-622I-1,3,0,1,0,1,0,25,4,4,35,10,29,13,2,3,0,1,45,20,4,61,0,0,61,78,48,77,59,31,37,24,8,52,11,37,56,70,3,54,41,45,83,36,62,1,0,52,55,28,22,24,52,20,47,97,28,16,0,5,76,70,106,73,75,98,79,74,29,48,75,77,49,26,55,65,49,48,54,50,37,48,39,151,52,79,100,30,72,44,75,73,44,107,5,68,79,49,80,26,46
GAAB092419-EPHI-622I-1,34,12,3,15,14,2,56,37,33,61,30,54,52,8,13,5,2,46,21,32,49,0,1,54,62,52,47,62,31,30,43,30,49,24,48,63,105,59,36,50,43,66,62,55,17,1,63,40,37,60,41,52,57,63,71,30,65,0,37,61,62,88,77,50,94,84,62,42,58,86,54,44,38,50,56,50,64,45,58,55,36,39,123,52,78,86,47,75,71,65,51,49,52,98,68,49,59,81,44,59
AMAN030988-EPHI-622I-1,33,17,4,37,13,4,78,64,56,59,35,32,64,15,28,13,4,53,36,53,49,0,0,49,71,47,63,79,30,43,83,49,83,28,56,79,112,12,43,52,51,88,68,77,30,83,73,55,51,65,50,64,85,59,105,27,69,3,59,82,77,84,106,78,97,85,96,51,64,88,62,63,70,60,74,47,59,60,58,68,38,46,171,79,77,95,51,87,84,71,58,56,85,69,52,71,59,65,57,52
AMJI031300-EPHI-622I-1,11,3,1,5,1,1,51,10,17,30,8,19,18,0,3,4,2,37,38,12,53,0,0,55,53,50,71,50,35,34,37,13,33,13,42,34,56,3,30,41,32,85,40,35,0,0,37,41,17,22,17,60,29,45,73,15,30,0,10,63,53,60,75,88,87,82,65,26,48,67,49,41,26,59,43,26,47,59,39,37,45,33,132,47,77,70,23,54,40,57,65,30,79,7,87,52,39,55,18,45
AMAN030937-EPHI-622I-1,26,31,16,34,52,18,95,65,58,72,37,33,70,54,28,10,11,52,37,49,64,0,0,70,84,73,66,76,36,48,85,53,74,42,66,67,121,151,47,67,45,73,67,68,55,16,74,63,56,79,41,69,75,90,112,36,66,1,58,79,76,83,126,63,84,89,74,68,76,98,53,65,47,58,74,54,83,58,58,65,30,59,147,68,76,87,47,114,82,84,62,63,92,53,72,81,88,76,40,51
AMJI031332-EPHI-622I-1,21,0,0,10,31,24,43,22,26,48,17,40,11,0,6,4,2,42,24,5,56,0,0,40,68,75,69,64,32,46,58,24,67,16,43,63,80,5,64,46,47,63,59,68,5,0,71,74,39,42,48,50,55,64,57,24,41,34,36,92,51,100,59,73,105,70,47,32,51,95,62,57,41,53,68,39,49,40,27,61,38,39,138,55,76,66,33,64,64,75,57,35,71,20,77,53,53,70,29,39
ETMT549-EPHI-622I-1,11,4,1,8,6,0,30,23,18,35,10,35,26,3,3,3,1,35,25,18,45,0,0,47,59,61,55,64,32,37,37,20,51,21,33,48,64,3,50,39,38,59,38,27,1,0,44,57,24,38,34,62,28,66,89,26,43,0,14,76,59,74,66,58,85,65,70,46,47,69,53,39,31,54,59,46,56,54,40,41,30,35,127,53,76,82,40,64,44,60,67,27,63,13,68,60,55,78,25,35
ORME040630-EPHI-622I-1,34,23,6,24,20,5,81,49,47,64,29,22,68,35,26,11,6,44,26,47,58,0,0,38,71,74,52,73,22,45,71,50,67,34,66,68,116,23,60,49,38,72,70,59,8,0,57,46,33,44,55,60,63,61,82,35,58,0,45,79,65,99,70,46,98,105,73,58,51,99,59,55,51,58,46,42,53,45,43,71,41,62,114,77,75,78,48,74,72,69,76,51,79,36,61,68,63,70,43,50
AMJI031297-EPHI-622I-1,2,0,0,2,0,0,8,2,1,16,0,18,3,1,1,1,0,22,12,2,90,0,0,43,39,51,89,21,26,31,2,1,27,1,17,22,23,1,44,51,44,119,13,12,0,0,57,46,5,2,11,78,3,48,54,20,9,0,1,50,46,72,62,78,78,66,68,9,47,40,53,15,4,79,54,31,47,70,8,18,72,26,125,22,75,110,9,59,15,54,102,15,49,2,88,45,18,73,4,40
ORME040603-EPHI-622I-1,27,23,10,31,21,6,85,59,76,73,49,51,65,49,40,9,3,56,37,45,76,0,0,54,79,79,71,97,41,54,73,34,78,26,64,64,143,25,66,54,69,79,68,66,14,0,92,69,59,52,43,64,74,69,95,31,67,4,38,94,71,106,77,90,92,101,62,40,54,117,49,55,50,70,59,52,45,75,30,92,41,50,140,64,74,98,50,75,102,72,101,31,58,98,65,68,87,86,29,50
GAAB092459-EPHI-622I-1,26,22,9,22,36,15,65,42,44,48,25,30,34,0,22,7,2,35,26,15,47,1,0,36,56,43,46,52,27,28,62,39,49,30,48,42,82,40,31,51,25,54,40,41,14,3,42,46,31,47,41,34,50,45,78,33,54,2,36,44,66,78,66,57,46,57,45,43,44,74,36,33,37,31,39,38,43,40,51,54,24,43,118,43,74,61,48,50,69,57,47,30,77,34,56,52,44,52,44,44
AMAN030956-EPHI-622I-1,20,1,0,4,1,0,54,11,8,60,27,37,22,0,0,0,1,36,33,12,52,0,0,54,66,53,53,51,27,28,38,21,48,22,42,44,82,0,39,35,41,64,48,71,1,0,43,45,35,28,23,44,39,39,62,29,45,0,18,64,62,99,37,57,67,62,66,38,68,84,65,44,46,48,51,34,17,43,41,60,33,41,115,43,74,77,38,64,64,66,63,36,75,0,68,67,57,86,37,30
ORBA040316-EPHI-622I-1,22,6,2,17,8,5,73,32,25,71,33,57,43,10,9,3,2,44,42,23,64,0,0,53,90,55,62,87,29,31,74,31,60,15,55,40,108,6,51,51,38,73,48,56,5,1,79,67,60,54,44,61,66,57,81,39,54,0,43,72,72,84,94,61,110,85,88,44,60,89,64,51,51,65,75,40,53,56,48,70,30,50,150,72,73,81,46,91,77,74,64,44,74,23,70,78,67,88,34,40
AMAN030943-EPHI-622I-1,7,6,0,3,6,2,41,12,17,35,16,28,22,8,1,4,0,36,24,9,64,1,0,44,62,58,81,49,31,35,35,8,49,6,27,43,59,8,47,42,46,80,30,34,7,0,63,53,17,24,24,67,28,83,85,22,25,0,13,67,59,88,98,78,111,93,76,24,56,73,65,31,17,60,61,29,108,56,37,40,44,35,147,45,73,92,31,53,41,55,65,36,60,8,85,59,39,57,19,58
AMAN030983-EPHI-622I-1,29,21,1,23,17,5,70,58,43,68,27,34,58,24,18,11,10,22,22,26,47,0,0,48,64,47,57,60,25,23,75,44,49,20,45,44,85,12,34,52,42,58,47,59,36,64,62,49,52,50,33,48,52,56,67,25,54,1,34,68,64,70,74,62,59,69,59,47,62,64,54,47,49,39,43,29,59,41,38,51,31,55,115,57,72,90,58,60,69,53,42,38,68,66,55,71,53,51,35,31
AMJI031283-EPHI-622I-1,8,1,1,2,0,1,31,7,12,31,4,40,16,0,1,0,1,43,16,11,68,0,0,68,60,52,72,41,31,35,41,12,56,11,34,40,77,10,40,42,47,85,42,42,3,2,64,56,19,24,35,64,31,67,76,19,26,0,12,57,69,74,70,64,98,82,71,30,57,72,38,30,25,74,53,45,55,53,29,53,47,42,120,55,72,74,23,65,43,54,73,35,58,1,77,62,52,58,22,36
GAAB092474-EPHI-622I-1,40,41,30,13,26,13,76,48,16,54,27,35,44,1,21,0,1,42,19,6,39,3,0,53,76,46,55,76,27,34,52,25,50,19,62,45,80,30,29,63,39,69,63,50,8,4,54,50,37,53,32,45,54,62,88,33,57,0,42,59,71,82,85,64,96,86,70,41,69,78,64,40,50,35,44,36,76,44,51,51,30,38,126,63,71,95,44,83,76,63,62,34,58,80,76,60,67,65,38,49
AMJI031212-EPHI-622I-1,21,11,4,15,15,10,74,46,33,59,23,37,69,14,12,10,3,46,36,39,59,0,0,63,91,68,67,70,37,44,68,48,63,28,55,55,115,5,37,79,62,93,56,71,8,0,58,54,57,73,51,79,64,67,84,33,62,2,54,74,70,80,100,73,94,63,79,60,66,77,68,43,44,52,52,58,77,53,40,80,36,51,144,79,71,93,59,73,87,63,66,42,74,26,73,78,59,49,34,44
AMAN031022-EPHI-622I-1,7,0,0,7,7,4,50,15,19,35,19,27,32,8,4,3,2,36,27,14,55,0,0,54,73,65,47,60,20,29,48,16,33,15,45,46,66,2,40,43,50,73,56,55,3,0,53,44,35,32,28,56,40,61,83,19,49,2,24,50,66,76,67,75,70,68,53,48,53,65,51,40,33,45,39,50,28,40,32,50,16,46,98,56,71,62,38,62,57,60,43,35,69,10,54,73,43,57,32,24
GAAB092493-EPHI-622I-1,44,28,17,26,22,8,62,51,45,44,25,37,42,2,34,5,4,20,33,26,50,1,0,38,65,49,59,65,26,33,55,37,47,25,51,56,88,100,30,34,25,57,41,64,73,83,62,46,34,41,27,36,71,40,69,16,42,1,46,52,44,67,77,54,89,65,55,39,38,70,47,45,45,41,42,29,43,43,36,54,33,33,125,65,69,72,45,48,52,45,37,33,61,75,54,44,41,48,37,32
ORBA040309-EPHI-622I-1,37,16,6,9,17,9,59,56,40,71,25,33,49,30,19,9,7,43,38,41,52,0,0,58,78,69,62,80,46,52,77,42,61,39,56,78,97,39,41,69,38,56,59,54,25,0,61,71,37,53,37,66,54,55,90,26,64,0,46,71,67,90,94,54,91,79,75,37,47,85,58,59,47,56,58,40,59,54,53,62,28,51,128,68,69,95,43,80,70,69,56,49,81,30,60,60,64,53,51,48
ORME040672-EPHI-622I-1,35,26,6,30,34,7,59,65,49,55,33,38,64,41,27,13,9,51,26,37,68,0,0,50,75,61,58,75,27,43,67,44,48,43,39,39,93,46,44,54,38,82,41,64,18,1,63,70,40,55,37,46,52,56,84,23,52,1,49,69,57,75,71,72,85,73,70,50,47,104,69,57,44,41,58,56,57,39,38,61,34,59,106,74,69,70,51,73,88,55,41,44,65,29,57,68,69,65,50,41
ORBA040322-EPHI-622I-1,30,22,8,31,31,3,85,56,55,69,36,29,55,27,39,11,7,39,35,34,52,0,0,51,66,49,57,62,35,51,74,51,68,29,47,55,86,41,45,52,36,77,54,65,16,0,65,51,54,53,38,45,70,65,92,32,69,2,34,67,50,73,77,65,102,79,71,39,52,95,58,38,51,64,63,33,54,52,55,69,34,40,129,69,69,78,42,76,79,68,55,46,88,39,70,87,66,67,36,42
AMJI031288-EPHI-622I-1,29,5,0,14,6,3,69,35,29,62,24,34,59,5,9,4,3,37,32,31,61,0,0,54,83,65,73,65,30,42,57,48,63,24,50,67,105,61,39,52,46,66,42,71,9,6,64,53,46,62,44,48,56,77,72,30,48,2,51,60,64,89,71,74,79,85,59,39,42,84,64,58,48,44,53,59,60,72,48,89,38,50,133,60,69,79,61,71,61,65,64,43,71,161,80,66,82,88,46,43
ORME040671-EPHI-622I-1,26,14,1,20,14,6,61,44,46,61,31,30,45,13,14,3,8,45,29,28,63,0,0,43,69,52,54,58,33,38,52,30,63,30,41,53,102,7,43,32,42,69,53,71,2,0,56,49,44,27,47,45,60,39,63,27,62,0,27,66,51,96,46,73,61,78,77,47,53,76,47,41,38,39,47,54,23,51,33,59,40,53,108,65,69,73,44,63,62,48,58,30,59,25,60,52,60,70,41,31
AMJI031276-EPHI-622I-1,19,5,0,18,1,3,64,33,37,62,18,31,50,6,9,8,0,31,30,36,51,0,0,49,57,54,51,57,27,32,41,31,37,29,49,38,90,0,47,40,46,55,43,42,22,63,55,41,37,34,46,64,56,32,51,29,49,1,35,54,56,65,55,66,79,58,54,33,57,78,41,38,33,43,52,38,25,56,39,61,30,50,105,56,69,65,24,61,69,55,55,33,46,101,54,39,57,54,34,29
AMJI031247-EPHI-622I-1,14,0,1,4,3,1,31,5,7,34,12,35,22,2,3,2,0,45,16,10,55,0,0,59,59,68,61,45,35,21,39,18,47,12,39,39,69,1,30,52,40,56,55,38,2,0,51,56,29,23,15,54,20,44,72,26,29,0,5,68,55,80,63,56,93,59,71,23,57,74,67,36,21,49,53,38,47,44,25,36,25,41,129,56,69,65,23,56,45,61,49,41,65,8,76,80,54,62,31,40
GAAB092546-EPHI-622I-1,23,5,2,15,24,6,75,41,57,64,45,42,22,0,3,2,3,38,39,24,64,2,0,61,75,63,59,64,31,36,57,40,52,25,54,58,96,4,56,42,57,66,53,72,11,53,64,66,35,56,47,68,48,63,90,31,60,2,41,78,53,96,47,52,66,81,102,50,60,89,64,52,47,51,76,37,23,40,51,55,47,57,124,64,68,89,41,64,80,81,68,48,94,31,79,58,74,76,49,42
ORBA040311-EPHI-622I-1,22,13,4,20,20,8,59,33,31,45,21,30,55,12,12,5,1,39,30,33,43,0,0,45,71,61,55,70,21,25,60,35,52,20,41,52,106,18,30,35,43,62,46,51,10,0,60,47,38,47,33,40,58,34,66,22,46,0,30,54,48,65,88,58,100,90,73,53,42,71,49,47,38,37,53,41,70,29,37,58,30,30,106,44,68,93,39,80,63,49,63,27,73,82,50,61,49,66,38,27
GAAB092548-EPHI-622I-1,17,18,4,6,32,25,48,16,3,56,33,37,17,0,5,3,2,38,37,23,48,0,0,47,58,44,47,44,20,15,52,22,54,18,42,50,85,4,55,29,35,41,41,42,1,0,53,41,26,33,36,46,42,36,45,25,59,3,35,63,42,70,29,49,71,49,66,41,39,63,55,36,34,44,52,37,26,37,35,44,31,40,90,51,68,66,32,51,41,45,51,28,59,64,48,50,48,67,23,30
ET-LT-738-EPHI-622I-1,31,16,6,20,17,5,61,25,28,60,28,43,49,21,24,6,5,40,27,12,62,0,0,56,51,62,60,71,33,33,55,26,42,18,48,49,89,8,47,42,39,71,55,56,11,0,44,47,35,38,32,58,46,56,87,17,60,0,34,50,59,68,69,63,77,64,66,33,48,81,64,33,33,38,56,43,34,55,24,54,38,29,106,51,67,86,34,71,57,61,54,34,67,10,56,54,49,69,27,40
ORBA040310-EPHI-622I-1,27,14,1,27,24,7,88,40,43,60,33,41,51,27,15,6,2,58,30,27,58,0,0,49,77,51,53,84,34,41,66,57,43,28,49,72,83,23,36,37,35,74,67,70,13,0,62,52,58,48,49,46,62,50,74,25,58,1,40,78,65,81,91,71,99,72,77,59,78,77,55,60,40,45,48,40,39,44,42,52,35,57,142,71,67,90,47,82,70,74,56,45,77,63,69,73,61,58,39,43
ORME040675-EPHI-622I-1,27,10,7,12,6,1,51,19,20,62,32,38,49,18,13,6,4,47,38,21,52,0,0,32,69,60,56,70,25,37,63,31,60,16,48,46,76,57,46,49,44,81,56,54,16,2,58,42,34,45,41,49,66,59,84,25,62,2,47,77,55,66,88,59,97,82,51,52,53,90,52,49,32,53,50,40,54,53,43,59,34,60,130,68,67,80,41,71,69,58,58,36,55,151,66,67,48,84,32,35
AMAN030952-EPHI-622I-1,3,2,0,2,2,0,31,5,6,28,4,19,3,2,1,0,0,27,15,3,66,0,0,41,35,59,77,33,31,30,9,2,32,3,31,30,30,1,29,24,45,67,30,38,1,0,58,49,6,7,14,66,11,48,67,15,14,0,6,54,39,86,62,77,79,63,52,10,46,53,51,23,10,53,50,28,29,65,10,28,45,22,130,23,67,77,11,57,16,52,59,27,45,27,105,48,21,65,8,33
GAAB092526-EPHI-622I-1,37,14,1,15,18,1,72,69,47,51,37,39,44,2,28,7,6,36,36,26,61,1,0,52,71,50,46,64,13,30,72,49,60,23,45,58,94,30,34,43,40,56,37,59,7,2,46,53,48,59,44,50,66,53,71,30,58,4,40,68,77,50,80,55,89,80,65,38,79,93,38,54,44,32,56,33,53,46,58,52,30,54,115,72,66,89,40,75,61,75,52,43,91,57,60,72,54,60,50,25
SNSE072146-EPHI-622I-1,29,18,3,17,33,7,79,32,41,62,33,33,68,32,22,8,4,43,33,41,52,0,0,64,59,41,57,74,21,37,72,42,58,21,62,53,97,43,33,69,31,76,47,72,26,2,50,54,54,53,43,56,47,71,74,33,63,0,31,71,47,57,97,64,70,55,71,47,53,83,60,38,52,38,55,37,61,44,48,56,30,46,122,59,66,93,45,69,67,60,48,41,78,29,57,76,81,65,47,36
ORME040649-EPHI-622I-1,24,24,12,22,33,8,62,67,48,36,29,28,47,53,25,12,7,31,24,34,49,0,0,40,58,54,56,51,24,36,66,45,40,25,41,48,108,50,37,59,32,60,51,50,34,0,49,51,39,43,41,60,57,48,86,27,43,0,40,59,62,61,94,52,87,77,54,39,50,67,60,35,36,30,39,42,64,35,39,66,21,47,108,51,66,69,47,71,66,62,37,31,55,52,62,55,59,53,33,43
SOER052757-EPHI-622I-1,23,4,2,20,11,2,96,48,26,71,38,40,61,10,12,6,2,44,44,33,96,0,0,48,83,70,70,69,31,61,75,50,54,38,56,76,96,3,64,68,48,85,91,65,1,0,76,86,56,61,50,89,79,71,127,33,59,0,49,84,88,89,67,81,84,78,71,48,67,106,60,51,58,53,59,51,51,72,62,65,34,50,113,89,66,85,38,71,101,84,66,40,94,25,74,75,76,79,50,59
ET-LT-765-EPHI-622I-1,19,19,4,16,22,8,50,43,26,35,26,30,45,27,23,13,3,26,35,11,37,0,0,36,55,51,45,53,21,30,56,31,41,22,39,53,77,15,26,27,40,62,47,35,9,0,40,45,38,37,31,45,47,35,63,23,42,0,36,54,54,62,77,50,74,61,63,30,40,70,38,41,37,41,35,42,41,54,34,68,28,48,93,58,66,56,44,52,69,41,58,40,50,24,49,57,54,59,29,40
AMJI031294-EPHI-622I-1,1,0,0,1,1,4,6,3,2,16,4,5,4,1,2,0,0,24,2,1,63,0,0,26,28,74,105,15,27,20,8,1,14,3,8,17,21,3,29,20,27,90,9,12,2,4,48,39,4,3,9,56,3,54,48,7,9,0,8,41,31,62,50,99,62,41,47,4,40,28,44,14,6,86,50,29,49,77,9,11,83,15,163,4,66,92,6,47,8,45,121,13,40,4,134,41,9,43,3,21
ET-LT-732-EPHI-622I-1,33,11,4,24,18,7,75,55,48,65,48,34,56,18,14,10,4,41,39,25,72,0,0,52,89,62,73,74,41,44,76,50,53,26,67,52,86,12,55,43,41,72,79,54,9,0,62,54,37,40,46,62,62,54,96,32,62,0,54,63,54,77,89,63,132,84,79,53,70,84,60,49,46,56,58,45,41,49,38,75,23,42,153,65,65,97,62,72,95,73,66,53,60,9,64,63,63,69,32,42
GAAB092512-EPHI-622I-1,11,0,0,1,1,0,36,8,31,51,13,18,5,0,1,2,0,33,19,41,47,0,0,35,50,59,46,43,20,34,43,12,39,10,35,51,60,1,45,29,40,69,40,35,2,8,43,45,23,24,24,44,22,29,57,17,31,0,8,65,48,68,30,38,62,59,56,29,38,57,41,44,29,44,40,40,25,42,24,35,30,24,88,44,65,69,26,34,41,43,46,33,58,46,44,50,42,45,23,29
ET-SL-1461-EPHI-622I-1,15,14,5,15,16,4,34,47,45,56,23,28,49,22,18,5,4,22,20,35,48,0,0,28,61,47,48,45,23,29,49,25,46,22,39,50,72,67,34,40,36,62,50,43,16,5,54,38,30,36,37,48,48,40,69,25,32,0,20,56,50,55,64,35,54,51,51,35,41,63,41,26,34,33,36,41,36,42,23,35,24,26,84,38,64,57,40,54,56,46,60,23,35,24,51,38,41,61,23,26
AMJI031232-EPHI-622I-1,31,8,7,18,10,2,59,34,35,56,21,26,50,12,18,8,2,34,30,31,40,0,0,43,65,64,55,51,30,40,52,30,49,25,44,60,71,13,27,65,38,47,46,48,5,0,60,68,41,50,35,52,63,55,64,21,47,2,32,64,58,64,73,55,58,54,70,49,44,63,56,32,45,41,52,37,46,45,43,47,17,40,106,45,63,59,51,62,70,57,33,41,49,18,60,61,61,54,33,32
ET-LT-781-EPHI-622I-1,22,9,1,7,3,1,46,26,16,47,25,29,34,9,6,5,1,33,32,12,40,0,0,43,68,41,54,45,39,22,29,21,36,22,26,49,65,12,28,47,29,57,54,58,7,0,66,40,18,35,26,49,33,42,69,20,24,1,14,50,50,57,73,38,78,69,59,22,42,60,41,29,29,61,48,34,30,45,22,43,31,42,107,48,63,77,40,71,61,70,54,27,47,7,52,49,42,62,18,33
ET-MT-399-EPHI-622I-1,19,14,3,19,18,4,59,36,35,47,23,25,52,15,17,9,3,27,23,31,55,0,0,40,55,50,47,38,17,40,54,35,62,29,43,41,83,21,32,42,31,60,43,39,4,0,50,47,35,42,39,43,48,41,46,19,43,1,31,51,45,58,65,47,68,51,66,27,49,64,30,37,23,42,38,33,48,43,32,52,31,33,107,56,63,67,29,58,54,49,49,26,40,40,52,32,37,48,30,31
AMAN030948-EPHI-622I-1,25,20,8,27,39,6,70,45,58,53,26,39,51,45,39,15,9,44,29,34,44,0,0,48,82,51,47,74,38,31,99,39,52,29,64,66,78,53,31,47,29,64,47,62,27,1,52,48,26,55,41,40,60,53,93,32,61,0,41,73,78,81,120,59,79,75,64,46,51,92,69,33,42,43,48,33,69,45,59,61,34,35,133,49,62,82,51,90,78,72,50,51,89,41,65,80,76,71,49,38
SOER052712-EPHI-622I-1,22,2,0,13,18,23,44,28,39,46,13,37,32,1,25,5,0,37,22,10,38,0,0,56,78,65,53,56,22,40,54,22,61,26,40,46,61,51,30,51,24,66,56,44,12,7,70,50,43,52,37,47,51,48,66,18,40,0,27,65,54,56,72,62,81,60,58,24,43,50,28,33,29,49,49,36,45,39,35,53,25,29,90,65,62,63,44,55,84,66,61,25,53,29,58,44,57,61,48,30
GAAB092520-EPHI-622I-1,20,3,2,26,23,4,67,59,33,55,37,25,42,6,31,7,2,26,19,29,40,20,2,37,60,40,43,53,22,24,58,28,42,22,45,50,78,0,34,50,29,52,40,54,75,83,72,51,39,52,31,61,60,42,68,28,53,0,22,68,43,61,47,54,73,51,53,38,41,77,49,49,33,42,48,35,34,36,41,53,32,36,115,48,62,64,39,53,69,53,40,47,74,3,67,50,55,47,37,42
AMAN031004-EPHI-622I-1,36,11,2,15,14,5,75,41,51,64,26,42,60,22,18,10,6,44,34,37,88,0,0,40,67,68,67,79,20,36,66,40,62,24,77,57,102,76,35,63,43,63,59,62,23,20,66,73,53,65,52,67,65,69,94,28,60,2,42,83,70,68,94,85,90,93,69,53,48,93,60,42,51,40,64,61,73,48,48,68,43,54,149,69,61,77,46,75,102,60,57,47,89,118,71,67,75,73,48,36
ET-SL-1467-EPHI-622I-1,17,10,4,6,7,1,44,22,17,39,24,23,47,13,9,6,1,28,23,15,45,0,0,27,50,38,42,48,23,17,36,13,41,21,25,41,42,4,23,30,35,49,30,37,4,0,41,44,31,28,17,46,28,51,60,20,22,0,27,33,42,52,45,52,70,52,47,31,38,56,35,27,32,39,38,32,35,42,29,42,17,34,74,43,61,52,31,61,60,34,52,22,33,19,35,36,38,44,20,30
AMJI031214-EPHI-622I-1,11,3,1,13,11,3,59,43,45,40,18,27,46,15,12,3,3,27,29,19,38,0,0,38,48,51,45,54,26,38,48,34,28,24,31,40,56,6,32,28,25,60,39,40,2,0,42,39,45,36,29,45,48,39,67,13,39,0,22,51,40,49,36,49,53,49,49,38,49,69,53,50,40,43,46,32,20,27,36,40,25,42,87,42,61,68,30,54,66,47,45,31,55,12,42,52,52,35,36,32
ET-SL-1476-EPHI-622I-1,32,23,13,21,23,3,56,60,43,57,27,30,54,34,32,5,5,47,30,30,46,0,0,36,74,55,43,51,29,42,60,30,53,13,48,45,63,32,31,44,42,64,52,54,20,0,46,40,32,50,30,55,53,53,67,26,48,0,54,55,58,72,61,61,71,66,66,53,48,74,37,23,31,32,54,35,51,42,39,58,27,48,94,63,60,75,53,59,80,40,67,27,65,74,49,57,51,73,36,26
ET-SL-1508-EPHI-622I-1,26,6,2,23,14,3,48,38,35,52,27,25,42,16,8,6,4,38,26,24,40,0,0,39,62,44,54,37,17,31,45,38,49,26,39,51,62,7,44,33,41,50,44,47,1,0,57,45,25,46,28,34,51,44,44,19,40,1,34,63,54,64,33,49,65,40,52,45,66,52,39,28,29,33,35,19,26,32,38,51,22,34,87,53,60,69,25,58,44,42,64,22,52,3,41,37,53,48,37,27
AMAN030975-EPHI-622I-1,30,26,6,17,19,6,71,47,46,45,30,18,44,24,18,9,7,45,37,25,51,0,0,57,65,49,46,49,24,31,68,30,37,26,35,43,93,108,29,36,34,56,44,48,26,7,45,38,31,64,32,55,68,44,91,20,51,3,49,69,65,58,74,53,71,74,72,45,67,87,43,31,37,29,36,39,39,29,40,49,17,49,96,57,59,57,40,50,57,50,47,33,78,64,48,54,60,51,40,39
ET-MT-477-EPHI-622I-1,24,19,3,8,18,6,69,48,32,40,23,34,44,19,20,11,4,30,27,29,31,0,0,47,71,47,50,68,28,25,72,29,50,38,62,66,96,23,41,55,48,70,56,53,17,1,51,55,43,54,40,68,61,66,79,29,62,0,46,66,64,72,86,74,100,63,57,40,57,74,53,44,28,41,60,41,53,42,42,57,27,35,119,67,59,83,45,55,56,64,52,28,75,22,54,55,43,48,36,42
AMJI031281-EPHI-622I-1,20,6,2,11,5,1,54,19,33,65,23,39,70,5,11,5,2,46,33,32,64,0,0,56,80,65,51,76,22,28,56,35,51,25,54,58,82,8,50,51,43,63,48,55,27,34,70,49,44,44,42,48,57,70,65,32,57,2,33,56,57,71,84,57,78,80,90,32,51,76,46,51,53,49,62,29,64,47,44,62,35,36,112,56,59,68,48,77,75,67,43,42,72,155,75,61,61,69,39,35
SOER052711-EPHI-622I-1,16,15,2,17,15,7,55,37,24,48,24,36,39,13,14,10,1,35,27,26,39,0,0,49,66,47,65,62,34,34,69,46,49,28,71,50,58,5,35,41,62,57,37,51,4,0,49,49,29,35,35,48,53,44,78,26,48,0,34,69,56,71,66,73,87,65,54,48,42,73,39,37,32,44,51,38,44,51,35,64,30,28,106,53,59,59,40,50,63,71,44,30,59,27,48,46,46,53,27,26
ET-SL-1401-EPHI-622I-1,21,6,4,23,9,4,38,33,35,58,23,26,38,4,14,5,3,24,23,15,45,0,0,44,57,50,49,43,30,40,45,22,47,18,47,42,80,6,27,49,37,41,37,42,7,0,44,51,30,38,21,48,30,55,67,14,34,0,22,38,46,66,65,67,57,46,45,31,35,62,34,28,31,35,47,40,36,49,25,55,32,34,81,42,58,76,35,49,61,44,55,21,44,7,47,37,36,55,22,28
AMJI031306-EPHI-622I-1,16,6,13,13,12,7,45,26,26,23,21,10,44,15,16,5,1,30,27,31,41,0,0,29,56,62,43,46,26,28,42,35,42,26,42,52,68,43,35,36,28,52,43,39,23,3,51,46,41,35,25,50,41,36,53,19,31,0,39,49,41,44,46,45,57,50,55,38,38,49,36,30,30,32,45,32,49,37,28,43,14,43,99,48,58,50,31,44,46,43,49,25,49,29,39,44,39,33,44,28
ET-MT-422-EPHI-622I-1,21,10,9,11,8,2,39,30,28,44,19,27,30,19,16,8,1,33,26,31,46,0,0,52,58,44,52,58,24,36,60,33,47,27,49,47,72,15,44,46,31,48,53,47,4,0,52,62,45,47,31,44,49,42,57,26,39,0,39,65,63,61,59,56,70,65,42,57,42,59,44,37,31,45,46,41,52,23,37,35,27,39,108,52,57,71,34,63,71,56,45,24,55,21,42,44,56,57,20,35
GAAB092503-EPHI-622I-1,21,10,4,20,11,2,62,27,25,45,18,33,43,17,9,6,4,41,15,25,36,0,0,39,53,45,39,41,13,26,31,28,32,22,37,35,72,5,42,33,38,58,45,52,34,50,52,38,43,47,38,37,62,46,74,29,55,1,35,51,51,67,53,48,87,64,68,38,36,70,38,36,28,31,36,32,31,31,36,43,24,39,118,39,57,61,30,50,57,53,39,41,55,10,55,44,48,49,42,35
AMJI031203-EPHI-622I-1,20,3,2,8,38,27,55,29,29,47,30,23,13,0,22,8,0,33,33,9,63,0,0,56,66,58,47,41,25,33,41,38,53,29,40,44,65,63,34,46,32,57,50,52,18,7,61,45,32,44,36,50,38,42,58,27,39,1,34,70,55,73,58,67,75,61,64,46,49,84,42,39,36,43,53,42,27,46,43,55,35,48,126,64,57,67,36,61,54,59,58,40,59,18,65,62,56,50,33,34
AMWO031526-EPHI-622I-1,16,4,0,2,3,0,49,15,9,38,11,30,26,2,3,1,1,40,26,10,49,0,0,35,45,53,47,42,17,27,40,15,47,20,29,42,71,1,41,40,30,53,47,45,0,0,44,60,35,31,20,43,40,43,64,26,48,1,26,45,45,52,54,57,54,62,48,23,44,68,49,33,21,37,45,43,34,52,30,57,27,30,95,49,57,39,39,50,58,51,44,33,48,5,53,38,46,50,27,27
ET-MT-427-EPHI-622I-1,12,2,1,8,5,0,31,14,15,33,11,21,18,4,5,1,3,31,17,11,62,0,0,44,50,77,76,37,34,47,35,12,56,13,43,45,63,3,56,42,43,67,46,52,2,1,64,58,18,26,29,65,28,65,72,25,37,0,15,60,71,76,88,68,97,77,59,24,42,64,44,32,13,59,52,27,52,71,22,49,41,43,120,58,57,90,24,61,52,66,88,22,40,20,71,51,38,78,17,41
AMAN030918-EPHI-622I-1,11,3,1,3,2,1,33,7,9,26,9,29,10,1,0,0,0,23,19,8,42,0,0,28,44,37,66,40,22,27,22,7,36,9,28,27,49,2,22,37,34,47,37,34,1,0,32,52,11,13,20,47,23,45,62,17,12,0,14,49,59,80,69,63,70,67,60,18,37,65,50,37,15,52,51,28,54,38,25,31,28,23,117,38,57,89,20,50,30,41,67,29,41,6,76,52,24,46,15,39
AMAN031018-EPHI-622I-1,27,4,4,24,25,42,64,39,49,58,24,35,30,1,20,9,0,34,20,16,46,2,0,41,56,45,39,63,31,21,50,32,40,17,42,38,69,72,26,50,24,41,41,41,23,4,42,52,30,43,34,51,51,39,66,30,40,1,36,54,63,74,71,66,80,69,63,31,53,68,44,40,51,50,49,45,53,27,51,41,17,35,106,48,56,59,44,51,64,56,44,35,70,16,55,58,63,48,28,40
ET-SL-1462-EPHI-622I-1,22,15,20,18,17,4,43,36,51,43,22,32,30,26,18,12,4,25,31,27,45,0,0,38,46,45,30,73,16,27,50,30,39,21,40,46,65,34,30,45,15,67,44,43,27,1,46,39,28,29,26,46,48,34,60,21,26,0,36,37,42,52,72,35,78,70,54,35,42,56,33,34,33,32,27,36,54,36,40,62,19,22,79,57,56,54,36,65,68,47,40,30,37,66,39,43,43,47,28,43
AMJI031210-EPHI-622I-1,28,7,3,12,17,5,71,30,29,47,23,21,48,8,13,7,1,33,21,29,50,0,0,34,61,46,36,50,19,37,65,32,39,21,39,52,91,13,39,41,21,58,44,50,3,0,54,53,34,33,29,44,52,45,72,21,47,0,35,46,49,56,46,56,71,61,60,38,54,66,57,44,36,37,49,41,29,37,40,61,26,57,96,55,55,70,39,62,64,57,43,42,84,20,41,59,59,57,33,37
ORME040637-EPHI-622I-1,25,13,7,18,17,7,40,25,42,40,20,29,49,22,19,4,4,31,23,27,40,0,0,29,60,54,38,49,23,32,43,31,31,21,35,51,68,32,33,41,25,41,30,58,13,1,44,36,35,38,23,46,46,42,70,19,51,3,29,40,43,61,54,55,52,66,59,35,40,79,45,36,27,40,33,22,28,33,39,52,24,31,88,34,55,59,28,57,54,47,47,39,48,31,40,48,54,39,27,25
AMAN030924-EPHI-622I-1,17,11,5,22,22,5,47,30,31,24,21,30,38,21,14,14,5,30,23,24,22,1,0,23,46,26,29,44,19,19,40,22,33,10,26,25,52,31,30,24,24,41,27,32,10,2,31,36,22,34,24,30,40,32,54,19,34,0,28,37,27,39,62,32,53,56,44,21,43,41,34,27,29,28,32,29,31,38,28,32,20,29,56,49,55,47,31,53,55,41,27,26,41,27,31,34,36,38,26,25
ET-SL-1468-EPHI-622I-1,17,4,2,15,14,2,45,24,26,50,17,36,42,20,14,1,3,30,20,36,51,0,0,34,46,40,48,43,14,19,44,30,42,13,43,41,76,9,28,35,20,42,34,36,9,0,51,25,31,32,29,38,46,31,44,18,33,0,17,41,40,49,55,53,53,53,46,25,32,71,36,27,22,31,34,38,43,41,29,54,22,25,78,48,55,67,27,52,53,44,45,22,41,17,46,35,33,52,23,29
GAAB092413-EPHI-622I-1,28,6,1,11,13,1,56,23,25,38,16,32,31,1,16,5,5,23,25,7,36,0,0,29,50,28,32,42,17,32,40,27,31,16,42,61,61,12,17,33,24,33,41,28,5,0,36,43,24,48,25,39,48,46,53,22,53,0,25,43,57,54,77,40,63,56,47,40,43,50,52,33,38,32,40,31,52,34,38,41,27,35,93,53,54,62,36,56,39,44,45,29,47,58,48,40,37,35,25,32
ET-SL-1030-EPHI-622I-1,27,10,13,19,8,0,44,36,40,39,21,21,35,19,19,3,5,37,22,18,37,0,0,26,54,39,46,35,18,39,49,15,39,18,31,38,56,16,23,36,20,36,26,43,11,1,47,42,22,29,24,27,27,45,45,19,21,0,30,49,35,34,60,35,62,45,29,37,31,51,28,20,27,32,40,34,35,35,27,46,22,25,77,33,54,45,34,42,47,23,43,14,34,45,30,26,32,44,29,25
ORME040691-EPHI-622I-1,25,6,0,12,11,2,51,39,32,60,19,26,27,6,4,4,3,32,24,20,39,0,0,39,57,42,33,39,22,23,47,25,49,31,34,53,61,3,37,26,23,43,40,47,0,0,55,45,28,42,27,40,36,42,59,20,31,0,35,54,29,59,26,43,53,55,50,40,34,65,38,39,27,35,31,33,17,34,31,56,25,33,85,48,54,55,28,52,69,49,49,20,48,7,42,48,45,52,20,35
AMAN030991-EPHI-622I-1,23,7,2,7,10,3,77,27,22,46,18,29,35,5,7,4,4,45,24,14,38,1,0,49,59,32,55,68,23,32,62,28,51,19,51,42,87,12,30,41,37,66,51,54,5,0,48,44,39,43,29,35,51,48,86,25,54,0,29,56,68,70,87,60,94,77,60,38,65,66,47,31,42,40,55,43,58,28,37,55,27,40,112,43,54,83,37,103,67,47,44,36,65,10,62,57,61,52,47,40
SND1071806-EPHI-622I-1,23,11,9,23,7,1,69,45,29,61,14,36,62,23,21,9,0,51,35,35,54,0,0,57,80,63,66,62,29,43,57,39,55,27,60,54,100,12,44,67,49,64,44,67,18,0,67,67,50,49,34,63,59,58,75,28,54,0,37,70,67,74,79,60,84,67,67,45,61,92,62,35,41,44,65,59,64,52,44,45,37,37,99,61,54,80,44,64,69,43,58,46,68,47,65,57,66,65,45,48
ET-SL-1479-EPHI-622I-1,16,7,19,19,16,2,47,36,37,47,25,32,45,26,15,6,6,23,26,26,43,0,0,23,62,27,48,38,15,26,37,24,45,13,45,41,62,17,34,23,24,49,42,38,6,0,43,40,27,29,29,39,36,38,49,11,34,0,25,52,39,35,63,51,66,51,28,43,32,45,34,24,32,36,33,25,43,45,25,41,14,29,84,48,54,40,28,46,65,42,59,23,42,40,28,36,44,54,21,24
ORME040673-EPHI-622I-1,15,6,3,15,9,3,41,29,31,50,19,32,34,11,9,8,0,38,21,13,50,0,0,29,47,44,46,36,25,30,32,27,43,17,34,31,67,10,31,21,56,50,51,40,9,0,44,36,26,38,27,38,41,31,47,17,43,0,30,53,40,62,41,42,53,56,37,32,42,64,31,39,18,44,49,30,38,37,29,58,26,27,85,42,54,54,40,45,72,41,40,24,36,55,44,46,35,41,31,22
ETMT542-EPHI-622I-1,7,2,1,5,1,5,32,18,14,36,18,17,21,0,1,0,0,32,21,12,27,0,0,28,41,53,32,30,21,18,35,21,41,15,22,28,56,1,18,17,32,50,40,38,0,0,41,31,25,25,25,25,23,26,39,12,29,0,14,44,36,38,44,29,48,47,39,30,43,50,32,27,37,23,31,27,19,35,24,36,16,26,64,33,54,43,28,31,36,42,48,19,39,2,22,43,52,45,20,25
GAAB092530-EPHI-622I-1,36,15,10,28,34,9,64,42,43,44,22,24,41,0,25,11,3,27,20,36,52,10,4,27,47,37,43,35,23,16,45,32,30,21,42,32,68,0,26,35,21,38,38,41,87,73,60,40,31,45,32,30,58,35,62,23,50,0,27,44,52,62,71,44,58,60,52,45,44,63,52,44,34,32,43,23,41,33,30,58,21,27,106,43,53,49,23,60,58,53,34,48,66,20,51,58,52,55,35,32
AMJI031252-EPHI-622I-1,27,18,7,19,18,1,59,45,38,42,18,25,55,30,25,5,4,46,22,35,48,0,0,40,71,43,41,54,25,38,53,27,45,22,54,48,80,10,42,32,32,43,36,46,55,66,54,47,44,41,35,50,46,52,67,19,54,1,31,63,61,48,81,54,66,57,67,41,38,57,48,29,47,42,45,27,51,36,42,61,28,45,126,52,53,61,32,71,60,61,34,37,70,115,62,48,52,46,29,40
GAAB092425-EPHI-622I-1,24,7,3,14,1,4,66,30,27,43,19,24,49,13,10,5,0,34,34,5,45,0,0,34,49,29,47,56,22,19,46,28,45,18,41,34,67,12,30,45,31,61,41,62,10,1,34,45,34,42,33,37,41,62,64,25,43,2,22,37,52,80,79,48,63,55,54,41,48,58,44,28,31,37,42,29,68,39,37,47,20,33,88,43,53,68,31,48,62,53,32,36,58,55,53,56,55,40,29,36
ORAS040030-EPHI-622I-1,20,11,15,19,21,8,52,36,36,62,19,37,44,26,21,8,3,33,18,33,49,0,0,47,66,45,58,44,29,27,51,38,43,20,43,46,69,40,27,38,41,62,47,46,14,4,45,52,27,33,28,46,40,57,73,18,47,0,35,49,49,65,74,59,75,78,57,36,41,73,41,33,37,34,54,24,36,23,38,41,31,28,95,45,53,53,31,42,69,44,36,21,58,56,51,43,53,51,35,31
AMWO031547-EPHI-622I-1,19,26,33,18,3,1,41,40,13,56,18,29,37,0,17,10,0,42,25,0,44,2,0,36,55,57,50,47,22,25,57,35,60,19,41,45,58,47,33,47,34,42,44,39,7,1,48,55,39,40,33,36,48,36,56,19,44,0,36,53,47,65,56,52,73,58,16,39,47,72,62,27,26,29,26,32,36,34,41,42,25,31,91,38,53,52,26,43,61,44,38,30,41,4,42,41,48,53,36,26
AMJI031310-EPHI-622I-1,13,6,2,13,6,4,40,28,28,39,15,20,41,10,10,5,2,20,29,25,43,1,0,41,46,47,37,39,19,23,56,23,42,18,39,41,71,7,27,49,27,56,28,40,22,28,39,30,27,50,34,44,28,35,57,21,35,0,23,49,58,45,56,35,65,50,38,32,36,61,37,34,23,31,41,46,42,33,38,40,18,40,80,51,53,48,47,50,48,44,36,43,65,45,38,41,48,55,28,38
AMJI031258-EPHI-622I-1,4,0,0,2,1,0,25,5,3,28,5,15,8,0,0,0,1,31,16,5,41,0,0,47,45,53,57,32,19,38,33,6,25,5,30,33,42,2,32,23,27,62,26,20,0,0,39,46,15,17,24,42,27,42,33,14,23,1,11,44,58,59,46,60,52,63,49,12,33,44,51,21,13,53,40,26,40,44,15,31,29,29,103,21,53,64,21,54,21,37,79,17,57,4,71,50,23,38,18,30
ORME040638-EPHI-622I-1,27,13,10,24,20,6,43,34,37,32,23,25,43,24,12,6,5,30,18,30,42,0,0,38,48,42,38,37,22,21,42,34,41,21,36,46,74,14,21,32,36,52,43,42,9,1,42,22,24,32,26,32,40,33,49,21,48,1,43,43,47,71,67,48,61,47,45,39,38,74,41,24,26,42,35,49,41,28,30,51,15,26,89,37,52,44,40,32,57,44,42,41,46,59,46,42,47,44,28,31
ET-MT-331-EPHI-622I-1,21,9,4,17,20,7,46,30,30,36,17,21,40,18,23,13,1,28,17,23,41,0,0,28,47,36,39,45,26,25,49,24,31,23,39,35,62,47,33,20,26,39,33,33,17,6,48,41,33,50,31,30,46,38,47,15,36,0,28,37,45,53,51,32,51,36,52,33,27,42,31,24,19,28,40,27,35,28,36,43,22,27,83,49,52,39,26,33,48,34,38,32,51,25,42,37,40,41,23,15
ET-SL-1185-EPHI-622I-1,29,10,9,22,13,7,47,34,27,52,19,12,44,18,22,12,4,37,32,25,39,0,0,23,47,40,43,44,21,25,40,24,45,33,31,42,46,23,26,33,28,45,40,41,16,1,32,38,29,27,30,34,33,44,44,19,38,1,42,41,35,45,53,46,61,63,53,32,31,65,37,33,28,46,34,26,34,43,24,53,22,31,81,38,51,57,26,51,59,39,58,19,45,31,38,38,33,52,26,29
GAAB092435-EPHI-622I-1,24,14,3,16,16,17,50,37,28,54,22,31,32,5,24,7,1,49,17,17,51,2,0,36,48,50,43,49,19,21,49,32,57,23,34,43,70,38,23,45,33,52,35,53,22,4,45,45,32,30,19,48,43,47,56,17,43,1,21,52,40,58,82,58,75,67,8,27,40,53,46,44,37,29,30,40,59,35,48,42,31,26,106,43,51,85,42,62,66,54,44,44,80,19,56,53,66,37,33,34
ORME040686-EPHI-622I-1,20,2,0,3,6,2,64,26,12,65,23,35,36,8,4,2,1,32,27,21,41,0,0,33,48,38,36,44,13,33,36,29,27,20,29,40,76,6,35,25,28,58,50,58,1,0,43,47,34,25,30,44,38,41,61,25,41,2,16,65,43,63,28,48,56,48,54,46,50,56,42,28,33,27,38,30,22,39,38,41,30,49,87,45,51,69,27,53,51,51,45,36,72,51,57,57,51,59,42,27
GAAB092479-EPHI-622I-1,31,10,9,19,4,3,51,28,32,55,23,30,47,21,18,14,4,32,22,9,41,1,0,41,55,27,39,45,29,23,62,40,43,20,46,49,67,43,41,47,22,48,3,50,31,15,39,39,38,53,25,32,50,45,67,21,45,1,28,55,52,60,79,54,49,48,53,39,43,66,51,35,33,31,41,28,71,35,38,42,18,37,109,45,50,60,31,58,50,44,40,38,58,54,52,49,48,50,28,34
ORAS040018-EPHI-622I-1,27,12,6,21,8,3,51,43,32,58,22,28,48,14,26,8,1,42,37,33,44,0,0,30,65,64,38,61,31,32,63,24,48,23,29,44,87,11,35,39,45,55,45,47,8,0,53,49,44,41,34,41,51,38,61,34,39,0,44,60,49,47,38,53,58,63,60,34,46,70,39,25,25,42,53,37,29,46,41,46,31,28,100,43,50,74,28,52,61,42,49,22,59,86,61,47,57,63,39,33
AMAN030921-EPHI-622I-1,26,5,0,12,2,4,48,7,13,42,24,25,40,4,4,10,4,30,21,11,35,0,0,34,48,26,34,40,24,23,37,13,35,11,34,30,54,4,34,36,36,45,39,41,3,0,37,28,20,38,23,38,37,27,49,30,35,0,22,46,31,52,79,65,68,62,60,36,53,68,45,50,34,34,25,28,35,27,28,41,24,26,101,37,50,53,33,53,47,56,46,26,49,8,51,43,42,42,24,36
SNSE072107-EPHI-622I-1,17,2,3,6,5,2,32,15,22,28,11,23,19,2,5,1,0,33,18,15,40,0,0,29,40,27,42,27,23,15,27,16,29,8,26,24,49,7,27,36,19,52,28,30,5,1,46,33,22,20,18,37,30,41,51,18,26,2,12,38,47,57,82,50,62,51,46,25,33,46,48,19,20,43,36,27,47,48,13,33,31,32,131,40,50,65,18,43,47,48,55,33,40,14,47,30,28,42,17,32
AMJI031257-EPHI-622I-1,10,2,4,6,5,3,34,11,11,34,10,15,23,6,6,4,0,26,15,8,36,0,0,34,41,36,33,45,20,26,42,16,26,15,29,29,56,10,25,31,26,48,35,33,2,0,32,37,22,30,18,31,35,34,47,12,33,0,14,39,44,44,58,35,52,53,39,28,44,45,37,21,18,29,34,34,43,28,29,39,23,32,76,33,50,48,17,49,47,37,27,36,60,11,37,37,33,36,33,29
ORME040678-EPHI-622I-1,10,3,1,4,2,0,36,8,8,39,11,17,15,2,3,5,8,20,20,3,29,0,0,30,42,33,35,43,17,24,37,11,28,13,26,29,57,2,17,18,22,32,24,35,4,7,25,24,23,29,17,31,27,25,58,17,36,0,15,41,35,52,28,29,53,47,38,35,35,43,29,27,32,35,39,26,18,25,19,34,15,35,66,36,50,58,23,50,34,32,29,22,41,7,38,45,34,38,19,22
AMJI031211-EPHI-622I-1,9,1,1,2,2,2,35,8,6,45,7,23,16,1,1,0,1,44,20,8,63,0,0,46,61,65,50,30,21,37,30,9,41,9,38,42,62,1,44,53,45,76,29,33,1,0,56,64,23,22,18,54,31,60,67,20,29,0,7,59,51,68,64,50,57,52,60,26,52,80,55,31,14,42,52,41,43,57,22,37,35,30,98,43,50,64,27,53,44,60,69,15,45,2,59,38,31,60,14,26
ET-LT-700-EPHI-622I-1,21,6,5,6,10,7,43,27,20,36,20,22,43,12,15,6,4,38,21,19,48,0,0,51,52,44,44,51,23,29,41,19,47,19,33,44,55,16,33,35,31,54,39,42,11,0,39,34,24,38,34,47,46,36,59,29,39,0,26,54,58,67,60,40,61,57,46,28,40,64,49,39,39,29,45,32,37,42,32,47,20,34,98,63,49,64,43,44,70,51,46,33,43,24,48,52,50,47,24,22
ET-MT-199-EPHI-622I-1,14,13,3,15,13,4,41,32,26,32,19,9,22,12,15,3,1,17,13,25,30,0,0,24,28,29,23,39,10,15,45,18,27,17,26,23,45,21,15,34,22,27,26,24,6,1,32,23,28,29,24,23,34,24,37,10,27,1,23,23,40,42,41,27,45,42,40,19,39,40,27,20,26,16,28,17,25,32,15,39,22,22,65,28,49,45,24,29,29,33,32,16,32,34,32,35,20,32,21,20
AMWO031534-EPHI-622I-1,15,9,3,17,18,4,70,41,43,49,24,33,43,7,17,12,2,37,22,27,43,0,0,48,48,41,42,39,21,20,45,35,41,29,40,44,68,5,30,44,33,54,44,52,4,0,43,42,43,40,23,55,52,38,57,20,38,0,30,44,63,71,48,43,62,55,43,33,43,79,57,31,43,34,44,35,38,33,34,48,29,34,97,64,48,57,43,52,52,50,44,38,52,30,53,59,50,54,37,26
ET-LT-707-EPHI-622I-1,11,9,3,20,13,1,48,30,37,45,19,41,33,6,8,5,3,33,23,10,42,1,0,29,53,49,45,53,20,19,33,27,40,20,43,40,79,3,25,35,38,56,29,53,2,1,46,42,28,32,32,42,37,36,73,17,36,0,29,59,37,54,45,50,59,50,46,36,37,54,31,29,32,38,34,38,27,36,19,42,21,34,103,46,48,67,31,58,57,51,58,25,28,4,31,47,35,41,26,35
ETMT575-EPHI-622I-1,8,0,0,2,0,2,21,10,7,41,16,33,18,0,1,1,0,31,21,6,51,0,0,37,55,66,44,38,27,40,35,14,44,11,29,34,47,0,35,37,37,46,44,41,0,0,63,55,34,18,36,46,33,34,51,18,26,0,16,45,32,40,38,61,68,64,34,30,46,69,36,33,22,44,49,52,23,48,22,49,28,29,88,35,47,56,24,49,52,43,54,24,44,0,52,38,38,61,13,19
GAAB092535-EPHI-622I-1,25,1,0,13,27,17,57,25,4,51,25,35,18,0,6,3,0,25,22,3,46,0,0,37,64,48,35,53,22,22,53,26,52,20,36,54,81,36,38,35,39,66,42,63,0,1,1,36,38,30,27,40,52,27,68,26,53,0,34,61,60,62,32,41,60,47,65,37,45,66,58,40,25,32,42,24,16,27,40,49,25,33,73,48,46,81,35,41,48,60,41,20,54,51,55,59,52,47,35,27
ORME040634-EPHI-622I-1,24,12,2,18,18,1,47,48,45,58,31,28,35,15,14,6,6,31,19,32,41,0,0,47,55,49,46,60,32,23,54,35,42,20,47,51,63,16,30,50,33,41,29,37,8,0,44,45,35,48,35,33,60,46,61,25,36,1,37,60,53,58,46,32,74,55,52,44,41,78,45,51,36,35,35,20,32,39,30,51,21,37,79,62,46,69,37,57,62,49,43,37,52,62,44,50,50,52,27,31
ORBA040307-EPHI-622I-1,19,10,9,9,9,4,36,22,20,28,15,27,27,17,15,7,1,24,13,16,31,0,0,38,32,23,36,36,14,22,29,24,39,20,29,31,61,52,23,28,23,27,28,29,17,5,33,26,20,30,27,40,28,44,42,13,22,0,16,39,45,59,48,43,58,39,47,21,34,47,30,15,20,24,40,22,35,25,31,30,17,36,88,40,46,58,23,34,39,37,38,30,45,37,27,45,37,30,25,33
GAAB092446-EPHI-622I-1,24,13,11,18,15,5,58,27,37,45,24,30,30,3,9,3,1,23,26,18,41,6,4,21,38,26,40,48,8,12,38,20,36,8,33,38,65,38,29,38,16,42,33,34,24,7,38,41,27,34,30,33,39,35,48,10,28,1,29,34,40,52,58,36,68,53,36,27,33,51,33,29,21,23,33,28,52,30,21,38,23,28,67,47,45,46,27,56,46,32,36,25,43,61,32,28,37,39,20,31
AMAN030971-EPHI-622I-1,20,7,2,10,8,4,39,30,22,27,14,14,22,5,14,5,3,29,12,12,31,0,0,23,40,19,43,22,20,24,36,17,22,7,35,29,52,56,22,28,13,29,28,27,7,4,34,30,26,27,27,31,35,24,54,16,34,3,19,42,34,38,49,35,52,57,39,21,35,53,42,43,20,22,18,26,24,23,19,26,12,21,74,43,45,42,23,43,37,53,28,35,37,14,45,28,43,31,24,26
GAAB092424-EPHI-622I-1,14,3,5,6,5,2,31,17,20,29,9,29,26,10,12,0,1,25,13,13,37,0,0,19,33,22,24,31,16,19,31,16,23,17,35,18,52,9,21,24,23,40,29,31,7,1,41,34,23,30,17,22,27,38,50,17,41,1,27,42,39,54,66,36,48,41,46,25,41,38,30,24,20,33,39,23,31,25,20,35,15,21,81,32,45,35,33,34,52,45,27,21,32,60,55,41,32,41,20,21
AMAN031008-EPHI-622I-1,2,0,3,2,3,0,20,9,14,20,7,13,18,3,3,3,0,27,11,12,46,0,0,32,33,32,42,29,21,24,18,11,32,14,25,28,29,2,29,26,23,48,32,24,8,14,37,34,14,17,15,40,31,44,37,14,28,2,14,41,39,53,43,44,59,52,37,28,36,45,38,18,13,26,25,33,40,38,10,22,28,27,68,29,45,51,22,34,26,44,37,22,30,101,36,37,33,49,15,33
ORME040660-EPHI-622I-1,34,22,9,18,22,5,51,45,41,45,33,30,43,29,20,10,5,37,25,33,45,0,0,22,37,37,26,54,22,18,44,28,49,21,43,56,68,28,37,38,34,52,53,45,9,0,32,33,36,39,25,38,57,35,58,25,44,2,34,47,35,80,87,61,85,64,48,35,39,59,41,33,38,29,35,27,42,32,44,48,28,48,102,44,44,72,35,46,64,51,50,28,61,57,45,41,38,43,26,39
AMAN031027-EPHI-622I-1,12,1,0,0,4,0,19,13,15,16,9,15,10,1,3,0,0,24,13,14,40,0,0,33,31,34,43,31,16,21,23,8,27,6,22,15,40,2,32,28,21,55,27,20,1,0,37,32,19,10,26,36,21,35,39,16,23,0,12,29,33,45,43,44,47,37,39,25,28,41,24,23,16,29,28,20,27,25,17,25,18,25,62,37,44,58,17,37,26,31,39,16,39,3,59,31,24,40,16,27
AMJI031245-EPHI-622I-1,9,0,0,3,1,0,35,4,4,34,5,26,19,0,0,0,0,14,17,8,33,0,0,37,41,47,31,28,19,22,24,8,31,7,22,33,43,9,22,26,23,42,37,20,1,0,44,40,21,16,19,43,35,37,37,19,17,0,7,32,51,40,37,43,47,43,45,23,24,53,37,20,11,27,29,32,18,41,23,23,18,29,71,39,44,51,24,26,32,36,51,24,37,5,30,32,27,41,19,24
ET-LT-989-EPHI-622I-1,26,9,9,16,18,3,54,43,29,55,25,29,37,25,14,7,5,29,26,26,41,2,0,40,75,45,55,60,35,32,46,29,63,29,49,53,69,18,41,52,35,43,40,50,17,0,36,42,45,38,36,40,34,30,65,19,37,1,36,57,42,70,58,48,76,66,40,40,41,80,35,30,31,42,48,41,43,40,35,58,22,28,79,41,43,59,42,54,67,46,60,24,58,29,43,32,43,47,27,30
AMAN030932-EPHI-622I-1,22,6,4,13,6,1,33,28,33,40,17,29,29,12,11,1,3,26,24,23,32,0,0,25,43,32,30,39,14,23,42,28,33,8,28,31,39,6,24,26,27,33,33,40,2,1,28,20,21,32,19,22,28,27,45,13,32,1,28,29,37,49,40,30,52,38,38,24,33,46,28,24,28,27,38,25,30,22,22,30,14,34,71,27,43,50,26,46,44,33,27,21,39,10,35,37,52,37,23,19
ORAS040004-EPHI-622I-1,16,3,1,18,11,4,39,23,30,34,15,19,31,10,15,6,2,27,25,17,28,0,0,28,31,38,45,38,17,27,37,31,21,16,27,20,59,7,25,25,19,32,36,28,3,0,38,40,26,27,23,36,28,34,49,15,16,1,18,37,38,45,34,41,50,52,34,23,22,50,25,27,24,22,41,31,34,34,22,38,17,22,58,38,43,36,24,33,51,37,32,12,37,11,40,26,25,30,17,19
ET-LT-1001-EPHI-622I-1,13,11,6,12,14,2,25,22,19,31,11,19,22,17,11,4,2,15,15,21,27,0,0,18,24,24,22,28,12,14,33,20,26,13,29,25,32,16,25,24,16,32,26,23,12,0,26,30,18,26,16,28,27,19,43,13,18,0,21,24,30,39,38,21,40,27,27,21,19,26,18,17,18,19,31,23,25,25,16,25,13,16,54,30,43,34,28,31,33,24,37,19,26,16,33,32,18,31,16,12
AMAN030998-EPHI-622I-1,12,5,2,13,10,4,45,23,33,36,10,30,48,13,5,4,2,25,22,20,47,0,0,38,42,53,33,47,28,25,49,41,38,14,40,36,75,8,27,42,32,59,36,45,3,0,32,48,32,33,12,40,45,35,41,15,41,1,34,54,57,52,55,47,46,69,44,23,48,70,54,32,31,41,49,25,30,48,34,40,15,39,92,39,43,57,32,43,56,42,30,37,44,23,54,47,38,52,31,40
ET-MT-390-EPHI-622I-1,25,10,10,13,16,6,37,30,24,47,25,16,45,19,13,9,4,24,26,33,38,0,0,43,64,48,52,50,23,28,52,27,43,22,51,42,74,22,27,45,31,52,33,31,20,0,46,35,31,31,34,41,43,48,78,12,33,0,26,39,53,56,72,53,62,69,39,29,45,51,40,27,23,33,40,32,44,49,32,45,31,28,85,49,42,53,27,42,61,27,55,21,35,29,41,37,47,42,19,25
ORME040683-EPHI-622I-1,20,15,13,17,24,3,47,41,26,34,11,17,31,32,20,5,9,13,20,21,33,0,0,19,34,21,28,42,19,27,42,17,21,15,29,33,46,34,27,31,17,32,30,28,21,1,26,28,27,36,20,33,38,21,36,11,35,1,28,28,22,46,45,28,50,45,38,31,33,54,26,28,40,27,32,30,46,32,22,41,19,21,80,31,42,50,20,40,53,27,31,25,40,45,24,33,46,33,23,28
ET-SL-1511-EPHI-622I-1,17,9,4,9,11,3,17,13,18,22,10,19,22,7,9,2,2,15,13,17,24,0,0,26,32,29,31,28,16,13,25,14,28,14,27,26,63,6,16,32,26,29,23,27,6,0,20,31,19,16,18,33,23,27,32,15,28,0,19,28,36,40,34,21,42,32,20,22,16,34,21,16,25,31,19,19,34,27,18,35,13,15,54,23,42,38,25,32,45,36,28,12,19,36,20,18,20,34,22,14
SNSE072101-EPHI-622I-1,12,8,6,11,11,3,29,20,14,28,17,22,28,9,8,7,2,26,16,20,31,0,0,32,42,30,33,33,20,26,27,14,35,6,23,34,55,6,17,35,13,42,35,36,6,0,30,31,18,26,15,32,34,33,52,13,34,0,18,37,30,50,56,41,48,46,37,23,23,48,40,26,22,25,33,18,29,24,15,26,18,31,69,32,42,40,20,32,34,46,29,18,32,14,39,24,31,44,18,24
AMAN031007-EPHI-622I-1,23,4,3,9,12,1,33,13,17,43,11,33,34,1,8,6,1,23,16,6,43,0,0,32,51,35,37,39,26,31,47,26,34,14,44,32,44,6,23,41,29,45,33,37,2,0,43,39,23,39,15,40,31,33,42,24,23,0,21,23,50,50,56,43,53,58,39,32,27,46,34,27,16,31,31,24,36,33,22,37,21,32,79,53,41,49,29,43,51,52,29,34,55,14,44,42,50,41,18,29
ORAS040001-EPHI-622I-1,12,4,2,12,6,4,41,23,19,36,12,28,31,5,9,1,5,28,19,28,28,0,0,27,43,36,35,33,16,31,27,21,40,21,27,26,56,35,26,31,28,37,36,20,8,3,29,37,25,34,25,24,30,38,48,16,19,1,19,38,31,40,55,29,40,37,44,18,30,45,25,21,23,35,33,34,34,27,20,39,19,26,77,35,41,44,28,35,38,30,38,25,32,96,29,34,45,29,19,22
AMAN031015-EPHI-622I-1,11,10,2,13,8,5,38,20,24,25,13,21,29,10,11,4,3,26,12,13,28,0,0,26,36,41,43,38,21,29,34,14,27,15,32,22,45,9,18,37,22,45,18,26,1,1,37,41,23,28,18,32,24,45,49,11,29,3,18,36,41,58,47,46,69,44,61,26,38,56,29,38,23,25,33,23,37,26,32,22,30,23,98,42,41,45,26,40,41,42,40,22,49,20,37,52,37,40,14,28
GAAB092457-EPHI-622I-1,30,10,2,14,6,2,45,19,37,25,20,19,22,0,11,7,0,13,13,20,29,2,0,19,25,25,24,39,10,16,21,17,36,10,40,21,34,35,12,19,18,36,22,26,20,1,25,17,12,18,19,15,40,26,43,20,20,2,24,36,26,34,53,29,54,42,43,22,33,33,31,29,32,22,14,17,19,27,22,23,19,19,44,16,40,39,28,34,31,32,23,19,32,19,31,24,29,20,16,16
GAAB092505-EPHI-622I-1,30,14,5,16,20,4,57,37,43,40,21,19,33,22,18,4,7,27,17,2,39,0,0,36,42,28,33,36,13,31,46,33,35,19,34,35,55,20,27,40,21,47,33,34,9,0,31,34,22,42,18,27,37,34,57,23,42,0,21,42,41,57,41,43,46,56,47,22,34,60,35,26,18,29,33,27,26,26,23,40,25,21,84,43,40,50,30,39,52,42,38,32,43,2,40,45,44,40,28,31
ORME040609-EPHI-622I-1,4,1,0,1,2,0,20,5,4,26,6,14,2,0,0,0,0,16,17,4,27,0,0,26,33,33,37,20,8,19,16,9,18,6,19,35,46,1,28,21,26,39,18,33,1,0,48,30,14,9,16,35,13,21,31,13,20,0,6,40,28,56,9,25,29,21,28,19,27,36,24,25,9,22,35,13,4,45,21,16,19,20,43,22,40,52,12,44,28,32,44,14,44,1,37,29,27,37,7,15
ET-MT-471-EPHI-622I-1,25,5,2,12,13,3,36,23,25,35,18,19,23,3,13,6,0,20,23,14,39,0,0,29,47,39,42,37,21,25,46,18,31,27,24,32,50,10,28,25,18,36,39,41,3,0,36,36,19,35,34,34,43,27,56,21,34,0,32,48,43,56,46,34,38,38,46,29,43,42,33,21,29,33,33,25,39,33,32,44,22,36,66,35,39,56,26,54,35,35,37,27,47,14,45,46,47,38,27,28
AMAN030963-EPHI-622I-1,23,3,2,10,6,3,36,14,22,29,16,25,37,5,10,2,3,24,28,19,28,0,0,29,48,25,32,32,14,19,37,34,29,23,28,31,53,9,31,35,27,36,43,45,4,0,32,25,17,40,26,27,43,31,41,24,35,0,36,40,41,40,43,51,61,38,35,32,35,44,32,29,16,26,25,26,30,23,17,39,16,23,65,27,39,51,26,35,41,33,32,31,33,51,31,27,47,24,24,24
ET-SL-1475-EPHI-622I-1,16,15,4,13,15,7,39,33,27,31,18,11,36,29,24,7,4,26,19,30,34,0,0,38,48,53,36,44,27,24,47,23,41,19,39,49,71,18,43,53,35,48,37,38,12,1,38,31,29,44,23,25,50,49,53,22,29,0,31,47,41,53,57,38,71,47,48,25,35,62,32,30,27,29,39,40,46,35,23,47,31,32,85,49,39,61,29,48,59,39,49,19,44,67,37,38,50,52,34,30
ET-MT-475-EPHI-622I-1,11,2,2,2,3,0,19,9,9,22,11,13,17,3,2,4,2,16,16,2,19,0,0,22,38,24,29,25,15,23,30,11,22,13,19,23,35,5,19,26,21,37,32,18,2,0,33,29,21,19,21,22,23,24,33,22,26,0,12,32,29,42,48,14,51,43,27,22,23,29,30,22,13,22,29,18,18,15,14,23,17,10,67,23,39,25,20,30,34,26,17,20,26,9,33,15,16,26,12,13
AMJI031280-EPHI-622I-1,15,12,7,13,12,2,35,42,23,39,10,30,36,22,12,11,2,22,27,20,45,0,0,32,45,34,42,43,12,30,43,34,34,17,35,27,62,11,22,31,29,37,35,39,34,39,42,44,35,39,27,42,60,37,49,16,34,2,27,47,37,52,59,38,43,56,47,30,25,55,38,26,35,20,24,31,40,33,21,36,23,23,102,39,38,50,33,39,66,46,42,24,63,73,32,43,39,32,22,26
ORME040655-EPHI-622I-1,12,11,3,19,20,6,46,32,38,26,20,12,29,23,13,5,4,22,14,19,31,0,0,25,33,24,32,42,12,23,36,18,25,18,33,19,47,26,22,30,22,36,26,28,8,0,37,24,24,21,24,25,19,21,43,15,39,0,30,38,38,41,47,33,71,54,44,39,33,59,28,32,16,17,28,22,40,24,26,32,17,27,73,30,38,35,29,36,36,28,33,22,52,23,33,40,40,31,23,24
AMAN030999-EPHI-622I-1,8,6,3,4,4,2,21,12,12,29,4,19,12,4,9,0,0,24,13,9,42,0,0,30,33,29,28,31,18,15,28,16,20,5,21,26,50,6,24,21,16,47,33,22,1,0,31,35,17,14,16,29,23,38,38,15,27,0,16,38,29,36,31,37,37,32,33,24,22,44,24,26,13,24,37,25,16,24,19,18,9,18,75,29,38,47,26,42,30,35,36,25,41,69,34,32,25,37,24,13
AMWO031628-EPHI-622I-1,3,0,0,0,0,0,15,3,1,19,6,14,5,0,0,0,0,14,7,2,17,0,0,26,30,26,25,16,16,14,16,7,19,3,16,22,23,0,13,12,14,29,11,19,0,0,32,26,7,7,11,28,10,17,24,18,8,0,1,33,42,47,12,30,17,27,24,6,25,41,23,22,13,21,25,15,11,19,13,26,10,22,48,23,38,50,7,30,13,27,22,20,30,26,23,29,12,31,6,11
AMWO031630-EPHI-622I-1,23,2,1,10,3,0,46,25,28,52,18,22,33,3,3,9,1,31,16,22,41,0,0,39,60,53,44,39,16,34,50,35,49,32,48,40,75,25,30,46,26,48,38,44,3,3,46,26,33,32,31,38,40,38,44,26,33,0,36,53,46,66,30,55,56,54,45,43,45,51,58,27,29,35,42,29,27,32,29,51,27,28,100,45,37,51,31,45,47,44,33,34,40,70,41,36,45,27,28,27
SOER052744-EPHI-622I-1,15,0,0,11,26,23,32,18,14,39,17,20,12,0,10,3,2,34,11,3,29,0,0,39,39,37,29,37,18,27,38,16,37,16,32,33,52,31,26,28,27,49,31,35,0,2,49,37,26,32,27,31,31,25,54,20,30,0,21,47,38,53,35,40,44,58,45,35,24,49,39,31,24,27,26,26,22,21,30,25,26,29,67,51,37,47,28,50,56,38,33,25,44,4,40,43,42,48,29,15
ORME040669-EPHI-622I-1,20,2,0,7,3,2,23,12,12,27,13,19,23,3,2,1,6,22,7,7,28,0,0,19,32,21,20,22,9,10,16,20,13,12,20,28,28,1,16,13,19,29,20,28,1,0,24,17,17,24,14,17,20,12,26,11,23,0,9,22,23,34,14,19,30,32,24,15,25,29,29,15,17,25,26,13,7,23,18,23,19,24,33,27,36,34,12,26,29,22,23,16,16,1,35,24,27,22,21,10
GAAB092472-EPHI-622I-1,19,2,1,7,18,23,46,22,24,33,17,20,29,0,10,10,3,20,13,7,30,0,0,34,43,19,32,33,15,17,31,13,22,14,29,22,45,22,17,28,19,28,28,47,6,4,35,34,23,33,19,28,34,23,52,14,27,2,23,39,21,33,63,40,51,39,5,29,26,50,25,27,30,21,24,22,38,20,23,29,18,33,87,41,36,42,19,41,42,32,23,25,44,40,35,40,28,31,26,33
AMAN030982-EPHI-622I-1,13,8,0,9,6,4,30,22,20,27,12,20,19,6,14,7,5,16,15,17,22,0,0,16,23,24,20,30,17,8,34,25,24,10,19,27,35,14,18,20,14,33,20,24,2,0,25,20,14,26,13,16,24,27,39,14,27,0,28,18,29,39,41,16,36,33,29,21,24,21,25,14,19,23,18,11,30,8,18,19,16,16,63,23,36,28,16,18,33,30,27,17,34,18,30,29,25,27,24,21
GAAB092468-EPHI-622I-1,11,23,22,10,23,1,38,21,12,29,17,23,25,0,14,0,0,21,7,2,30,4,0,18,27,24,18,32,14,11,34,18,23,11,23,25,37,25,21,29,19,39,21,32,30,34,24,25,25,28,19,22,40,16,39,12,30,1,16,25,31,40,39,24,45,41,28,16,25,41,24,29,22,16,22,20,32,23,31,26,17,27,74,35,36,36,30,42,33,23,16,17,26,32,34,27,34,18,25,16
ET-MT-421-EPHI-622I-1,9,2,2,6,3,2,28,16,12,16,9,13,17,12,7,5,2,15,15,8,24,0,0,20,28,30,18,28,9,23,25,16,27,8,21,19,36,11,19,21,14,32,25,21,6,1,32,32,20,18,17,29,40,27,35,8,17,2,11,21,33,33,40,25,42,36,35,18,26,42,21,13,22,21,18,16,20,16,22,37,10,23,61,29,36,37,24,28,38,34,22,20,28,15,34,34,32,31,15,16
ORBA040303-EPHI-622I-1,9,5,1,4,5,4,21,8,4,22,7,16,18,2,3,4,1,26,12,2,34,0,0,28,29,19,29,21,18,15,20,8,14,5,14,26,26,2,24,22,17,37,22,22,4,0,25,25,14,13,15,21,24,27,40,22,29,0,11,36,21,25,36,24,51,48,31,16,25,28,33,16,16,24,30,17,27,14,23,27,17,18,50,22,36,25,19,34,28,24,28,17,24,8,29,23,18,28,11,20
AMJI031254-EPHI-622I-1,5,6,2,16,16,4,31,26,26,28,13,19,19,10,13,5,0,19,14,14,14,0,0,19,29,29,19,30,10,16,25,10,26,15,21,32,41,12,16,27,13,33,20,29,2,0,26,39,17,25,18,18,27,25,40,13,22,0,25,34,19,37,26,29,42,34,39,21,29,42,26,22,19,15,31,14,17,14,25,27,13,23,58,29,36,44,24,25,36,35,21,31,37,18,31,30,35,26,22,17
ETMT573-EPHI-622I-1,3,0,0,2,7,7,17,3,8,16,7,16,0,0,0,0,0,16,9,0,20,0,0,22,29,33,33,20,13,20,13,6,33,2,14,33,35,8,26,20,16,24,24,23,0,0,30,30,10,7,16,27,13,19,40,14,12,0,4,30,25,43,21,35,37,38,24,16,21,34,24,18,14,24,23,22,16,26,22,23,15,18,52,32,36,33,16,32,22,28,35,10,24,3,38,32,21,39,15,15
SND1071801-EPHI-622I-1,25,16,2,21,14,4,40,34,27,30,13,21,30,20,17,2,4,26,18,19,29,0,0,31,32,23,26,23,15,11,36,14,28,13,30,36,45,17,21,26,16,45,34,44,5,0,32,28,26,20,21,28,37,30,50,14,38,0,20,38,32,49,46,31,51,34,45,30,41,56,28,28,23,25,33,24,43,30,31,35,13,23,96,51,35,49,21,40,33,33,31,27,37,21,38,43,40,37,32,27
GAAB092458-EPHI-622I-1,22,15,3,22,16,4,33,26,28,34,13,28,30,18,16,2,4,21,14,26,21,0,0,22,47,20,33,32,13,18,39,17,34,10,21,21,47,24,23,24,26,38,25,39,32,52,28,25,33,31,18,31,43,35,48,19,27,1,22,37,27,37,57,38,51,52,41,24,29,42,32,26,31,16,29,23,32,23,17,30,17,19,78,34,35,37,27,31,46,33,25,13,34,44,38,36,22,41,15,19
AMJI031242-EPHI-622I-1,17,12,3,21,11,6,49,23,29,22,11,12,33,19,11,3,1,18,24,23,39,0,0,26,45,41,49,48,18,29,48,23,39,26,35,41,61,8,24,47,24,44,50,44,5,0,41,41,31,40,31,31,36,36,53,20,36,2,31,35,33,51,66,34,67,39,46,31,34,44,32,25,28,25,39,25,35,23,25,46,18,32,79,38,35,50,24,47,41,38,30,32,57,20,40,46,37,35,25,20
ET-LT-936-EPHI-622I-1,11,1,0,6,6,2,32,11,11,20,13,8,16,1,3,3,5,18,6,4,28,0,0,21,31,16,19,27,10,11,41,16,28,17,19,22,46,1,17,15,16,40,22,25,1,0,28,13,14,16,18,27,37,18,40,13,17,0,17,26,27,29,14,28,27,34,30,29,26,42,14,22,14,16,28,21,11,14,17,14,16,18,40,30,35,38,11,26,29,30,21,17,25,5,30,30,26,29,17,16
AMWO031563-EPHI-622I-1,10,4,1,8,4,1,37,17,20,37,22,17,27,1,7,5,2,34,35,23,42,0,0,27,45,32,29,38,21,16,42,17,46,22,28,31,57,0,23,33,27,30,28,38,0,1,46,39,23,29,23,30,34,31,35,24,29,0,34,46,34,54,30,49,49,53,30,32,29,53,31,19,22,34,29,12,22,29,25,45,29,34,67,47,35,34,23,50,49,42,39,15,42,6,40,35,32,41,22,32
AMWO031624-EPHI-622I-1,8,2,0,1,0,0,21,4,7,29,8,25,12,2,2,1,0,23,25,5,23,0,0,17,31,19,35,41,13,19,21,9,19,15,30,35,47,17,23,24,27,31,25,27,0,0,32,49,12,22,26,31,31,27,41,10,23,0,10,48,27,44,28,31,38,25,40,24,33,29,29,23,10,21,28,25,19,26,20,25,14,20,57,28,35,52,21,33,23,33,23,16,34,41,30,37,24,35,9,19
ORAS040027-EPHI-622I-1,1,0,0,0,0,0,3,0,0,3,0,3,0,0,0,0,0,13,0,0,38,0,0,17,9,39,82,3,15,4,1,0,1,1,3,5,10,0,19,12,13,68,3,2,0,0,16,13,1,1,3,46,2,39,14,3,1,0,0,19,23,47,86,86,53,29,18,0,27,6,23,4,0,56,9,8,103,53,1,4,37,7,134,2,35,62,2,18,5,24,85,8,12,0,85,24,1,21,0,11
GAAB092461-EPHI-622I-1,20,30,16,7,4,2,33,28,10,35,14,14,28,0,14,4,0,21,12,0,20,4,0,30,34,23,35,40,11,15,51,22,26,18,38,23,38,47,20,31,23,30,21,26,5,5,41,25,17,30,15,31,33,21,47,13,35,0,27,40,52,47,43,27,44,52,2,29,23,57,30,27,28,23,23,23,31,23,24,27,16,17,76,30,34,37,29,40,46,31,27,22,42,6,43,37,43,33,26,22
ET-LT-533-EPHI-622I-1,18,4,7,8,12,1,22,30,24,42,14,23,25,17,13,5,1,23,16,22,23,0,0,27,37,30,28,34,10,10,28,12,30,10,29,22,50,20,24,33,27,26,33,24,9,0,19,24,20,29,23,28,30,26,45,10,18,0,18,32,23,32,42,27,48,40,32,23,27,45,16,19,16,20,32,21,32,31,21,44,18,26,60,43,34,46,24,43,47,29,42,15,25,34,25,29,33,35,12,19
ORME040697-EPHI-622I-1,17,10,3,3,9,3,33,32,13,20,19,16,22,9,11,0,5,20,11,18,22,0,0,30,37,23,20,30,12,15,34,24,31,15,21,36,50,12,19,19,15,37,20,29,3,0,27,26,15,14,13,33,37,25,41,18,36,0,26,38,24,43,25,37,39,31,21,34,20,43,26,26,29,27,27,23,11,21,23,31,18,34,56,31,34,33,23,34,36,24,36,19,39,33,35,28,24,29,20,23
ET-SL-1460-EPHI-622I-1,16,10,4,29,20,6,58,32,37,47,25,21,40,15,18,3,2,28,24,29,48,0,0,25,75,43,38,39,24,36,49,28,40,23,49,38,73,62,32,35,34,54,40,38,15,6,41,31,35,32,37,42,43,29,41,19,38,2,32,54,37,52,45,48,59,50,56,37,41,51,34,34,33,38,50,32,24,35,32,39,29,33,70,56,34,68,32,43,61,36,43,27,43,35,47,42,31,52,31,26
AMAN030915-EPHI-622I-1,14,6,0,6,3,1,24,18,11,31,11,15,25,4,1,2,1,29,10,17,41,0,0,36,50,26,28,39,16,19,30,26,34,14,27,32,55,1,24,24,26,45,34,31,6,3,52,31,26,27,13,25,38,31,46,13,21,1,16,40,30,45,30,26,42,43,51,25,34,39,20,29,19,34,33,23,13,24,30,31,23,32,68,43,34,47,17,36,40,38,22,25,46,4,31,20,33,31,23,29
ETMT548-EPHI-622I-1,14,1,0,6,4,1,37,28,20,36,17,21,20,1,8,2,2,20,14,13,33,0,0,31,47,37,38,43,26,37,34,22,44,12,34,43,64,1,33,32,16,49,40,33,0,1,38,47,26,28,16,32,40,42,41,14,24,0,27,37,26,49,54,45,50,55,36,31,31,49,21,28,19,23,35,27,40,30,28,52,11,24,70,41,34,39,35,24,50,28,46,19,27,17,29,34,29,38,16,33
ORBA040301-EPHI-622I-1,14,7,1,6,5,1,22,21,13,18,9,24,24,6,5,0,1,22,8,13,35,0,0,17,33,31,27,24,18,16,25,15,23,8,21,26,37,9,18,23,21,39,26,31,7,0,35,18,9,19,11,31,25,22,40,11,21,0,16,32,36,38,37,38,49,35,39,20,23,40,32,16,9,24,29,22,29,24,17,29,19,17,72,27,34,37,20,45,31,31,34,22,38,19,31,30,33,28,8,22
AMJI031278-EPHI-622I-1,13,7,3,9,12,1,23,12,15,24,6,14,20,9,14,3,0,17,16,18,16,0,0,20,31,23,18,30,11,11,21,9,24,13,31,31,38,41,17,14,11,32,27,23,20,2,19,33,19,25,17,22,31,20,47,9,17,2,19,25,22,41,45,27,34,37,21,14,21,40,20,18,12,25,22,14,22,19,25,23,11,8,72,18,34,26,23,45,35,28,22,28,29,35,17,22,25,19,14,19
AMJI031249-EPHI-622I-1,12,0,0,10,14,16,27,8,15,38,9,16,8,0,5,3,1,23,13,2,29,0,0,25,26,29,22,26,13,24,32,11,22,12,21,33,39,20,23,19,20,35,21,27,1,0,24,33,28,32,17,32,40,24,49,10,26,0,13,38,23,33,26,29,31,36,30,16,43,39,26,29,23,20,20,20,17,26,19,34,12,16,55,26,34,41,23,43,33,21,29,15,35,2,24,28,28,28,21,28
ET-LT-633-EPHI-622I-1,12,3,2,5,11,0,28,21,15,27,8,18,23,11,7,5,2,18,9,18,29,0,0,29,21,25,23,28,9,14,32,17,19,11,18,22,27,6,24,16,18,32,20,31,5,0,25,22,21,26,16,24,27,24,33,10,18,0,16,27,28,29,21,23,48,29,23,24,25,28,26,27,17,13,22,18,24,22,13,25,12,21,45,23,34,39,26,38,42,39,30,16,44,14,23,24,37,31,14,18
AMAN030912-EPHI-622I-1,11,3,3,8,5,2,38,20,23,13,12,17,16,10,12,4,3,7,11,8,20,0,0,18,23,16,27,32,11,17,21,18,22,5,23,17,34,9,14,11,12,23,17,22,5,0,22,24,14,21,10,14,22,12,27,9,28,0,16,17,25,41,31,22,26,25,26,20,14,38,18,19,18,19,20,12,22,15,33,19,12,28,42,21,34,27,18,31,15,19,24,21,15,10,24,25,28,25,16,15
AMJI031266-EPHI-622I-1,10,10,6,11,12,4,29,14,22,17,15,19,29,15,17,3,0,20,16,14,32,0,0,30,35,26,27,31,14,22,24,18,38,14,41,26,45,15,19,22,29,41,29,27,7,0,40,25,19,33,19,33,28,25,36,15,26,0,28,45,31,35,50,37,39,32,37,21,39,49,24,21,20,25,26,24,32,26,23,21,13,23,67,32,34,38,21,31,34,32,32,27,41,24,39,18,29,24,24,18
GAAB092432-EPHI-622I-1,9,13,9,5,13,17,35,24,13,28,16,11,14,1,9,8,1,26,11,17,18,0,0,22,27,18,24,21,18,17,22,16,16,11,23,24,30,27,20,21,15,28,22,29,8,0,21,23,20,14,18,16,23,24,29,17,15,0,22,22,19,26,36,21,24,39,20,21,24,39,14,20,18,13,23,17,26,25,23,32,12,14,52,30,34,33,25,28,41,24,16,21,31,32,18,41,21,29,12,20
AMAN031010-EPHI-622I-1,8,6,1,7,6,3,28,11,8,36,6,14,19,2,4,1,0,27,21,5,36,0,0,31,33,35,23,41,13,24,32,10,17,8,22,34,46,3,28,24,25,36,22,26,6,10,34,45,23,21,17,45,24,23,44,10,23,0,12,31,44,51,44,36,46,47,46,23,23,43,26,17,14,34,30,33,33,22,27,30,20,22,77,31,34,67,21,37,34,46,30,27,40,9,37,42,28,50,15,20
SOER052797-EPHI-622I-1,5,0,0,1,1,1,18,2,4,16,8,7,8,0,1,0,1,15,6,5,32,0,0,18,21,24,25,15,11,15,18,10,21,4,13,22,18,0,18,13,18,27,25,22,0,0,29,25,13,8,13,30,17,15,36,7,20,0,4,35,23,42,22,19,40,21,24,10,17,30,23,15,12,18,30,31,12,26,18,17,10,19,37,22,34,27,13,23,24,38,26,22,27,4,31,24,21,27,11,18
SOER052735-EPHI-622I-1,0,0,0,0,0,0,5,0,0,1,0,4,1,0,0,0,0,9,5,0,23,0,0,24,20,26,32,14,18,17,3,1,13,0,9,13,13,0,18,12,18,47,6,5,0,0,22,21,2,2,6,27,2,16,14,6,4,0,0,25,16,24,11,25,13,8,21,3,12,15,20,12,5,33,25,14,8,16,5,9,13,15,32,12,34,36,3,16,2,23,22,4,14,0,28,14,6,29,2,8
GAAB092416-EPHI-622I-1,19,13,6,13,5,1,32,25,14,21,11,18,23,0,14,6,0,19,14,13,29,4,2,25,33,18,29,24,10,13,25,18,22,9,27,22,37,34,17,22,7,33,19,28,6,0,34,24,17,20,13,25,31,28,43,19,23,0,22,31,30,33,40,31,34,39,34,26,28,25,22,26,13,20,27,26,39,23,26,35,7,16,61,36,33,36,29,30,40,24,11,13,36,8,39,28,29,24,21,23
AMJI031267-EPHI-622I-1,9,4,0,5,11,2,25,21,15,24,11,14,28,2,6,2,2,22,9,11,36,0,0,16,33,33,31,29,11,13,35,10,26,16,24,26,32,7,30,18,9,41,28,29,2,1,30,29,21,26,25,16,29,34,31,11,23,0,20,31,29,38,30,37,43,24,21,25,15,31,27,19,28,15,16,20,20,21,20,37,12,13,53,23,33,36,16,18,25,20,19,16,29,14,34,30,23,26,20,22
ORME040611-EPHI-622I-1,9,5,0,17,13,4,38,21,32,30,22,27,28,13,11,6,1,20,25,16,40,0,0,30,44,38,35,35,20,19,33,24,30,21,31,24,52,10,21,29,29,29,30,30,3,0,35,21,25,28,28,37,42,28,44,15,31,2,23,51,38,46,20,30,39,45,38,29,38,58,31,29,31,31,35,28,22,28,13,41,26,27,71,37,33,33,22,40,48,47,37,28,50,60,35,31,43,25,25,21
SOER052762-EPHI-622I-1,4,0,0,2,0,1,19,2,3,15,9,14,7,0,1,0,0,14,17,6,22,0,0,17,24,11,11,14,17,14,19,7,25,7,18,21,30,0,21,14,13,31,19,25,0,0,30,35,13,14,12,30,14,12,29,9,16,1,12,20,29,33,23,13,25,26,31,14,16,37,25,11,13,22,12,15,14,21,14,30,13,15,34,20,33,15,12,22,19,28,19,13,32,4,15,28,15,28,13,12
GAAB092442-EPHI-622I-1,20,19,11,7,12,1,40,29,12,23,9,21,25,0,2,24,0,20,9,14,17,0,0,20,22,23,15,31,9,16,27,18,20,13,18,31,30,19,8,22,16,29,18,19,27,35,22,11,29,18,18,19,23,24,42,13,22,0,20,23,36,35,32,30,37,40,37,28,28,34,31,14,22,14,23,16,36,26,26,31,13,18,54,26,32,32,25,36,32,24,20,20,35,30,25,30,27,23,17,17
AMWO031555-EPHI-622I-1,9,3,0,11,11,3,36,24,21,30,12,19,33,1,6,6,2,17,15,12,37,0,0,35,45,36,43,43,10,21,37,22,34,22,28,17,41,27,24,30,19,32,35,32,2,4,32,22,21,28,19,28,33,30,61,22,37,2,20,37,41,35,36,36,44,38,39,22,33,55,33,27,25,19,37,25,33,26,25,45,16,25,80,24,32,43,26,23,48,31,21,27,35,62,34,36,37,26,22,28
AMJI031270-EPHI-622I-1,8,1,2,7,2,2,25,11,12,10,3,15,10,4,4,1,3,15,6,6,30,0,0,19,26,27,43,19,17,23,15,8,10,4,23,15,29,3,9,20,14,32,12,13,0,0,28,30,12,21,11,24,13,29,49,8,12,0,11,26,27,19,41,31,40,34,27,14,16,24,35,12,14,21,17,14,26,35,16,15,14,21,67,23,32,43,12,33,30,30,19,26,28,4,46,22,13,24,13,19
GAAB092463-EPHI-622I-1,7,3,4,1,4,0,22,9,16,29,9,15,13,0,6,2,6,22,6,1,19,0,0,15,19,24,29,25,12,7,27,12,26,2,13,20,35,25,11,23,16,41,20,19,2,0,21,24,7,15,12,25,19,21,36,25,33,0,14,22,26,42,47,32,38,34,31,11,24,41,25,13,13,29,25,14,29,24,8,16,17,22,62,19,32,36,13,31,22,39,26,20,31,19,52,35,26,32,19,19
AMJI031282-EPHI-622I-1,3,0,0,1,1,4,2,1,0,9,0,7,0,0,0,0,0,11,3,0,44,0,0,13,11,29,85,8,15,7,6,0,7,0,4,9,9,0,11,20,20,72,6,8,0,0,28,19,1,0,5,42,2,26,27,7,1,0,0,20,9,25,58,62,44,29,22,2,16,18,15,2,2,68,17,13,76,46,2,2,39,13,78,5,32,57,4,24,4,14,89,5,22,0,48,33,4,34,1,13
AMAN030935-EPHI-622I-1,15,0,0,12,19,17,29,14,18,23,16,8,20,0,6,6,2,14,16,5,28,0,0,35,34,15,28,39,17,9,44,25,28,17,35,26,44,5,18,31,17,23,18,30,3,0,25,30,35,24,21,24,30,31,40,15,23,0,24,31,23,42,27,38,41,31,31,23,26,40,28,22,16,19,28,13,24,15,22,28,16,26,47,21,31,39,19,34,34,25,30,11,37,4,23,21,28,24,18,19
GAAB092497-EPHI-622I-1,13,5,1,7,8,6,27,16,29,23,7,21,20,1,8,3,2,21,14,3,19,0,0,29,28,25,11,33,16,13,33,14,18,13,21,24,41,10,15,28,20,25,22,30,7,15,30,25,17,20,17,25,27,15,32,12,22,0,20,22,21,37,45,32,56,32,27,26,29,27,30,14,24,21,17,27,23,16,28,23,16,15,55,25,31,30,16,24,29,34,16,23,26,7,37,37,36,16,21,12
AMJI031265-EPHI-622I-1,12,1,0,13,8,1,34,24,19,34,16,27,30,2,12,3,1,30,25,22,28,0,0,31,46,37,27,40,19,21,41,25,30,14,32,31,52,34,20,21,17,29,32,35,2,7,37,30,20,32,15,32,32,23,36,20,28,0,17,35,28,38,25,40,39,34,33,29,25,41,34,26,33,32,22,19,18,26,22,31,21,31,54,37,31,43,26,34,38,28,28,27,43,14,46,31,36,23,28,14
SNSE072124-EPHI-622I-1,19,7,7,12,9,3,34,32,11,26,11,15,17,21,16,7,3,21,15,17,22,0,0,17,32,19,19,27,13,19,29,12,22,14,17,20,35,23,13,17,19,23,13,39,15,1,32,23,22,18,17,27,38,24,36,10,30,0,16,29,20,40,34,28,48,40,35,18,19,26,25,16,29,13,27,15,23,19,14,20,16,18,54,23,30,36,23,23,34,30,29,18,24,22,26,31,28,19,15,12
ET-SL-1512-EPHI-622I-1,13,13,6,8,13,1,26,31,24,37,15,19,27,15,13,6,2,13,18,15,30,0,0,15,35,24,25,30,9,13,30,12,28,8,27,25,32,25,21,20,11,44,30,24,15,0,31,34,17,24,11,26,27,26,38,16,23,1,19,25,35,45,40,20,38,40,40,28,34,34,21,11,19,12,27,23,29,27,17,23,16,22,58,37,30,40,30,43,45,24,31,17,22,43,34,23,23,32,21,19
SNSE072110-EPHI-622I-1,8,2,1,6,1,0,12,2,7,14,9,8,4,3,3,1,2,16,4,9,24,0,0,22,25,20,26,11,5,9,12,10,9,5,11,18,20,2,7,10,10,20,23,15,0,0,26,11,15,9,12,21,21,16,19,8,15,0,8,24,19,27,10,19,19,16,19,9,17,26,18,15,7,15,18,17,3,14,14,20,10,16,26,12,30,31,12,20,14,18,19,12,24,4,24,22,14,21,6,9
ETMT523-EPHI-622I-1,7,0,0,2,2,0,23,6,6,11,6,9,6,0,0,0,0,13,11,9,15,0,0,10,19,26,21,18,8,9,12,7,12,8,14,12,16,1,14,9,10,20,18,16,0,0,12,17,7,9,13,21,13,9,23,8,9,0,11,23,8,18,14,26,25,21,22,16,12,23,11,10,16,17,18,18,7,10,13,25,11,13,31,14,30,22,14,21,22,16,31,6,19,3,21,25,19,26,13,15
SOER052716-EPHI-622I-1,4,1,0,1,9,13,16,7,7,18,4,17,3,0,0,0,0,14,12,0,37,0,0,35,39,43,42,23,16,32,28,8,34,13,27,40,38,15,12,30,19,42,21,25,2,2,24,30,14,18,14,27,28,31,39,6,18,0,5,31,36,45,39,35,43,31,38,26,25,42,17,16,10,26,23,19,18,34,8,20,15,15,50,39,30,55,13,29,29,37,33,20,30,7,21,31,32,25,14,17
SOER052732-EPHI-622I-1,0,0,0,0,0,1,3,0,0,11,2,7,1,1,1,0,0,16,6,2,23,0,0,17,21,50,47,24,22,15,6,2,21,1,15,23,22,0,26,19,23,53,17,12,0,0,35,28,3,8,6,29,8,31,37,7,3,0,6,28,31,49,25,29,27,30,23,10,23,19,27,9,3,28,39,17,17,28,10,12,19,10,66,8,30,48,7,29,13,23,50,12,20,2,34,25,8,23,4,9
ORME040641-EPHI-622I-1,18,6,5,12,4,3,31,21,27,39,22,7,23,16,18,2,3,19,11,21,29,0,0,18,26,35,25,33,23,16,27,13,24,10,30,12,59,16,21,28,23,37,25,33,2,0,25,29,35,20,22,22,31,26,37,16,22,0,17,23,34,33,34,31,35,37,37,27,36,39,19,27,19,21,20,20,37,23,20,23,14,18,68,23,29,43,29,39,47,33,29,19,37,17,23,27,36,29,23,16
SOER052742-EPHI-622I-1,12,2,0,1,1,2,24,4,6,25,14,12,19,2,2,2,1,20,10,10,26,0,0,24,35,24,31,25,19,12,15,10,20,11,26,35,31,3,14,22,21,25,25,33,1,0,30,28,17,28,23,22,24,22,29,9,25,0,17,29,36,26,36,39,35,37,25,21,17,33,22,22,18,23,21,23,18,19,13,16,16,14,56,17,29,29,11,26,33,37,24,23,36,7,34,27,26,20,19,20
ORME040640-EPHI-622I-1,10,6,6,12,5,5,24,18,25,18,14,6,12,16,15,4,6,11,17,18,20,0,0,20,23,22,17,24,13,14,33,19,15,15,23,17,41,15,15,29,23,28,21,21,15,0,21,23,22,26,8,14,30,20,40,12,26,2,24,22,28,25,38,25,37,34,27,17,19,30,16,21,20,15,9,14,20,20,17,25,10,21,36,18,29,34,23,23,31,23,20,15,31,29,17,25,23,24,22,18
ET-SL-1510-EPHI-622I-1,7,4,4,9,11,0,18,16,13,14,12,12,13,10,10,2,2,7,10,14,19,0,0,14,18,16,14,20,12,7,18,8,19,12,22,24,27,8,13,22,22,26,13,20,7,1,24,21,17,13,25,18,12,25,28,8,25,1,11,22,26,25,29,20,35,24,12,16,23,33,21,13,13,17,18,17,22,25,12,22,11,7,43,24,29,29,13,24,27,19,19,10,17,4,28,23,29,29,13,14
AMAN030930-EPHI-622I-1,6,2,0,6,4,0,19,11,5,21,13,16,15,0,1,2,1,19,14,4,17,0,0,23,26,21,20,24,5,8,30,13,19,10,24,18,23,4,15,15,4,27,12,25,1,0,30,21,12,24,11,22,13,13,30,9,17,1,12,22,22,25,33,19,25,34,25,9,26,33,15,23,15,21,24,8,14,17,14,17,9,15,39,17,29,29,18,19,18,32,16,11,33,6,19,21,27,23,14,16
GAAB092440-EPHI-622I-1,6,5,3,8,5,0,22,12,10,20,7,13,17,0,2,7,0,9,9,6,22,1,0,34,30,12,16,29,8,15,22,10,18,6,14,19,34,7,10,23,16,26,16,15,2,0,16,27,16,16,15,17,20,18,30,20,17,0,11,14,25,23,30,23,28,26,4,19,17,22,15,14,12,17,13,13,17,11,16,21,12,18,44,21,29,35,18,30,26,28,16,20,32,23,22,19,23,23,12,19
ORME040648-EPHI-622I-1,16,16,11,9,9,2,35,33,28,29,15,18,34,29,16,4,7,24,13,24,26,0,0,26,43,28,30,23,12,18,35,18,29,10,21,26,39,30,14,25,19,26,26,33,19,0,30,26,29,25,22,29,30,41,49,12,20,0,26,29,33,44,55,39,48,34,37,34,22,47,27,21,20,20,26,23,44,32,16,29,16,19,64,37,28,35,33,37,33,31,39,25,37,37,36,35,38,24,18,30
AMAN030928-EPHI-622I-1,12,6,1,12,6,1,40,19,13,13,14,12,22,6,2,1,1,21,16,6,16,0,0,15,24,16,23,25,9,24,26,20,18,11,15,22,41,6,19,22,15,31,20,31,4,1,23,22,12,24,14,16,20,35,43,9,23,0,17,29,31,38,28,15,35,25,32,16,27,37,24,18,15,17,16,13,23,12,15,25,11,18,52,19,28,36,13,25,33,26,13,16,19,15,25,26,35,26,19,18
AMAN031021-EPHI-622I-1,9,8,0,3,2,1,17,12,6,6,7,7,14,2,5,0,0,15,5,10,11,0,0,12,16,19,13,15,6,13,14,13,8,5,12,10,20,6,8,11,9,18,8,10,2,2,18,17,7,10,4,14,9,10,18,5,9,0,8,22,21,22,20,20,14,19,17,13,19,19,20,14,15,16,9,9,14,15,15,25,10,6,27,19,28,20,9,12,19,13,20,7,21,8,30,18,25,14,14,12
AMAN030993-EPHI-622I-1,8,11,5,16,13,7,40,22,21,31,14,8,23,7,16,7,6,24,18,25,21,0,0,14,26,22,23,27,16,11,27,20,24,15,13,22,35,19,21,18,11,25,19,28,2,0,24,19,26,14,11,22,32,15,30,11,28,1,17,25,18,32,34,19,51,36,27,20,21,39,25,21,17,14,21,14,23,15,26,26,11,20,56,36,28,37,17,34,26,38,16,18,39,13,25,25,24,26,31,24
SOER052799-EPHI-622I-1,7,2,0,0,1,0,14,2,6,14,1,7,1,0,0,0,0,18,7,1,25,0,0,11,18,24,24,13,15,12,13,0,12,3,18,13,19,0,13,8,11,26,12,17,0,0,29,15,3,7,10,30,9,25,27,12,14,0,2,17,24,32,16,29,20,31,26,8,23,22,19,6,6,24,26,10,20,28,6,8,20,12,54,11,28,36,10,26,12,25,29,5,19,0,29,30,10,23,6,13
AMJI031290-EPHI-622I-1,6,0,0,2,14,9,27,3,13,29,8,17,3,0,3,0,2,32,14,0,34,0,0,17,38,31,35,28,18,25,17,7,29,13,26,31,31,0,22,33,40,53,18,31,0,0,18,37,18,21,19,38,20,26,50,8,19,0,6,47,25,34,15,27,38,36,31,18,42,31,36,19,12,22,36,20,14,21,22,21,20,28,55,34,28,46,26,32,27,32,35,17,34,1,29,32,30,27,14,16
AMWO031517-EPHI-622I-1,4,4,2,12,10,0,29,20,17,24,9,20,22,3,5,4,1,20,13,15,20,0,0,22,22,25,24,18,17,16,22,13,17,9,21,21,39,6,15,27,11,36,25,13,3,0,20,25,9,22,14,25,36,26,39,12,21,0,20,21,18,23,35,24,26,36,24,16,20,33,14,11,7,16,19,13,26,19,18,20,9,19,37,28,28,32,16,24,25,25,27,13,23,28,25,17,20,18,16,14
ET-SL-1166-EPHI-622I-1,18,11,3,9,9,5,27,18,11,27,7,10,20,18,5,4,1,21,16,19,19,0,0,11,32,23,19,27,6,17,25,16,20,7,16,22,37,8,21,22,14,26,28,19,10,0,25,21,17,16,14,27,21,23,36,10,19,0,19,30,29,28,41,34,42,36,26,15,17,32,17,23,13,24,18,22,17,18,17,29,10,19,38,24,27,27,13,31,34,30,31,15,21,12,29,15,26,30,11,25
ORME040670-EPHI-622I-1,15,0,0,8,14,8,23,11,19,33,10,23,9,0,4,2,0,19,8,2,28,0,0,20,30,17,30,19,15,11,33,14,22,6,25,18,49,14,11,9,18,24,23,28,1,1,30,18,15,19,19,30,14,16,37,19,27,0,11,28,23,33,11,20,34,27,28,23,30,37,17,17,13,17,24,17,3,22,12,24,15,22,40,33,27,32,20,23,29,20,28,16,15,4,30,20,19,29,12,18
ORBA040313-EPHI-622I-1,12,7,5,11,9,4,25,22,21,30,16,11,25,13,10,3,3,19,15,16,25,0,0,18,31,29,26,31,19,15,34,20,30,13,27,31,49,12,21,32,23,26,20,21,6,0,19,14,21,19,23,23,25,21,43,12,27,0,24,34,27,33,59,22,55,49,34,22,22,37,15,19,25,18,22,26,31,25,30,22,18,21,63,30,27,38,21,20,27,30,25,24,32,15,31,27,22,24,21,14
ORME040651-EPHI-622I-1,8,12,2,7,8,2,21,11,21,15,6,7,25,11,4,0,3,7,14,18,19,0,1,19,26,18,21,31,10,20,19,13,17,9,22,22,37,17,18,21,18,24,29,26,12,0,19,17,21,24,13,20,32,25,24,6,16,0,21,26,24,26,26,27,24,28,25,22,14,27,21,20,15,6,26,15,24,22,18,17,6,12,38,27,27,30,15,28,17,23,16,17,28,20,22,26,29,23,18,16
AMJI031268-EPHI-622I-1,6,3,1,4,1,1,20,8,6,12,6,12,5,2,2,0,0,16,8,6,19,0,0,19,21,23,15,24,16,11,23,11,14,4,11,22,26,0,10,17,14,34,17,17,7,7,21,21,5,14,3,15,16,19,31,7,17,0,11,32,30,34,33,32,26,28,30,15,27,40,22,14,8,22,29,12,14,9,15,17,9,20,54,26,27,34,11,21,19,26,28,23,34,41,31,29,24,25,8,14
ET-LT-762-EPHI-622I-1,5,5,1,6,6,3,22,9,11,16,6,14,13,6,3,3,2,15,14,11,17,0,0,25,19,16,17,29,9,14,21,9,18,3,18,17,22,8,9,17,16,17,20,17,3,0,22,22,13,16,10,15,13,21,16,15,9,0,9,14,12,19,22,19,24,13,14,19,11,27,12,10,11,15,26,20,14,18,17,17,11,9,38,31,27,31,8,30,33,17,20,13,22,36,17,17,22,17,8,16
ORME040666-EPHI-622I-1,5,2,0,4,2,1,32,9,11,25,13,16,9,1,0,1,2,14,13,9,19,0,0,15,26,27,25,16,14,14,14,4,22,7,16,23,39,0,15,9,28,25,22,14,1,0,24,24,25,10,11,30,29,14,27,12,19,1,11,33,20,28,6,22,24,25,16,21,22,26,14,18,17,30,19,17,6,26,17,23,12,24,35,27,27,26,13,23,27,19,22,9,26,24,20,28,22,17,7,11
AMAN030916-EPHI-622I-1,2,2,0,1,0,2,10,3,3,17,4,11,5,0,0,0,0,15,13,3,26,0,0,12,18,18,18,17,10,7,17,5,19,2,20,22,25,1,7,15,11,18,8,12,0,0,24,20,6,7,14,22,6,14,33,7,21,0,3,23,18,24,18,26,31,27,25,15,22,32,23,9,9,21,17,13,6,19,11,11,11,17,42,6,27,24,8,16,11,17,18,9,27,1,23,18,9,23,6,17
ET-SL-1509-EPHI-622I-1,18,13,3,10,12,3,28,26,35,19,13,15,26,20,15,4,3,20,17,20,25,0,0,20,35,28,32,29,11,17,29,14,24,6,27,21,52,13,23,15,26,31,23,19,9,0,32,25,21,23,21,33,19,23,33,15,17,0,26,31,26,33,30,18,52,38,38,29,15,37,18,20,20,29,29,17,27,31,14,32,15,24,47,19,26,39,22,35,30,24,41,14,18,17,27,32,26,39,13,20
ORME040653-EPHI-622I-1,12,6,0,17,8,4,31,22,22,24,17,17,25,8,17,4,3,24,20,20,23,0,0,19,26,14,21,33,18,18,14,15,15,9,24,23,44,8,13,35,12,24,23,31,2,0,23,25,18,31,16,23,32,23,23,9,31,0,18,34,28,40,35,30,30,27,28,32,29,37,22,26,20,13,22,18,25,17,18,20,11,16,51,21,26,33,19,36,33,31,20,16,29,29,36,22,28,28,24,17
AMJI031272-EPHI-622I-1,9,1,0,2,5,0,22,6,9,21,8,12,7,0,0,1,2,9,10,3,22,0,0,15,22,22,22,21,10,11,21,6,15,6,16,16,28,1,19,18,11,33,16,22,1,0,19,23,9,13,16,17,16,14,28,14,14,0,9,31,32,31,18,28,36,22,26,15,18,26,22,8,10,13,24,11,16,17,13,20,8,18,38,16,26,44,14,27,22,28,20,20,21,2,22,18,18,22,9,13
ET-LT-594-EPHI-622I-1,9,0,2,9,6,1,26,13,11,23,14,16,23,6,10,2,1,14,12,11,16,0,0,19,20,16,17,21,12,14,27,12,27,11,19,17,33,6,10,23,18,23,17,14,4,0,19,15,18,14,17,19,19,18,37,13,14,0,15,18,23,35,20,18,31,25,27,13,13,34,18,16,15,15,20,17,15,17,13,24,11,7,36,19,26,33,17,23,25,22,21,17,21,9,18,18,22,26,10,7
ORME040661-EPHI-622I-1,9,10,8,10,25,5,28,20,31,27,15,9,29,27,13,5,1,18,18,25,23,0,0,34,27,16,29,28,11,18,35,13,23,12,27,16,50,18,17,17,21,24,19,34,11,2,22,22,23,20,17,18,18,21,38,6,22,0,18,32,18,42,45,28,44,45,36,19,27,36,21,21,24,19,17,22,26,24,16,22,8,22,56,22,26,31,22,25,38,26,19,19,43,38,23,33,30,31,24,20
AMAN031024-EPHI-622I-1,7,1,1,7,1,1,14,9,4,21,6,10,5,6,2,0,0,13,10,3,18,0,0,21,31,26,27,18,21,22,16,6,12,6,11,18,29,2,20,18,22,21,15,17,2,0,26,19,6,13,12,23,9,33,30,12,15,0,9,26,16,28,23,19,33,26,24,7,17,29,24,15,6,24,30,20,26,15,5,12,6,11,50,19,26,27,10,31,17,18,36,12,25,16,31,21,17,19,8,16
AMAN030955-EPHI-622I-1,2,0,0,0,4,1,17,1,6,20,3,17,4,0,0,1,0,11,12,0,24,0,0,13,21,23,26,21,15,13,9,1,15,6,12,18,27,4,16,12,11,28,12,19,3,5,26,24,5,9,5,26,8,14,29,14,12,0,1,29,26,20,23,18,28,21,18,7,18,31,19,15,10,25,25,18,7,20,10,17,14,23,53,21,26,32,23,17,18,20,23,13,21,7,32,16,16,20,8,15
AMAN030972-EPHI-622I-1,25,8,4,12,9,1,17,18,23,25,15,16,18,9,14,4,6,19,14,17,30,0,0,25,35,20,18,25,7,14,21,15,20,16,22,21,36,9,14,21,17,14,27,24,2,0,19,22,9,20,6,19,25,19,36,18,17,1,23,29,24,42,25,25,44,31,27,14,19,24,23,18,17,16,18,13,17,17,20,31,16,18,49,29,25,39,17,23,28,20,26,20,27,13,32,21,27,36,15,15
AMAN030945-EPHI-622I-1,18,4,1,8,7,4,30,30,20,16,10,14,20,5,19,5,5,20,9,17,21,0,0,18,26,18,16,25,12,10,29,17,22,15,20,20,26,6,13,17,12,23,26,18,5,1,15,22,19,20,14,12,16,22,28,13,11,0,18,37,14,35,22,22,32,25,36,16,29,46,29,20,12,12,17,16,18,17,20,28,13,24,47,25,25,27,18,22,21,26,10,23,35,14,25,27,21,16,18,19
AMWO031507-EPHI-622I-1,14,3,0,7,9,0,25,22,15,20,10,18,23,1,2,1,0,18,14,12,28,0,0,26,30,30,32,34,14,11,32,15,31,20,27,20,50,6,22,31,22,38,21,17,3,0,32,32,16,29,13,31,37,38,29,14,23,1,19,27,26,42,44,34,32,32,30,26,25,35,26,21,27,25,27,30,32,19,19,18,11,18,53,31,25,35,24,35,35,29,29,22,25,7,29,32,29,38,18,26
AMWO031521-EPHI-622I-1,14,1,0,6,3,0,27,27,10,26,4,15,14,1,10,1,1,19,6,12,18,0,0,16,19,19,24,19,10,6,29,16,21,11,11,29,31,4,17,17,15,27,14,16,0,0,11,28,11,28,19,14,23,32,32,9,17,0,17,27,21,26,29,20,33,22,23,23,23,21,23,12,12,15,16,18,19,17,11,26,16,13,35,28,25,25,16,30,25,25,24,12,16,9,15,23,28,24,13,14
AMAN030985-EPHI-622I-1,4,2,1,3,3,0,19,5,7,14,8,6,14,4,3,2,1,12,6,5,13,0,0,16,23,18,14,28,15,7,24,8,15,12,18,24,32,5,8,18,7,17,22,21,3,0,18,18,14,15,7,16,21,16,27,10,17,0,11,28,19,20,20,19,32,24,23,16,13,25,21,10,17,7,13,13,18,12,8,18,11,13,38,21,25,20,8,19,15,18,12,12,25,11,24,21,22,23,15,16
AMJI031215-EPHI-622I-1,4,3,0,15,3,3,23,11,10,19,9,9,17,5,6,7,1,17,9,14,16,0,0,17,30,20,25,14,10,14,30,10,16,9,16,17,39,5,13,20,11,24,19,26,1,0,20,15,15,16,13,22,18,19,27,13,18,0,17,20,20,24,19,23,15,26,28,13,12,36,18,12,15,16,20,18,13,17,18,29,15,18,56,21,25,23,16,15,27,18,33,9,31,10,16,14,18,25,15,9
AMJI031253-EPHI-622I-1,4,0,0,4,2,1,16,12,8,19,7,12,16,1,2,1,0,18,14,10,21,0,0,21,27,28,26,21,8,17,13,13,19,13,24,22,36,0,17,19,20,27,23,27,0,16,26,27,8,18,12,24,13,15,39,9,21,0,4,43,28,23,23,19,38,40,26,20,21,33,15,22,13,25,17,16,16,15,11,25,13,19,38,28,25,44,21,32,33,22,23,17,36,36,25,16,25,22,19,17
ET-MT-428-EPHI-622I-1,3,0,0,0,0,1,14,1,2,27,4,18,8,1,0,0,0,19,11,3,45,0,0,18,31,43,51,14,22,17,12,3,37,2,24,25,38,0,35,22,40,58,35,28,1,0,48,34,9,6,19,56,22,38,41,13,12,0,5,35,29,22,48,46,54,51,30,13,23,44,22,14,12,38,40,35,28,31,5,34,28,20,83,29,25,42,15,42,40,34,59,13,11,0,34,25,19,57,5,22
SOER052766-EPHI-622I-1,3,0,0,0,0,1,13,1,2,9,1,10,3,0,0,0,0,12,1,2,17,0,0,18,13,14,22,15,9,9,6,2,11,3,11,12,10,2,15,10,15,21,10,13,0,0,16,14,2,5,2,14,5,13,24,5,3,0,3,23,15,28,19,26,18,14,15,6,12,19,22,6,6,12,13,15,11,22,13,7,14,18,45,11,25,29,5,13,9,21,17,14,14,0,20,20,8,18,4,12
AMJI031259-EPHI-622I-1,1,0,0,1,0,0,12,1,3,6,0,7,1,0,0,1,0,16,1,2,27,0,0,10,7,25,22,9,9,8,5,0,10,2,6,7,8,0,11,11,14,31,6,5,1,3,18,19,0,1,4,28,3,25,25,5,5,0,3,14,20,38,24,37,28,22,16,4,13,19,8,9,4,31,30,16,14,28,3,8,22,10,49,10,25,33,3,11,4,23,32,5,8,52,43,15,11,21,2,8
ET-LT-589-EPHI-622I-1,11,3,3,3,3,4,26,5,7,16,10,18,12,9,2,5,2,19,10,6,19,0,0,17,24,21,12,13,8,8,17,5,18,10,13,17,32,4,13,21,9,21,18,10,5,0,14,18,15,15,15,15,11,19,25,6,17,0,10,15,26,20,31,22,24,28,22,23,12,17,17,13,9,21,22,17,28,19,7,22,11,12,40,22,24,22,10,23,19,29,23,18,14,9,17,16,23,8,7,17
AMAN030958-EPHI-622I-1,10,11,5,13,9,0,24,14,21,22,10,16,22,15,19,5,2,11,14,13,22,0,0,14,24,16,19,27,10,5,25,6,14,3,19,15,28,15,17,20,6,20,19,22,9,1,14,20,9,21,23,11,25,17,33,5,25,1,18,23,21,38,34,23,41,33,25,24,21,30,22,17,12,19,15,15,18,23,15,24,5,14,48,11,24,31,13,22,26,17,22,17,23,18,23,15,27,15,14,17
GAAB092476-EPHI-622I-1,9,4,2,1,1,4,25,9,5,11,6,19,16,4,1,1,0,12,7,8,13,0,0,25,22,11,10,26,9,6,18,8,14,15,18,25,34,5,16,24,10,28,15,18,9,10,20,18,6,12,11,14,22,23,26,10,19,1,11,21,16,26,37,26,31,21,25,15,19,33,17,9,11,9,21,14,21,19,16,25,8,16,44,15,24,32,20,11,21,17,9,16,35,14,12,20,12,19,16,15
ET-LT-983-EPHI-622I-1,7,2,2,11,3,1,14,11,16,18,10,12,20,2,3,4,1,7,9,7,20,0,0,21,21,15,12,23,11,9,19,7,18,11,14,22,36,5,9,9,15,24,13,20,2,0,21,25,10,18,10,23,20,16,27,8,9,0,13,13,14,17,32,12,28,23,26,15,19,24,15,7,8,10,14,15,16,17,16,21,8,14,31,18,24,21,12,17,24,20,21,12,16,3,22,19,18,14,10,11
ET-MT-429-EPHI-622I-1,7,3,1,2,1,0,17,8,6,17,15,13,8,2,1,0,1,17,11,1,16,0,0,20,19,27,26,33,9,12,19,8,16,7,19,20,27,3,19,20,12,23,16,23,0,0,24,32,21,12,9,24,19,26,38,15,13,0,14,24,22,28,21,22,33,28,23,21,26,38,15,13,13,21,16,12,14,25,9,23,18,10,43,23,24,28,20,17,28,21,22,12,25,6,23,28,18,23,5,11
ORME040650-EPHI-622I-1,6,8,2,7,10,0,27,15,11,22,12,11,17,10,9,6,2,17,9,18,19,0,0,20,25,13,21,18,11,16,27,10,20,15,14,14,37,11,17,27,12,14,16,24,3,0,17,19,19,15,17,15,19,15,34,5,11,0,17,28,19,34,23,24,37,27,21,20,20,26,20,20,19,15,19,20,16,24,15,23,18,21,46,23,24,27,19,24,32,30,12,20,25,36,27,20,35,17,15,13
ORME040658-EPHI-622I-1,6,6,0,10,8,2,25,17,18,16,8,12,17,8,12,2,4,15,11,12,18,0,0,16,26,16,14,31,11,15,26,18,13,5,13,19,30,5,12,18,14,17,23,25,4,0,20,14,17,15,9,17,22,24,27,14,18,2,10,25,17,23,28,28,26,21,21,22,24,26,18,12,16,8,20,20,23,17,17,22,12,20,33,22,24,23,21,22,34,20,27,22,29,19,35,24,24,18,12,13
AMAN030965-EPHI-622I-1,3,0,0,2,2,2,10,3,1,7,2,5,2,0,0,0,0,6,0,1,8,0,0,13,13,13,13,9,9,7,10,3,8,3,7,13,15,0,10,11,7,17,4,9,2,0,10,16,2,10,5,13,4,10,15,5,4,0,3,14,10,12,18,8,12,25,12,9,10,14,18,7,4,9,14,4,8,12,14,12,5,11,36,8,24,25,7,13,8,12,19,12,14,3,13,13,9,15,7,7
SND1071819-EPHI-622I-1,11,3,1,3,9,3,26,15,15,19,6,10,7,9,8,4,2,11,14,11,17,0,0,13,18,23,17,14,10,9,14,13,20,9,9,10,23,3,11,25,7,19,19,14,2,0,16,14,9,15,11,21,14,11,23,11,16,0,23,20,17,26,25,21,35,16,25,22,15,24,19,18,16,6,20,11,15,15,19,17,8,10,36,15,23,23,15,16,14,18,12,9,13,16,16,24,14,28,11,17
GAAB092506-EPHI-622I-1,10,1,0,10,12,10,33,23,17,18,9,16,11,0,7,7,2,14,9,2,17,0,0,15,29,11,14,27,14,13,24,13,9,4,17,17,24,11,14,17,11,33,17,23,3,0,17,19,17,24,15,21,24,16,29,11,26,1,17,35,24,50,21,28,27,33,3,17,24,37,20,20,15,15,21,14,10,14,17,21,12,12,42,25,23,24,15,21,32,23,9,20,19,7,29,24,27,26,10,20
AMJI031322-EPHI-622I-1,6,6,5,5,5,0,20,12,14,21,7,17,16,11,6,1,2,18,13,9,24,0,0,19,23,23,18,26,13,14,21,22,21,13,21,17,32,6,13,22,9,23,22,13,13,25,23,25,18,25,14,15,19,19,40,12,18,0,16,25,17,28,22,17,21,21,25,12,20,38,22,18,17,15,21,13,18,12,22,19,11,16,43,25,23,33,14,24,10,22,19,14,28,17,27,27,16,27,10,24
AMJI031225-EPHI-622I-1,4,0,1,0,1,0,19,4,5,33,7,13,7,0,0,0,0,11,11,5,17,0,0,18,32,32,27,21,11,14,17,8,17,4,13,14,36,1,20,19,21,41,18,28,0,0,33,26,16,13,18,21,20,20,25,9,17,1,6,39,23,27,24,22,32,21,29,12,12,29,18,21,13,16,17,32,12,12,13,15,13,19,42,23,23,39,11,28,21,23,27,9,14,3,32,16,19,28,10,16
ET-LT-974-EPHI-622I-1,14,8,2,14,9,3,33,16,13,17,12,14,26,3,6,8,1,11,15,16,25,0,0,13,23,22,14,24,14,16,22,10,12,9,15,15,18,3,14,24,15,25,20,19,3,0,11,24,16,12,17,17,17,17,28,5,19,0,18,27,11,35,25,14,31,35,28,16,19,31,16,12,12,14,15,15,23,24,13,21,8,16,60,16,22,28,15,25,17,19,21,15,21,16,13,24,13,19,18,19
ORME040612-EPHI-622I-1,14,12,6,15,20,2,29,22,17,24,9,16,22,17,7,6,4,15,15,11,29,0,0,14,33,23,21,31,14,17,34,16,19,12,14,26,29,22,17,19,18,26,30,19,13,0,23,18,18,19,18,19,26,14,38,12,25,1,23,37,33,30,38,19,50,45,36,23,25,33,25,18,22,16,17,13,31,14,23,30,13,16,47,24,22,39,19,36,26,24,27,14,24,22,28,25,30,23,17,14
AMJI031251-EPHI-622I-1,11,3,0,11,1,0,26,9,10,10,6,19,13,0,0,1,1,10,4,7,13,0,0,25,19,24,17,23,10,14,21,13,21,10,19,19,32,1,12,16,10,17,19,14,4,11,16,11,10,17,11,16,14,16,20,12,18,0,12,18,26,26,15,24,30,23,25,32,23,34,19,10,15,15,16,16,8,18,16,19,12,19,39,25,22,26,14,20,26,27,22,13,18,38,19,12,22,22,14,20
AMWO031601-EPHI-622I-1,3,3,0,1,0,1,8,4,13,12,10,9,9,1,1,0,0,14,9,12,18,0,0,30,22,20,17,18,10,13,18,6,19,5,28,25,31,0,9,19,14,31,15,28,1,0,18,23,10,15,11,14,19,21,29,8,23,0,6,32,13,25,14,29,25,24,17,15,14,25,20,14,13,20,18,13,10,18,17,23,17,14,38,15,22,22,16,20,24,22,21,20,23,3,13,25,14,35,9,9
SOER052714-EPHI-622I-1,3,0,0,1,0,2,13,1,7,18,8,9,2,1,0,0,1,13,10,10,27,0,0,25,32,30,23,11,14,19,12,4,18,8,18,28,30,0,18,25,11,25,18,11,0,0,27,31,9,11,13,26,8,18,36,10,14,0,4,29,17,34,14,24,29,26,26,14,10,27,18,11,12,20,22,16,4,16,8,21,12,8,28,13,22,25,5,20,21,18,27,11,16,2,19,21,15,25,10,16
ORME040616-EPHI-622I-1,15,9,4,12,11,2,25,16,13,29,11,16,20,10,11,5,1,20,15,14,15,0,0,19,17,10,23,18,7,13,18,12,20,4,15,24,30,13,25,17,17,15,20,20,6,0,17,21,13,17,13,20,22,25,32,10,20,0,17,26,22,38,19,15,33,28,24,17,12,43,21,11,25,27,19,12,8,9,15,13,11,12,41,11,21,23,18,16,36,22,23,10,21,8,22,17,22,19,15,17
AMAN030914-EPHI-622I-1,9,0,1,6,3,1,27,10,7,19,8,10,21,2,6,2,1,11,12,9,11,0,0,9,25,10,17,19,7,5,15,8,23,6,13,12,23,10,9,16,8,18,20,21,1,0,22,22,12,11,13,8,21,11,16,9,18,0,9,19,8,32,23,18,26,26,18,14,22,18,21,16,13,18,19,15,8,18,15,18,7,16,44,15,21,29,17,12,19,23,13,16,22,9,24,29,18,15,13,8
ET-SL-1469-EPHI-622I-1,7,0,1,4,9,3,24,9,10,17,10,10,13,10,4,2,2,7,9,13,24,0,0,16,24,13,17,15,13,16,24,2,19,8,20,18,15,5,12,14,11,19,13,12,3,0,16,15,14,15,12,16,22,19,26,11,10,0,12,16,16,14,28,16,28,17,9,15,14,27,15,12,9,15,10,10,19,18,3,23,14,15,36,22,21,25,13,14,29,18,26,6,14,12,18,19,20,26,7,16
AMAN030966-EPHI-622I-1,5,0,0,2,1,0,10,5,3,13,5,6,5,1,0,0,0,14,2,4,10,0,0,17,23,12,16,20,10,10,11,4,7,5,9,11,22,1,11,15,16,18,10,6,1,0,18,14,8,4,9,14,4,18,18,3,7,0,1,9,20,18,14,8,17,15,19,15,18,18,11,10,5,14,9,11,15,7,11,12,15,10,28,10,21,25,8,8,20,17,16,9,16,0,14,7,12,18,4,13
AMJI031231-EPHI-622I-1,5,1,0,0,0,2,13,4,4,18,11,13,2,1,1,0,1,11,11,4,11,0,0,20,17,17,15,19,10,7,14,7,20,5,10,14,35,1,20,13,8,20,9,17,0,0,20,11,14,12,6,15,17,16,19,10,13,0,8,26,22,20,12,22,16,16,15,11,14,27,11,11,16,11,30,14,9,12,10,15,17,17,37,15,21,18,17,13,22,8,17,9,27,0,14,16,10,18,6,12
ET-LT-902-EPHI-622I-1,5,4,0,4,4,1,21,10,10,17,5,9,15,2,5,0,0,13,9,5,16,0,0,8,9,23,20,19,2,6,15,8,18,3,7,10,27,7,18,13,9,15,13,21,3,0,17,20,3,16,13,19,16,13,25,6,16,0,6,26,16,19,14,19,14,17,13,7,16,27,13,17,11,15,12,14,9,23,14,7,3,7,37,13,21,21,13,19,19,8,12,9,14,9,20,21,20,18,6,13
SNSE072119-EPHI-622I-1,3,4,0,1,2,1,16,13,11,14,6,18,8,4,1,0,1,11,13,7,29,0,0,13,26,23,25,17,14,11,16,7,15,5,13,10,20,5,16,17,17,28,7,17,5,0,20,19,8,12,10,18,15,20,33,8,15,0,11,25,25,25,37,28,34,19,32,11,19,25,33,8,12,28,22,11,27,22,16,14,26,16,63,16,21,45,16,19,20,32,33,15,22,7,46,21,11,24,13,23
SOER052727-EPHI-622I-1,1,0,0,0,0,0,13,1,0,10,0,11,1,0,0,0,0,14,3,3,21,0,0,13,11,19,16,14,10,15,7,1,11,1,5,14,12,0,12,7,17,33,7,11,0,0,16,26,2,3,5,19,4,16,19,9,7,0,1,27,13,34,8,20,20,17,18,3,16,15,13,2,3,15,23,13,6,16,7,18,15,13,40,10,21,34,6,11,11,17,17,7,16,0,23,31,5,17,0,10
ETMT569-EPHI-622I-1,0,0,0,1,0,1,8,1,0,8,0,5,2,1,0,0,0,13,3,0,31,0,0,23,11,46,32,10,18,8,2,1,13,2,7,12,14,0,15,18,25,35,8,8,0,0,28,10,1,3,4,26,5,17,20,7,4,0,0,25,18,32,26,39,32,18,28,3,20,19,20,8,2,17,32,17,20,21,3,7,15,19,53,8,21,31,7,34,6,23,51,3,16,0,28,25,8,40,2,14
ORAS040005-EPHI-622I-1,13,3,1,1,5,2,15,19,15,12,6,16,18,11,3,2,0,9,9,11,16,0,0,7,15,15,10,21,7,7,14,11,19,11,16,20,26,9,7,21,10,23,13,24,8,0,15,15,5,17,7,12,13,21,20,9,18,0,11,13,23,18,28,16,21,24,20,18,15,25,16,6,11,14,10,9,11,15,8,16,3,6,32,18,20,16,9,20,13,17,7,12,18,14,12,20,16,15,17,10
AMWO031518-EPHI-622I-1,8,2,1,4,4,1,17,15,11,24,4,6,21,2,9,5,1,11,9,9,18,0,0,15,22,17,19,17,13,12,16,20,15,13,17,20,30,8,12,17,9,16,16,16,3,0,19,23,11,16,4,18,18,17,16,17,7,0,14,25,20,22,25,16,20,29,27,14,18,24,22,17,19,18,22,8,20,11,19,18,7,16,33,16,20,25,10,16,19,18,12,17,20,9,18,18,14,17,10,12
ET-MT-479-EPHI-622I-1,8,9,8,9,7,4,27,19,19,23,7,14,23,19,9,5,1,10,8,20,20,0,0,27,30,29,22,35,16,12,33,23,26,18,22,25,32,15,18,11,24,23,19,25,8,0,22,27,22,23,17,33,29,28,40,5,16,0,16,29,34,34,37,32,45,35,26,23,24,34,25,17,16,18,20,22,24,18,25,23,11,15,50,20,20,48,22,30,43,35,25,21,37,46,24,27,33,21,9,17
ET-SL-1118-EPHI-622I-1,6,5,3,5,3,1,6,5,5,12,7,4,6,2,4,0,2,7,5,6,9,0,0,12,10,10,10,15,6,6,8,4,10,3,8,6,16,4,8,9,5,11,4,10,3,0,8,9,4,14,10,14,8,10,12,4,8,0,5,5,13,10,18,7,12,19,4,7,12,13,8,9,9,5,11,13,12,9,7,14,5,5,20,10,20,9,6,13,14,9,15,6,16,8,14,9,6,10,5,9
SNSE072121-EPHI-622I-1,5,4,3,3,1,0,13,5,12,14,4,7,6,10,3,2,1,7,7,6,20,0,0,11,20,13,9,12,4,6,6,8,16,6,11,12,19,3,11,6,12,18,12,17,5,0,17,15,5,5,15,13,11,14,13,10,12,0,5,20,18,16,23,19,22,21,19,10,15,22,13,10,10,11,11,14,5,19,11,12,7,13,26,9,20,17,9,15,20,10,15,10,18,10,13,13,10,24,8,8
ORME040667-EPHI-622I-1,3,0,1,0,1,0,6,0,2,16,2,5,4,0,0,0,0,13,7,3,12,0,0,10,12,10,15,11,3,6,13,1,9,2,15,16,19,0,4,8,10,16,13,11,0,0,11,12,9,6,10,14,11,8,14,2,13,1,3,15,12,21,9,16,20,14,15,6,15,19,6,11,1,11,10,11,4,23,9,7,11,6,22,13,20,20,5,10,16,14,19,3,8,16,15,13,18,27,5,6
AMAN031023-EPHI-622I-1,2,1,0,2,4,2,10,4,6,20,9,6,8,1,2,0,0,14,7,3,17,0,0,13,21,16,17,11,8,7,11,1,14,5,17,15,27,14,12,10,9,20,22,14,1,0,17,20,10,9,9,27,9,15,24,12,7,0,5,20,22,27,19,26,26,22,26,11,21,13,24,21,12,16,20,13,12,15,9,16,14,19,59,12,20,26,5,21,16,23,19,11,28,39,24,17,18,19,7,13
AMJI031284-EPHI-622I-1,2,0,0,0,1,0,5,4,1,7,2,5,4,0,2,0,0,11,4,2,7,0,0,10,11,13,13,12,6,4,9,1,8,2,6,13,15,0,5,9,7,14,7,9,0,2,18,5,2,1,5,7,14,7,18,7,19,0,2,14,10,11,14,20,20,18,9,7,13,9,14,3,5,6,10,8,13,11,7,11,7,3,25,14,20,14,3,11,12,13,9,7,11,32,16,13,10,17,4,11
SNSE072111-EPHI-622I-1,10,4,1,3,2,0,15,10,10,13,2,11,19,5,3,2,0,17,7,8,19,0,0,11,18,14,13,13,6,11,20,9,11,3,16,15,30,9,10,11,14,25,18,5,7,0,26,10,14,7,10,11,12,24,25,7,17,0,10,19,13,29,23,12,22,31,16,7,15,30,23,11,22,19,13,11,18,17,8,15,9,10,44,17,19,16,6,19,23,19,17,7,17,9,14,20,14,33,8,19
ET-MT-387-EPHI-622I-1,9,9,0,9,5,3,12,19,19,14,6,10,16,4,8,4,1,16,10,9,18,0,0,7,22,19,12,23,9,12,18,11,27,7,16,9,21,11,15,20,8,13,14,14,11,1,12,20,11,15,14,13,16,12,23,6,16,0,11,15,20,17,17,17,20,17,10,11,10,21,16,8,11,8,16,12,15,19,12,25,8,17,30,20,19,17,10,16,20,20,14,9,16,10,10,27,15,22,12,13
ORBA040326-EPHI-622I-1,8,6,1,3,4,0,21,10,9,16,8,8,16,4,5,2,1,8,6,8,21,0,0,22,25,26,26,17,11,9,15,10,14,6,17,14,34,4,17,9,23,27,11,16,1,0,20,20,11,13,11,12,20,18,22,11,16,0,10,21,21,28,0,27,30,24,17,16,18,21,20,15,17,10,12,15,22,19,15,13,7,12,37,18,19,26,17,24,23,29,21,12,24,11,18,23,14,19,10,9
GAAB092456-EPHI-622I-1,7,7,1,6,6,2,18,10,16,12,5,9,9,0,6,11,0,15,7,8,8,0,0,11,16,4,12,5,4,4,8,8,10,6,8,9,19,18,10,4,2,13,12,9,1,0,11,8,13,15,7,9,12,9,15,4,13,0,8,13,10,20,19,12,20,14,19,12,10,14,5,10,7,16,7,6,12,7,4,9,4,4,21,11,19,18,4,6,21,8,7,10,5,7,17,15,14,15,6,8
GAAB092547-EPHI-622I-1,7,6,9,11,9,3,27,18,2,17,7,10,11,0,4,1,0,16,15,0,16,0,0,14,19,15,15,13,6,10,16,6,15,5,14,10,29,4,18,15,9,13,14,16,3,1,10,10,18,8,10,14,18,11,18,8,22,1,14,22,21,26,14,22,24,27,19,19,7,26,17,9,12,8,19,23,7,14,15,11,9,15,38,17,19,23,7,11,22,18,17,8,27,6,15,17,14,14,9,6
ORAS040017-EPHI-622I-1,5,3,0,9,5,0,18,16,12,14,14,11,17,2,6,2,1,11,14,8,15,0,0,14,39,23,30,17,17,14,28,5,21,10,27,22,37,1,15,22,22,22,14,22,1,0,16,24,14,27,14,22,17,15,27,12,19,0,14,17,19,24,19,15,33,25,23,20,16,31,21,13,15,14,16,21,9,10,17,26,9,14,41,26,19,25,12,31,24,20,25,9,23,11,27,19,26,34,18,12
ET-SL-1470-EPHI-622I-1,4,2,1,8,8,1,13,12,16,15,4,4,15,11,9,4,3,6,9,10,11,0,0,14,13,14,15,14,10,11,13,5,11,8,12,12,24,11,10,11,4,11,10,14,5,0,9,10,10,12,9,8,15,11,16,10,10,0,10,18,16,18,20,15,19,12,11,12,6,21,22,9,9,16,12,11,20,7,9,14,5,9,31,11,19,18,12,18,20,6,12,9,11,13,7,16,11,14,7,10
ORAS040019-EPHI-622I-1,4,0,0,6,1,0,21,9,18,19,6,14,6,2,0,1,0,20,12,9,23,0,0,18,28,29,16,23,15,18,18,8,19,4,24,17,35,0,26,12,15,32,15,19,0,0,26,18,11,12,12,20,17,18,24,8,24,2,9,34,27,38,28,28,36,30,31,14,24,33,25,22,21,27,24,15,18,22,13,15,13,15,53,25,19,36,10,21,30,27,27,11,33,1,33,32,26,27,8,16
AMJI031244-EPHI-622I-1,3,1,0,3,0,0,19,3,10,12,10,9,12,0,2,2,0,10,15,6,19,0,0,18,19,18,17,21,9,10,21,8,18,12,13,21,21,0,15,10,14,18,11,18,0,0,26,13,7,9,9,14,17,17,23,8,23,0,13,25,16,18,14,11,17,13,16,15,17,29,18,16,12,12,13,12,7,18,19,25,15,14,37,20,19,26,6,20,21,16,11,10,26,1,17,18,23,21,4,13
SOER052708-EPHI-622I-1,3,0,0,3,0,0,18,1,2,15,4,15,11,2,0,1,0,20,10,3,31,0,0,16,17,22,19,28,14,14,12,6,24,6,27,22,28,0,19,11,18,22,12,13,0,0,33,27,13,13,11,25,13,17,39,8,7,0,4,27,34,28,36,25,39,28,26,15,28,37,25,8,10,19,16,12,32,26,12,17,11,18,43,24,19,29,15,27,28,29,25,16,25,3,23,25,19,33,13,31
AMWO031564-EPHI-622I-1,12,6,2,13,11,1,31,17,21,27,11,17,19,6,17,2,1,21,19,16,28,0,0,24,30,26,20,20,7,14,25,17,13,12,28,23,28,5,13,25,18,26,22,30,1,0,24,23,17,23,14,17,33,18,30,16,24,0,13,24,26,27,25,29,22,23,22,17,22,37,20,19,17,18,22,14,19,17,19,24,13,19,37,27,18,29,22,27,33,26,17,21,32,12,22,33,30,25,23,14
ET-MT-408-EPHI-622I-1,12,3,0,4,5,1,21,10,7,15,9,14,8,0,6,4,0,11,16,12,18,0,0,22,31,23,18,20,14,13,20,11,19,15,25,17,37,7,15,18,11,21,22,27,2,0,18,24,19,21,13,22,17,16,29,10,18,0,15,15,20,22,12,21,27,25,30,21,11,21,19,21,13,15,19,17,18,17,12,26,9,12,46,24,18,25,16,17,19,36,20,13,19,10,19,22,19,19,12,9
GAAB092433-EPHI-622I-1,12,5,5,8,13,5,15,18,22,13,9,13,19,5,12,3,2,14,13,1,12,2,0,13,22,13,22,16,9,18,21,13,15,9,12,23,30,0,13,19,6,21,12,23,27,33,23,20,13,18,9,16,25,13,24,9,17,2,12,12,17,27,23,19,27,28,17,16,16,26,18,9,15,12,12,12,21,18,18,24,14,18,45,16,18,35,14,23,31,25,14,8,18,27,14,20,9,20,11,20
ORME040681-EPHI-622I-1,10,7,2,6,8,0,13,13,8,16,8,8,7,9,3,3,1,6,11,7,10,0,0,10,13,17,14,16,8,6,13,7,3,9,12,5,14,2,7,7,9,15,10,11,2,0,6,13,8,7,4,7,18,13,18,7,10,0,11,7,12,18,17,15,17,12,13,6,13,15,9,15,7,9,14,7,16,15,13,22,6,7,27,14,18,14,8,13,18,8,8,8,14,10,15,11,19,11,5,6
AMAN030964-EPHI-622I-1,7,1,0,1,3,0,9,6,1,9,11,4,5,1,0,1,0,12,1,5,9,0,0,11,14,14,8,9,4,4,12,4,8,9,10,10,23,0,6,7,10,12,2,12,3,13,13,10,7,11,6,6,11,14,14,2,12,0,10,18,12,18,13,14,11,16,13,13,12,18,8,5,10,7,9,10,10,17,8,4,9,8,19,9,18,16,7,11,16,14,12,7,16,19,20,14,14,24,8,10
AMWO031627-EPHI-622I-1,0,0,0,0,0,0,3,1,1,5,0,3,0,0,0,0,0,10,3,0,20,0,0,10,8,23,15,4,7,8,1,0,3,0,3,8,7,2,11,11,7,36,5,7,0,0,19,18,0,1,2,21,3,20,9,6,1,0,0,24,12,26,10,18,12,10,21,0,14,18,19,4,0,21,15,12,3,21,2,3,18,8,27,4,18,24,2,6,0,10,26,6,13,20,20,13,2,25,0,7
ORME040624-EPHI-622I-1,12,8,4,4,10,3,17,16,14,15,3,11,13,17,12,8,2,9,9,12,14,0,0,17,20,13,14,12,4,12,16,9,19,7,11,15,15,13,15,13,6,14,12,11,4,0,11,15,6,15,15,9,14,16,21,5,16,1,14,16,13,18,32,14,15,19,22,14,16,18,21,4,7,20,12,11,11,9,11,15,9,18,31,13,17,28,7,16,19,13,16,18,22,24,17,18,20,13,11,14
GAAB092504-EPHI-622I-1,9,11,0,12,4,0,26,15,6,24,10,15,14,1,10,3,0,17,14,11,16,0,0,12,25,14,23,16,11,8,28,9,10,8,16,13,22,7,11,12,14,15,11,20,2,0,21,9,17,7,17,21,10,7,18,3,22,0,8,16,19,21,23,19,25,20,4,14,9,25,14,9,11,21,16,20,10,17,10,28,17,18,36,15,17,29,16,17,21,20,17,18,13,6,14,18,15,20,10,16
GAAB092453-EPHI-622I-1,8,2,2,1,6,13,17,10,2,13,6,16,2,0,2,0,0,8,7,0,19,0,0,25,23,13,26,21,17,8,16,7,13,3,7,26,27,5,13,17,16,28,14,13,2,1,23,19,15,16,10,14,22,30,34,16,14,0,5,23,25,26,43,35,54,30,1,17,17,23,20,10,3,20,25,22,30,19,12,14,17,15,62,19,17,34,10,33,13,33,24,25,34,6,34,19,20,30,9,11
AMAN031019-EPHI-622I-1,7,0,1,4,1,0,20,11,12,35,9,10,20,2,1,2,4,16,20,5,21,0,0,18,22,26,20,23,9,10,17,9,19,15,21,13,35,22,15,20,14,17,9,26,3,1,19,24,17,18,13,14,14,19,34,12,22,0,6,33,21,18,19,27,25,22,23,14,28,20,21,17,15,17,21,15,22,8,14,14,6,19,44,16,17,25,16,23,21,17,28,8,31,0,34,24,14,18,17,18
ORME040699-EPHI-622I-1,7,1,1,1,1,2,16,6,4,15,6,13,13,3,3,1,0,7,11,4,15,0,0,10,23,17,14,9,5,13,22,5,15,2,9,6,33,0,11,10,10,13,11,12,0,0,16,14,9,9,7,10,15,13,14,9,7,0,12,19,17,21,13,19,25,19,25,8,11,16,9,13,11,12,13,11,11,14,9,16,13,13,21,11,17,17,9,16,18,18,14,9,13,7,16,21,14,19,8,10
SNSE072114-EPHI-622I-1,6,0,1,1,8,0,17,9,7,12,5,10,13,2,1,2,1,12,9,7,17,1,0,17,17,22,19,24,13,18,20,8,28,6,14,19,22,19,8,14,8,25,20,11,4,0,13,11,5,6,11,12,13,15,26,8,11,0,5,15,19,18,18,22,29,30,22,8,17,24,19,8,8,9,23,14,13,13,12,17,11,6,41,14,17,26,5,16,20,20,18,15,27,4,19,15,19,25,8,15
ET-MT-469-EPHI-622I-1,5,3,2,4,3,0,20,8,4,16,3,3,14,5,1,2,0,11,3,4,12,0,0,22,19,18,10,26,9,16,18,13,19,7,20,21,31,3,11,16,6,22,16,12,2,0,15,11,16,16,9,9,30,11,28,7,11,0,15,19,19,27,25,15,28,22,24,14,17,33,17,11,10,11,14,10,14,4,13,15,9,8,31,22,17,16,12,20,19,19,8,8,18,5,6,12,19,11,13,15
AMJI031240-EPHI-622I-1,4,0,0,2,0,0,9,1,2,15,3,5,5,0,0,0,0,10,7,3,21,0,0,12,19,19,15,16,5,8,8,2,12,1,9,11,21,0,8,4,15,18,16,14,0,0,13,15,5,6,9,21,10,9,14,3,8,0,1,16,17,18,9,12,23,18,9,9,13,15,18,21,6,12,15,12,6,15,12,9,10,10,25,22,17,22,7,6,10,18,20,13,23,0,17,18,10,25,16,5
ET-LT-957-EPHI-622I-1,4,2,0,0,8,0,12,11,18,13,10,5,12,5,5,4,1,7,9,9,6,0,0,11,10,9,8,15,4,7,12,10,8,2,11,9,10,5,12,7,8,13,11,11,4,1,6,8,5,6,7,7,15,10,13,3,18,0,4,8,9,13,11,9,15,11,7,15,9,16,10,8,5,8,9,5,13,11,8,17,8,13,25,11,17,11,9,10,15,9,10,8,16,1,9,14,17,6,9,7
ORBA040306-EPHI-622I-1,4,5,1,3,4,1,14,9,8,14,5,9,15,4,2,1,0,10,12,6,8,0,0,11,18,19,13,11,8,11,20,9,13,4,10,10,26,4,13,17,18,11,20,14,3,0,22,19,13,13,9,12,16,16,21,12,12,0,10,14,18,21,19,14,20,19,15,9,12,24,14,20,8,3,15,7,11,15,9,14,13,11,32,14,17,26,9,16,17,14,17,10,21,9,9,16,14,17,4,9
SOER052796-EPHI-622I-1,4,2,1,3,1,0,25,7,5,18,7,7,16,1,2,0,0,21,11,6,17,0,0,15,28,19,22,22,9,11,16,9,23,8,14,24,25,3,16,12,13,17,22,18,0,0,27,20,17,19,11,17,19,19,36,8,15,1,6,35,22,22,13,13,29,24,16,11,13,28,19,15,18,17,14,8,14,13,13,25,9,12,42,17,17,25,10,21,21,10,17,15,24,7,24,23,15,22,5,9
AMAN030951-EPHI-622I-1,3,0,0,1,0,0,5,1,1,3,1,5,1,0,1,0,0,6,6,0,5,0,0,6,4,10,8,4,6,2,4,2,7,0,7,10,5,0,6,5,5,16,9,4,0,2,12,7,3,5,2,13,2,7,11,4,6,0,0,13,7,12,6,7,16,13,10,2,15,9,21,6,5,16,9,8,5,18,2,2,8,8,23,5,17,16,4,7,2,12,14,4,11,1,16,14,3,11,0,6
AMWO031523-EPHI-622I-1,2,1,0,3,3,1,9,4,5,14,7,7,4,3,1,3,1,12,4,4,5,0,0,11,6,12,8,8,12,11,8,4,13,4,16,8,9,10,12,8,14,19,11,14,1,1,17,18,9,8,6,13,8,14,25,5,5,0,1,13,18,15,19,8,18,13,15,11,15,13,11,8,6,12,17,5,14,8,9,5,9,9,23,20,17,27,7,17,18,15,15,11,13,32,15,15,10,15,7,9
ET-LT-810-EPHI-622I-1,2,2,0,8,2,0,9,5,4,8,1,1,5,4,2,1,0,9,2,4,5,0,0,8,10,5,7,10,3,2,8,3,8,5,4,7,9,4,4,4,3,3,6,2,0,0,6,4,0,6,7,6,9,4,9,7,5,0,1,3,11,17,12,8,7,6,9,10,6,10,6,1,3,1,3,7,3,11,2,11,4,11,15,11,17,9,11,11,16,9,6,3,8,19,10,3,7,7,5,5
SNSE072104-EPHI-622I-1,2,0,0,0,1,1,7,2,3,4,2,3,3,1,3,0,0,8,5,4,7,0,0,6,10,4,6,5,3,12,5,3,3,3,5,11,7,2,5,8,4,4,4,5,0,0,3,8,6,0,4,4,4,6,16,7,6,0,1,11,9,7,13,14,21,16,10,8,7,9,9,2,3,5,7,4,8,10,7,2,4,6,21,7,17,16,3,6,10,11,8,5,13,2,13,10,8,7,3,6
ETMT563-EPHI-622I-1,1,0,0,1,0,0,10,2,2,4,1,4,1,0,1,0,0,6,3,0,17,0,0,10,17,22,20,7,7,12,2,2,7,0,9,8,17,6,15,7,12,27,12,6,0,0,12,13,2,3,6,12,7,22,11,6,5,0,0,10,12,19,14,33,26,17,12,2,14,11,10,3,1,27,23,20,9,18,7,5,16,4,42,8,17,33,3,23,3,19,34,5,12,1,26,18,3,12,5,11
ET-SL-1499-EPHI-622I-1,1,2,1,1,1,0,9,5,8,12,6,3,11,1,1,1,0,11,8,4,14,0,0,9,16,9,21,10,7,6,10,8,14,5,9,9,16,0,11,12,7,24,7,14,0,0,11,9,9,5,8,10,5,11,16,2,10,0,10,9,13,11,12,18,15,18,19,9,8,11,7,6,10,9,10,11,7,10,7,17,10,7,25,16,17,15,8,15,16,11,12,6,12,3,8,7,15,10,7,5
SNSE072129-EPHI-622I-1,1,2,0,2,5,1,13,8,3,5,5,6,16,4,4,1,2,4,8,5,11,0,0,12,17,8,7,11,5,7,8,5,5,3,4,10,15,4,5,9,8,11,10,7,2,0,10,14,7,9,5,7,7,10,14,3,7,0,8,9,11,12,18,14,9,12,9,4,13,17,11,12,7,6,9,5,10,11,9,9,10,8,26,12,17,20,4,13,16,13,14,3,13,4,13,9,13,11,8,11
ORME040615-EPHI-622I-1,10,6,4,4,3,1,6,8,8,16,3,8,10,9,5,1,1,8,4,13,10,0,0,8,19,15,8,12,3,6,7,7,8,6,13,17,25,10,12,10,10,9,12,19,3,0,12,9,9,16,10,6,7,21,13,8,13,0,11,12,12,13,13,16,16,15,11,13,11,19,8,9,10,7,5,14,18,5,6,18,9,8,27,9,16,11,9,12,12,11,13,10,17,10,10,8,14,11,6,6
GAAB092426-EPHI-622I-1,7,1,1,3,12,12,19,10,0,18,11,16,2,0,8,0,0,10,6,4,18,0,0,13,9,15,22,19,8,5,17,13,13,7,16,12,12,10,9,11,8,15,19,17,1,0,19,21,9,16,11,18,10,17,30,6,24,0,10,19,16,8,31,23,20,19,21,19,15,27,23,10,11,12,13,16,20,11,13,12,10,7,53,11,16,19,12,16,18,18,16,11,23,23,18,27,20,11,16,13
AMAN030979-EPHI-622I-1,5,6,0,5,3,1,21,10,3,16,13,19,20,2,1,4,0,15,11,11,10,0,0,22,22,15,18,20,6,11,26,10,16,13,18,29,16,1,16,13,13,16,10,9,2,0,11,13,14,15,17,16,20,14,27,12,18,0,12,18,19,23,34,19,31,18,19,15,21,31,27,13,9,11,14,11,13,13,17,24,7,17,28,21,16,25,13,25,24,28,16,20,20,3,19,18,14,15,18,12
ET-MT-480-EPHI-622I-1,5,2,2,6,1,1,15,9,15,13,4,10,14,3,2,2,0,10,3,2,14,0,0,8,13,16,11,15,10,10,17,5,8,6,14,16,25,5,15,10,7,9,15,15,0,0,14,15,9,6,8,17,18,11,21,7,13,0,12,14,19,17,20,16,26,13,15,15,14,16,10,13,6,18,20,7,15,13,5,15,10,13,28,16,16,16,13,11,10,9,12,11,8,10,8,11,21,14,12,11
ET-SL-1500-EPHI-622I-1,5,2,1,2,1,0,13,4,4,11,4,7,15,2,0,0,0,9,9,3,9,0,0,16,19,16,23,19,9,13,27,11,14,4,16,19,16,3,12,5,16,7,15,16,1,0,10,8,8,10,6,16,8,16,17,6,13,0,6,18,18,18,14,9,29,25,13,16,10,23,11,13,11,18,12,10,6,14,6,15,8,16,21,17,16,13,12,12,10,16,17,6,9,4,15,9,10,12,7,8
AMJI031323-EPHI-622I-1,4,6,2,7,6,3,17,15,15,16,12,11,17,11,12,8,3,13,7,11,15,0,0,17,40,17,22,25,18,18,26,16,17,15,25,18,44,17,10,17,7,22,20,23,9,1,12,23,16,23,19,16,23,17,19,5,9,0,19,25,15,27,29,25,31,16,21,19,24,28,26,12,12,10,23,12,21,18,18,15,12,19,43,25,16,27,21,10,21,28,11,21,37,12,15,24,18,15,15,15
ORME040700-EPHI-622I-1,4,1,0,1,2,0,15,5,7,6,0,7,7,1,2,2,0,6,4,6,3,0,0,4,11,12,10,8,3,4,12,10,8,1,7,18,12,0,3,15,6,10,9,6,0,0,6,15,8,7,7,10,6,9,9,9,9,0,5,18,14,12,15,15,12,19,10,5,2,18,13,5,5,8,14,10,7,9,9,9,7,5,18,8,16,11,7,4,18,8,14,7,13,1,11,11,11,14,6,7
AMJI031262-EPHI-622I-1,3,1,0,0,0,0,12,3,5,2,1,0,7,1,1,1,0,8,8,4,13,0,0,15,11,17,14,4,7,9,6,3,12,3,11,9,12,3,9,15,14,13,11,8,0,0,15,18,7,9,3,16,9,7,26,4,9,0,7,16,19,22,25,18,25,17,11,8,9,22,9,7,2,8,11,4,11,12,10,11,5,3,24,13,16,19,7,14,11,16,10,13,21,1,8,21,13,15,4,9
AMJI031263-EPHI-622I-1,2,0,0,1,2,0,8,1,2,6,3,8,1,0,2,0,2,5,7,3,5,0,0,2,10,8,15,4,2,6,12,5,7,6,10,9,9,0,9,9,6,13,5,7,0,4,13,6,5,8,6,5,7,6,9,5,10,0,3,14,8,15,6,21,12,12,5,7,10,13,7,5,4,11,12,6,6,6,4,6,10,9,12,6,16,17,7,17,13,6,8,6,12,10,12,10,10,13,4,4
ET-LT-985-EPHI-622I-1,0,1,0,2,6,0,10,11,6,14,4,9,14,4,2,1,0,4,7,5,13,0,0,4,13,16,9,23,8,9,15,10,9,7,9,13,19,1,5,4,8,8,12,9,3,0,13,6,3,12,7,13,10,13,15,3,6,1,8,6,5,12,17,8,12,12,11,6,9,20,7,6,7,19,6,10,4,7,5,17,11,8,20,13,16,9,8,11,15,12,8,5,16,1,8,15,4,11,4,6
AMAN030938-EPHI-622I-1,11,2,1,4,4,1,15,9,4,22,4,9,11,1,2,0,2,11,7,5,18,0,0,19,17,19,15,21,7,16,13,9,11,4,15,14,35,0,13,14,10,26,16,13,0,0,22,28,9,12,8,11,13,10,18,9,20,0,9,20,22,29,29,22,32,26,28,14,18,15,10,15,8,15,14,15,15,13,8,12,13,13,38,20,15,17,8,18,13,16,15,14,23,10,17,19,24,18,9,14
AMAN031026-EPHI-622I-1,8,0,1,3,2,2,19,10,9,14,6,11,10,3,1,0,0,24,11,9,32,0,0,14,25,19,19,18,11,12,11,11,11,7,10,15,16,3,11,10,18,21,15,11,3,1,22,23,11,11,8,27,12,18,20,17,11,0,7,26,13,20,17,19,27,29,22,10,15,32,26,11,5,25,17,15,12,21,17,16,18,21,40,20,15,34,8,24,15,17,31,10,19,8,29,21,9,16,10,13
GAAB092434-EPHI-622I-1,7,6,7,7,5,0,15,17,12,18,12,8,8,1,21,0,1,12,5,1,8,0,0,6,19,10,14,8,10,7,22,5,9,7,11,13,26,14,19,12,10,22,12,12,24,15,10,10,21,14,10,13,16,18,26,4,17,1,9,16,16,17,17,12,15,17,14,15,17,23,12,8,12,8,17,13,17,11,15,13,7,12,30,10,15,28,11,17,14,17,15,15,21,13,18,9,18,17,14,9
AMJI031269-EPHI-622I-1,6,1,0,3,0,4,10,4,3,18,5,6,9,0,0,2,0,18,10,3,20,0,0,11,19,13,23,13,10,11,12,8,16,1,15,13,15,0,17,18,15,22,21,21,4,13,15,28,10,11,10,21,8,12,32,3,14,0,7,26,17,21,30,24,32,23,17,15,18,21,13,13,12,20,18,18,13,18,6,22,9,16,42,14,15,33,11,29,17,16,26,12,15,24,32,24,18,21,15,17
AMJI031206-EPHI-622I-1,5,4,6,8,10,1,17,16,12,17,6,8,16,4,10,1,0,18,8,8,14,0,0,19,18,6,18,18,6,10,21,15,12,7,21,10,22,6,10,18,10,23,19,25,2,0,8,26,11,26,9,23,12,22,17,6,22,0,12,20,17,27,26,14,26,17,17,13,14,19,22,11,13,9,15,15,13,17,14,24,8,14,29,19,15,31,15,24,16,18,12,12,26,22,17,15,13,17,21,11
ORME040688-EPHI-622I-1,3,0,1,4,3,1,7,1,6,13,6,6,5,0,2,1,1,7,8,2,13,0,0,13,12,15,17,8,8,9,9,6,8,5,5,18,17,6,9,12,5,11,10,9,0,0,12,12,7,5,4,11,10,16,10,3,12,0,7,9,14,12,11,13,17,16,20,3,9,17,14,9,11,7,10,10,5,14,7,14,8,11,28,15,15,13,8,14,14,8,19,5,13,23,13,13,15,11,10,7
AMAN030959-EPHI-622I-1,2,3,0,2,1,0,12,13,2,6,4,9,6,3,3,1,2,6,3,1,7,0,0,1,8,7,5,7,3,7,6,6,10,6,6,6,14,0,4,1,6,4,10,7,0,0,7,8,6,5,7,7,6,0,6,6,7,0,3,14,12,13,5,11,9,12,6,5,3,12,6,7,9,4,8,10,4,3,2,9,6,2,19,10,15,12,1,5,8,13,4,5,5,2,9,12,2,10,2,4
AMJI031321-EPHI-622I-1,2,2,0,2,1,0,6,7,8,6,4,9,6,1,1,2,0,4,10,4,7,0,0,12,13,8,10,13,3,6,13,3,12,4,10,6,15,2,8,14,8,12,10,12,8,5,8,13,11,5,9,9,6,16,11,5,7,0,6,15,10,12,6,15,19,12,11,7,12,15,15,8,7,8,13,5,13,6,8,7,2,7,17,14,15,13,14,11,15,11,8,9,18,14,13,12,12,15,6,14
ETMT562-EPHI-622I-1,2,0,0,6,1,0,11,3,0,9,6,6,6,1,2,1,0,3,5,1,10,0,0,10,18,10,15,10,1,7,15,9,11,4,9,8,18,0,8,9,6,14,7,13,0,0,10,4,6,6,6,10,9,6,9,5,7,0,2,12,7,15,12,11,13,19,15,13,8,20,12,3,8,12,9,6,9,7,8,15,7,10,13,8,15,12,2,11,14,7,11,8,13,4,12,13,8,10,7,6
SNSE072150-EPHI-622I-1,9,3,1,2,3,1,19,12,3,10,7,9,1,1,2,1,3,6,7,1,14,0,0,13,10,6,5,9,6,6,13,4,12,5,9,14,18,2,11,16,4,19,6,12,2,1,11,13,10,6,8,9,10,8,20,2,15,0,10,18,10,18,19,14,24,16,15,10,13,10,7,10,9,14,9,4,6,5,11,15,5,15,33,13,14,18,9,6,7,12,6,10,19,10,13,19,6,14,11,11
AMJI031243-EPHI-622I-1,8,3,0,2,6,0,12,6,6,11,4,4,9,2,8,0,1,9,8,10,5,0,0,9,15,9,10,7,4,8,14,5,4,8,5,10,14,5,11,7,2,14,11,10,3,0,12,9,3,6,7,9,12,7,10,9,9,2,8,15,6,10,20,11,12,13,10,7,7,17,6,7,6,3,13,8,6,8,5,7,2,8,24,17,14,18,16,14,11,8,5,5,12,8,11,11,11,12,2,12
ET-SL-1455-EPHI-622I-1,8,0,2,1,1,0,7,2,4,10,7,3,7,0,2,1,0,5,1,3,10,0,0,5,11,15,9,11,4,10,8,3,10,3,10,3,12,0,7,6,5,9,6,7,0,0,10,9,10,1,7,10,10,8,7,1,4,0,3,8,8,12,7,12,12,8,9,7,5,10,7,5,10,7,4,7,4,7,6,10,4,5,13,10,14,7,7,8,9,10,14,5,9,4,7,11,11,12,8,4
ET-LT-984-EPHI-622I-1,7,2,1,8,10,0,28,11,13,16,13,9,24,4,4,0,2,14,14,6,20,0,0,17,14,17,25,22,13,12,20,9,12,11,9,14,20,2,10,19,11,21,16,18,3,0,20,15,16,13,7,14,23,18,20,10,16,0,9,19,19,25,23,11,25,25,23,13,13,23,18,17,11,17,7,18,12,12,15,18,10,10,36,18,14,18,13,23,25,21,16,12,10,3,18,25,18,26,8,13
ET-MT-291-EPHI-622I-1,7,5,3,7,2,3,12,10,8,7,10,7,10,5,5,0,0,4,5,8,6,0,0,9,18,13,17,19,6,8,11,7,11,3,15,12,22,4,10,10,8,7,14,18,2,0,9,13,8,13,12,13,15,10,13,6,13,0,16,19,12,29,9,10,16,24,19,8,12,18,16,13,15,13,10,9,3,5,12,9,8,10,31,17,14,11,9,15,19,7,9,9,16,12,16,9,9,15,11,10
AMAN031011-EPHI-622I-1,5,2,0,1,1,1,5,5,3,7,1,5,2,3,1,0,0,4,5,2,10,1,0,9,9,9,10,14,8,6,13,1,12,5,10,5,16,1,6,5,5,7,11,7,1,0,8,10,8,2,5,4,8,5,10,5,5,0,4,12,8,8,10,9,8,7,7,7,4,9,6,4,6,11,7,6,6,9,7,10,5,6,11,8,14,12,8,9,7,8,15,2,9,1,8,11,11,5,6,7
ET-LT-570-EPHI-622I-1,5,0,0,3,2,1,2,2,3,13,1,4,12,3,4,1,0,2,4,2,4,0,0,9,14,9,10,9,3,3,9,4,6,3,2,6,10,2,11,3,8,10,11,5,0,0,8,12,1,7,3,11,10,12,9,4,11,0,5,11,10,13,14,8,15,6,6,8,4,12,11,5,3,7,8,4,6,6,6,8,6,9,12,13,14,12,9,7,8,11,10,4,11,0,9,10,5,13,2,11
AMJI031207-EPHI-622I-1,3,2,1,1,1,2,13,9,1,12,5,5,7,1,2,3,1,9,7,6,11,0,0,10,11,15,12,10,6,4,8,8,16,6,12,12,22,0,8,11,3,13,5,6,0,0,11,15,7,13,8,8,7,15,16,3,7,0,10,11,11,8,12,20,17,15,13,5,13,18,11,8,7,2,11,6,7,9,8,10,6,9,30,9,14,12,9,11,10,11,9,10,12,5,10,17,10,9,7,4
AMJI031275-EPHI-622I-1,8,0,1,2,1,1,10,5,6,7,8,2,6,0,0,3,0,6,6,7,13,0,0,4,15,12,8,6,6,6,13,6,6,3,5,16,8,1,14,8,11,14,8,10,0,0,9,5,7,14,2,7,11,1,10,5,4,1,2,12,10,13,7,11,7,10,12,6,9,20,9,10,9,9,5,8,2,6,8,13,4,8,13,10,13,17,9,10,10,18,7,9,15,3,10,19,13,5,8,2
ET-SL-1501-EPHI-622I-1,6,0,0,3,4,1,12,7,2,11,7,7,8,1,1,1,0,8,4,4,6,0,0,5,11,11,7,11,8,4,11,5,4,3,8,1,12,2,7,3,9,12,10,12,1,0,12,13,10,9,11,8,11,12,10,1,6,0,8,15,11,21,4,10,15,9,10,7,6,15,8,5,4,13,9,5,8,11,3,11,8,8,24,12,13,14,8,11,19,9,8,5,3,5,11,5,5,13,5,10
ET-MT-251-EPHI-622I-1,5,0,0,3,3,1,11,2,3,15,6,9,4,0,0,0,0,13,4,0,16,0,0,10,7,20,18,5,8,9,13,3,14,0,8,10,22,1,15,11,16,14,11,11,0,0,14,14,2,4,10,13,13,17,26,2,5,0,6,16,10,14,14,11,18,18,19,13,6,22,11,10,8,10,13,9,4,8,2,9,15,5,33,16,13,16,6,19,15,10,21,4,9,32,17,7,10,20,2,6
AMWO031513-EPHI-622I-1,3,2,0,5,0,2,11,8,4,16,4,5,5,2,2,1,0,4,3,8,9,0,0,7,9,12,10,14,4,7,12,12,4,2,6,6,15,0,9,13,12,13,5,7,1,0,3,6,1,9,6,13,7,12,13,4,4,0,11,8,16,21,19,16,15,22,9,11,11,11,11,9,8,12,7,9,4,5,5,19,6,5,18,10,13,14,11,10,16,17,8,5,16,4,10,11,12,9,14,10
AMAN030954-EPHI-622I-1,2,0,0,0,0,0,3,0,2,7,0,8,0,0,0,0,0,11,1,0,5,0,0,11,12,11,14,6,3,4,1,4,8,1,9,5,6,0,11,5,8,17,2,6,0,0,11,9,2,2,2,8,3,9,12,3,2,0,2,9,8,14,12,10,15,16,11,1,8,11,9,6,3,12,10,8,5,13,3,9,7,6,21,2,13,15,5,7,3,11,17,5,7,0,14,15,7,14,1,14
AMAN031001-EPHI-622I-1,2,2,0,4,0,2,6,4,4,6,2,8,6,1,2,0,0,6,4,5,5,0,0,6,7,10,6,12,2,4,8,9,3,3,5,8,6,0,4,5,5,13,2,2,4,3,10,5,5,9,6,5,5,8,15,2,2,0,4,10,7,5,12,6,10,8,12,5,5,9,5,3,1,7,4,8,4,4,2,4,6,5,11,7,13,9,4,3,6,4,5,3,13,7,6,14,1,3,3,4
ORME040623-EPHI-622I-1,16,4,5,10,10,2,19,8,11,14,8,13,14,12,7,1,3,9,6,14,16,0,0,13,13,7,16,15,8,12,13,11,21,9,15,7,24,8,6,10,8,11,21,15,6,0,11,15,12,8,11,11,15,12,19,2,13,0,10,6,11,15,21,17,24,22,14,10,12,28,14,7,11,16,12,12,6,11,14,18,10,9,27,10,12,13,12,10,16,12,21,11,15,20,12,11,16,23,4,8
ORBA040314-EPHI-622I-1,11,3,0,3,4,0,24,15,5,25,11,7,10,6,5,4,0,15,9,4,12,0,0,14,24,11,17,22,10,12,23,9,13,7,21,16,30,6,7,11,13,17,17,20,5,0,16,14,12,12,11,11,21,14,16,17,20,0,10,24,16,23,31,30,38,18,16,16,13,24,19,16,13,10,17,18,22,9,13,22,7,15,41,28,12,23,13,15,19,22,13,15,23,3,25,14,13,19,20,12
AMJI031285-EPHI-622I-1,9,1,0,2,2,1,13,7,10,14,3,7,8,2,2,2,0,8,7,6,14,0,0,13,23,17,12,16,9,9,21,8,12,4,14,16,19,1,14,16,9,15,11,12,1,0,9,15,9,19,9,7,14,17,17,8,11,0,6,21,14,21,18,17,12,16,14,11,8,19,14,5,7,14,13,12,10,13,10,6,6,10,26,18,12,20,10,16,17,14,13,6,14,3,10,18,18,18,8,7
ET-LT-986-EPHI-622I-1,8,1,1,1,3,1,10,7,4,5,1,2,3,0,4,0,0,5,10,2,5,0,0,3,9,12,7,12,4,10,12,1,9,6,7,6,14,4,7,8,7,8,12,11,1,0,8,10,7,4,2,12,10,12,8,6,9,0,5,7,11,15,14,13,20,12,10,8,7,14,9,6,4,9,7,10,5,8,4,10,5,5,16,8,12,15,8,8,15,9,10,5,4,1,9,9,7,12,3,5
AMAN031000-EPHI-622I-1,7,1,0,2,4,1,10,10,8,10,6,1,13,1,3,0,2,8,5,5,6,0,0,5,11,11,11,11,7,3,9,10,9,5,8,9,21,14,10,5,5,10,7,9,2,0,8,16,15,9,3,9,14,3,10,7,6,1,6,13,10,17,18,11,11,11,10,6,2,13,8,5,10,7,5,8,7,9,7,12,7,9,15,16,12,6,3,5,10,8,10,8,8,24,5,4,8,10,5,4
SNSE072112-EPHI-622I-1,7,1,0,4,10,2,14,9,7,20,11,10,14,3,8,3,1,7,6,9,10,0,0,8,17,6,17,13,11,3,13,6,9,4,9,9,14,4,9,7,5,13,11,15,1,0,11,8,9,10,7,11,13,13,15,10,14,0,10,9,10,11,23,9,11,11,19,11,11,22,14,14,7,9,10,7,10,8,10,12,8,10,14,12,12,21,13,12,15,7,3,7,21,10,9,10,14,18,4,6
ETMT559-EPHI-622I-1,6,4,0,3,1,0,13,7,11,11,2,4,10,0,5,1,2,13,11,5,11,0,0,11,12,12,13,16,3,9,14,4,8,7,10,10,10,1,3,11,7,9,8,9,0,0,8,7,3,9,9,9,11,10,12,5,9,0,8,13,16,13,12,7,17,17,18,3,9,9,4,10,6,9,7,4,9,11,7,10,3,7,17,16,12,13,7,9,11,13,10,4,7,1,8,6,8,7,5,5
ET-LT-994-EPHI-622I-1,5,0,1,0,1,0,10,3,4,14,7,6,8,1,1,1,1,7,3,2,12,0,0,8,12,12,7,9,3,7,9,4,9,0,12,8,19,1,6,4,3,10,10,12,0,0,12,11,10,7,5,12,9,7,10,2,10,0,6,6,7,17,13,15,17,15,14,10,10,11,9,4,5,9,11,8,8,7,5,10,11,12,19,17,12,16,1,11,15,12,12,3,12,1,12,9,9,9,6,1
ORBA040333-EPHI-622I-1,4,1,1,7,4,2,16,10,6,9,11,1,5,5,3,4,1,5,7,1,6,0,0,5,16,5,7,13,5,8,8,7,7,3,13,6,18,6,5,9,7,11,11,11,0,0,10,5,6,11,3,7,6,7,19,2,4,0,12,8,14,15,11,6,15,7,7,7,6,17,3,6,10,7,6,9,8,8,5,10,4,9,23,12,12,20,10,9,12,6,8,10,11,10,5,12,10,16,2,2
ORME040680-EPHI-622I-1,4,1,1,2,1,0,10,9,3,7,6,7,7,8,2,2,2,6,2,4,13,0,0,8,2,7,7,4,1,4,4,4,7,2,6,5,13,6,6,10,2,8,7,5,0,0,8,6,9,5,2,3,14,1,9,2,8,0,9,7,7,11,10,7,14,10,11,3,8,6,5,5,3,6,6,6,5,7,4,6,1,7,18,8,12,9,5,7,10,4,0,9,11,9,6,8,8,6,3,4
AMAN030919-EPHI-622I-1,3,3,0,0,1,0,9,2,1,15,5,2,5,1,2,0,0,3,5,1,4,0,0,8,13,6,8,14,4,3,6,6,5,1,8,8,12,0,8,8,10,9,13,8,2,1,16,7,4,9,5,7,7,13,21,8,6,0,5,8,10,9,10,9,25,9,18,11,14,18,9,7,9,5,12,3,2,5,7,10,3,6,12,17,12,7,8,15,10,7,8,3,11,8,11,11,7,10,10,5
ET-LT-891-EPHI-622I-1,2,1,0,8,7,1,15,9,7,10,9,7,11,7,4,2,0,4,5,5,14,0,0,8,12,14,10,5,4,6,9,5,6,3,6,10,14,8,7,16,6,17,9,19,2,1,14,15,3,11,4,13,5,10,16,4,9,1,8,13,9,7,15,10,16,5,11,7,9,17,6,6,4,11,9,10,5,6,2,15,2,6,19,13,12,20,8,7,17,12,15,6,7,8,11,12,12,7,3,7
ORME040606-EPHI-622I-1,17,1,0,5,9,4,18,7,8,19,6,8,5,0,3,1,0,10,9,1,10,0,0,16,19,16,8,13,4,4,9,3,15,9,7,15,21,14,12,8,10,20,12,20,0,2,15,13,11,15,17,14,15,9,18,6,15,0,12,15,11,25,6,17,20,21,17,12,6,13,16,16,8,20,19,9,6,17,6,18,12,11,32,7,11,23,10,16,14,15,16,11,19,2,13,16,15,24,4,7
GAAB092524-EPHI-622I-1,6,7,0,4,5,6,9,6,5,10,2,5,5,0,1,7,0,8,1,6,4,1,0,9,6,5,8,10,6,8,8,2,6,4,7,8,12,0,7,5,6,11,6,2,7,11,5,10,2,10,3,9,11,8,8,5,10,1,8,8,17,14,12,6,11,11,11,5,7,12,6,4,5,11,5,6,2,10,5,13,2,8,23,8,11,11,5,4,8,10,9,6,12,8,5,11,12,12,3,7
ORME040645-EPHI-622I-1,6,4,3,2,4,2,5,4,5,6,5,4,7,6,5,2,1,4,5,5,7,0,0,6,4,3,5,15,5,1,5,7,7,2,8,7,13,7,4,3,0,8,9,4,3,0,8,4,5,2,2,4,6,5,12,2,8,0,2,9,6,8,8,8,9,8,14,4,11,11,9,3,3,8,10,4,5,5,2,8,5,7,10,7,11,14,6,10,10,7,11,7,13,3,8,7,6,9,6,2
ET-MT-473-EPHI-622I-1,5,5,0,2,1,1,6,3,5,8,1,5,8,1,1,1,0,2,6,1,8,0,0,6,13,10,15,10,4,4,12,2,13,2,11,3,9,3,9,12,7,12,9,9,1,0,9,9,4,6,6,5,7,11,9,10,8,0,3,11,11,10,9,16,11,18,9,7,7,16,6,3,6,13,7,10,9,6,8,7,4,9,25,3,11,17,5,13,10,12,14,9,9,3,4,6,8,9,5,5
ET-LT-1002-EPHI-622I-1,4,1,3,2,1,0,11,5,6,8,6,5,9,9,4,1,3,7,7,12,6,0,0,6,13,7,6,7,2,11,5,3,6,7,8,5,14,7,10,15,5,12,10,8,1,0,5,8,3,8,7,8,9,8,9,5,15,0,2,10,12,20,9,9,13,12,6,8,6,17,16,4,9,14,8,10,8,10,9,18,4,10,25,12,11,18,6,12,16,12,8,8,12,8,11,15,14,14,10,9
SNSE072138-EPHI-622I-1,4,0,3,1,1,1,8,8,4,9,0,3,2,5,2,1,0,9,5,1,7,0,0,10,14,7,15,9,11,10,6,5,9,3,6,10,18,2,5,8,12,12,9,3,3,0,11,5,5,9,5,10,5,8,17,7,9,0,10,9,8,9,18,11,11,10,14,7,13,9,11,7,5,10,13,7,15,6,8,12,2,7,18,14,11,17,8,13,9,15,7,3,14,3,7,8,7,10,3,8
AMAN030909-EPHI-622I-1,3,2,0,1,1,0,14,3,11,9,8,2,12,2,0,1,1,5,4,6,4,0,0,4,7,6,11,6,4,4,9,2,6,8,10,9,20,1,4,8,3,9,7,8,0,0,13,4,6,5,4,4,4,8,14,2,5,0,5,11,6,7,6,9,10,11,4,9,10,9,7,10,2,5,8,9,7,2,3,8,6,7,14,7,11,7,2,13,4,7,4,5,12,3,13,10,9,15,9,4
AMAN030910-EPHI-622I-1,3,0,1,1,1,0,8,7,5,13,4,7,9,1,5,0,0,4,2,4,5,0,0,8,3,4,15,9,4,7,12,4,7,5,8,6,20,1,3,11,4,9,6,9,1,0,7,8,8,6,2,4,7,5,14,4,6,0,6,7,8,14,17,8,12,7,9,6,8,14,12,8,1,4,5,3,5,3,6,6,3,2,22,8,11,15,5,6,6,6,7,5,9,2,5,8,13,12,7,8
AMJI031227-EPHI-622I-1,3,0,0,3,0,0,8,1,5,3,4,7,4,0,0,1,0,12,4,5,18,0,0,11,11,9,9,8,6,6,5,4,5,4,13,12,13,1,7,11,13,14,14,17,1,4,16,15,6,6,8,6,9,6,16,6,9,0,2,12,12,13,7,14,17,10,11,5,11,15,9,8,7,6,10,12,3,6,3,11,9,6,15,8,11,20,7,14,13,9,18,3,13,21,9,13,12,21,4,3
AMJI031298-EPHI-622I-1,3,0,0,0,2,0,5,2,0,3,0,4,7,0,0,0,0,5,4,3,9,0,0,8,9,7,3,13,3,1,10,1,9,2,8,2,14,1,6,12,7,6,4,9,0,0,9,10,8,6,2,7,4,14,13,3,3,0,2,8,10,9,16,14,9,7,6,5,5,17,4,5,4,9,6,5,6,8,1,10,1,2,16,6,11,14,6,5,7,11,11,3,6,1,8,12,3,14,7,8
AMAN030922-EPHI-622I-1,2,2,0,1,2,1,12,6,1,13,6,13,11,0,0,0,1,15,5,4,6,0,0,8,13,14,10,12,4,9,20,6,15,1,11,15,19,0,7,6,10,13,13,7,1,0,20,9,13,7,12,15,8,8,22,7,13,0,4,23,20,15,17,18,21,27,17,11,16,18,17,6,12,15,18,9,7,11,9,13,6,9,36,10,11,15,13,16,18,13,12,10,23,4,12,11,10,17,6,7
SND1071822-EPHI-622I-1,2,2,1,4,4,0,23,7,7,11,3,3,10,9,5,4,1,11,5,4,11,0,0,5,7,2,10,1,3,1,4,6,6,10,10,5,13,3,6,17,4,8,6,6,1,0,16,15,8,13,8,8,6,7,16,4,21,0,8,17,11,4,11,5,8,9,13,9,23,18,14,8,6,6,7,7,8,4,8,5,4,6,19,11,11,10,3,7,14,6,3,12,8,6,11,12,9,1,5,5
AMJI031228-EPHI-622I-1,1,0,0,0,0,0,7,0,1,6,2,5,1,0,0,0,0,8,1,1,7,0,0,5,7,10,7,3,4,7,2,0,7,0,3,6,7,0,7,7,3,13,8,5,0,0,18,13,1,2,5,6,3,7,9,4,3,0,0,9,5,9,4,4,4,8,12,4,6,8,14,5,4,12,11,12,1,9,5,9,3,2,12,6,11,12,0,6,4,3,9,4,6,0,7,7,8,9,2,1
ETMT561-EPHI-622I-1,0,0,0,0,0,0,3,0,0,3,0,0,0,0,0,0,0,2,2,1,8,0,0,2,7,10,8,5,1,2,1,0,2,0,3,4,1,0,5,4,2,8,1,6,0,0,5,1,1,1,2,8,1,4,3,0,1,0,0,9,3,5,5,5,4,6,5,2,6,9,2,3,3,11,5,4,7,10,1,4,3,5,12,2,11,7,0,6,3,11,10,0,2,0,4,4,4,6,1,3
ET-LT-964-EPHI-622I-1,9,5,3,3,5,0,12,7,5,7,6,6,16,5,4,2,0,4,6,5,6,0,0,10,13,5,8,7,2,5,11,9,9,6,9,11,11,4,10,8,4,11,8,13,3,0,9,7,9,7,6,11,7,10,15,2,12,0,11,18,10,13,8,7,17,15,5,13,10,13,7,6,6,2,6,5,7,11,7,7,5,11,12,13,10,21,9,14,15,8,7,2,9,4,5,12,13,8,5,7
ET-SL-1351-EPHI-622I-1,9,5,1,5,7,2,13,8,7,13,5,4,14,4,3,1,0,13,5,5,13,0,0,6,16,11,10,8,5,11,8,5,8,4,9,10,10,10,3,7,5,12,11,13,3,0,7,6,8,14,7,7,15,14,8,2,11,0,8,12,12,11,17,8,18,8,15,8,8,14,10,3,10,7,8,8,16,8,5,12,6,5,19,11,10,9,9,9,17,9,14,5,11,7,4,10,10,15,8,6
GAAB092560-EPHI-622I-1,6,0,0,0,1,0,10,8,6,12,9,7,8,0,2,1,0,8,3,1,14,0,0,5,12,9,4,9,6,4,10,6,8,4,7,10,16,0,3,7,9,13,4,17,1,0,11,13,4,5,8,9,10,4,13,7,9,0,9,8,10,12,5,7,12,6,12,4,11,12,8,13,2,5,8,4,2,12,9,7,2,7,18,10,10,14,3,9,11,13,9,10,13,4,5,7,14,10,13,8
AMJI031273-EPHI-622I-1,5,2,0,1,1,0,7,3,6,12,3,7,6,2,4,0,0,2,3,3,15,0,0,7,12,16,10,11,6,8,4,4,9,1,9,12,25,1,7,9,4,16,15,6,0,0,10,11,8,6,7,13,13,10,17,5,5,0,3,10,16,12,17,16,18,14,10,8,10,13,7,14,11,4,11,13,4,11,7,13,3,8,19,14,10,14,4,10,14,11,13,8,9,5,19,8,11,9,5,10
ET-LT-999-EPHI-622I-1,5,5,2,1,1,0,3,6,6,11,6,9,9,3,6,0,1,6,5,4,5,0,0,5,7,6,10,12,4,4,5,8,7,2,5,10,20,6,4,7,3,10,5,12,4,0,3,9,3,8,6,5,14,10,10,3,10,0,6,8,15,6,10,10,10,10,11,7,4,13,9,3,3,10,9,5,8,8,3,8,4,6,25,8,10,7,5,12,9,12,15,2,9,9,8,7,10,10,4,3
ORBA040317-EPHI-622I-1,5,2,0,0,2,0,3,9,6,5,6,5,5,3,2,0,1,6,5,3,5,0,0,7,10,2,10,3,6,6,15,4,6,4,8,9,5,2,3,2,5,4,2,10,1,0,7,7,4,5,8,4,7,14,17,8,10,0,5,8,9,16,10,6,13,10,11,11,17,12,4,6,8,3,6,5,6,6,8,5,5,4,13,7,10,8,3,13,10,7,7,6,11,4,8,8,15,8,2,5
ORME040684-EPHI-622I-1,5,1,2,5,2,1,12,10,14,10,2,6,8,8,2,1,3,8,4,7,12,0,0,3,8,9,8,5,2,9,10,2,10,4,5,7,13,1,3,13,11,10,14,11,0,0,8,4,7,7,5,7,11,9,11,4,10,0,10,7,11,12,11,12,13,18,8,4,8,12,6,3,10,9,7,5,6,11,6,6,6,4,25,6,10,13,15,10,11,12,14,6,8,7,12,9,8,10,8,7
ORME040674-EPHI-622I-1,3,3,0,2,2,0,11,4,7,17,4,3,9,2,4,1,2,12,3,5,7,0,0,10,13,9,7,8,5,6,12,4,8,1,8,15,27,7,6,5,10,7,18,6,0,0,16,6,7,10,8,7,13,11,12,5,7,0,3,9,6,18,12,10,16,7,7,7,9,10,4,11,9,9,7,8,7,12,6,8,6,10,23,14,10,15,14,11,14,8,11,7,6,18,16,11,11,13,4,2
AMAN030977-EPHI-622I-1,2,0,0,2,0,0,2,1,0,1,0,0,0,0,1,0,0,4,1,1,7,0,0,0,1,9,18,2,3,2,0,1,1,1,2,2,0,0,7,3,4,23,2,2,0,0,3,2,1,0,2,10,5,9,6,1,1,0,0,6,8,12,23,30,15,10,4,4,2,8,8,2,2,18,4,3,30,10,0,1,12,1,32,2,10,17,2,6,0,5,33,5,8,0,18,4,2,4,0,14
ORME040621-EPHI-622I-1,2,1,0,4,2,1,9,3,8,4,9,6,12,1,1,3,1,3,7,2,13,0,0,5,9,6,10,3,5,3,10,4,11,2,2,7,18,3,2,10,0,10,8,10,0,0,10,9,3,5,5,12,7,8,8,4,6,0,8,12,13,16,6,8,8,9,8,2,4,9,5,6,5,7,7,6,3,4,8,9,5,8,16,6,10,14,4,13,5,13,6,3,11,2,10,9,6,9,5,8
ORME040665-EPHI-622I-1,1,1,0,2,3,1,7,5,9,10,8,7,8,2,1,0,0,5,3,5,8,0,0,1,10,17,5,8,5,4,8,5,5,4,6,6,13,0,8,4,4,8,4,9,0,0,10,3,3,7,5,6,11,7,12,4,11,0,10,6,9,5,6,6,11,9,7,5,10,10,8,6,7,8,6,7,5,8,5,6,3,11,16,5,10,13,5,13,12,6,8,5,11,2,16,6,16,8,8,6
SND1071824-EPHI-622I-1,0,0,0,0,2,0,7,3,3,6,1,5,9,1,2,0,1,3,7,3,5,0,0,7,7,4,4,10,1,8,11,6,10,3,13,8,19,0,8,8,8,5,13,4,0,0,10,8,6,8,6,11,8,6,14,5,8,1,2,11,5,13,7,9,14,18,13,9,4,15,12,5,5,3,9,7,5,4,10,7,4,13,21,10,10,15,6,12,13,8,8,7,9,3,5,10,9,6,4,7
AMAN030911-EPHI-622I-1,7,3,1,2,5,2,17,7,3,9,3,6,10,7,3,1,0,8,4,7,10,0,0,13,7,11,6,12,5,9,7,10,6,3,13,3,17,2,4,8,4,8,6,7,2,0,7,4,8,7,3,10,14,4,14,2,10,0,10,15,9,7,11,16,17,13,15,2,6,9,8,12,4,5,9,4,7,10,3,10,6,8,18,12,9,14,4,10,3,15,10,7,7,7,9,7,13,15,4,5
AMAN031005-EPHI-622I-1,5,0,0,3,3,1,13,5,3,15,3,7,13,4,2,1,1,9,8,1,7,0,0,7,10,14,14,15,4,5,10,4,9,4,11,11,16,3,8,9,6,9,14,11,3,0,9,8,1,11,8,7,11,7,20,4,9,0,2,15,18,9,13,10,13,14,11,8,10,17,8,5,4,9,18,6,9,8,4,9,7,7,23,19,9,16,7,7,7,12,12,8,13,1,9,11,9,12,6,11
ET-MT-377-EPHI-622I-1,5,0,0,1,0,0,10,2,2,14,3,6,4,2,2,0,0,4,2,3,13,0,0,10,7,18,13,6,2,5,8,5,14,5,8,13,15,1,11,7,3,4,8,11,0,0,9,8,7,3,8,11,5,8,13,6,6,0,5,19,4,21,11,13,14,15,7,7,13,10,7,5,9,5,5,10,5,9,2,14,7,5,21,13,9,12,7,10,8,10,9,8,5,3,13,14,8,18,7,8
SND1071810-EPHI-622I-1,2,4,0,2,1,1,13,9,3,9,4,2,10,0,1,0,0,5,7,6,8,0,0,13,5,14,9,8,6,7,14,7,13,6,11,14,16,3,13,18,11,10,8,17,0,0,12,14,8,12,2,8,10,9,16,6,9,0,7,11,10,13,18,12,12,14,9,16,7,15,9,8,8,10,10,4,6,9,8,13,4,8,17,13,9,13,11,9,14,4,7,13,19,2,19,12,11,9,5,10
AMJI031220-EPHI-622I-1,1,0,0,0,1,0,5,5,2,5,1,6,3,0,0,0,0,10,2,2,23,0,0,15,12,24,19,10,6,10,2,3,6,3,7,11,20,0,5,5,9,15,5,11,0,0,15,15,6,2,5,18,9,12,15,6,6,0,0,17,12,24,6,15,16,13,21,5,8,14,12,7,1,18,18,5,6,9,8,6,14,11,28,7,9,26,2,20,4,16,11,5,12,2,20,9,8,14,3,11
ORAS040003-EPHI-622I-1,1,3,3,3,3,2,10,8,10,10,2,10,10,4,3,0,1,6,3,8,4,0,0,7,8,8,12,10,4,4,12,7,4,4,13,7,15,9,7,12,5,13,13,6,3,0,12,13,6,10,10,10,7,12,7,3,6,0,9,11,9,11,13,11,18,14,11,13,4,14,14,7,11,9,8,12,12,4,4,8,4,11,17,12,9,14,8,13,10,13,9,3,10,11,7,6,13,9,6,10
ORME040643-EPHI-622I-1,9,4,3,12,5,1,16,16,12,12,4,12,13,7,4,2,2,13,7,8,10,0,0,17,17,5,14,20,3,12,14,11,11,4,9,17,30,9,7,12,11,17,11,12,9,0,12,12,11,10,12,9,12,17,16,8,13,0,4,16,25,25,29,20,13,22,12,19,16,26,18,9,7,7,11,4,10,6,15,9,4,11,24,16,8,27,6,16,11,11,7,14,18,5,20,18,15,25,7,11
ET-LT-712-EPHI-622I-1,7,1,3,6,3,0,9,11,9,7,6,2,9,4,2,3,1,7,8,2,2,0,0,7,6,12,12,11,6,5,9,7,12,5,11,4,14,6,14,5,7,7,8,10,1,0,10,12,11,13,10,14,10,7,10,2,9,0,4,11,17,21,9,7,8,9,17,7,7,11,11,8,6,8,15,6,10,4,9,13,6,6,16,14,8,19,9,9,10,13,3,7,12,3,7,7,7,11,8,6
AMAN030925-EPHI-622I-1,5,3,1,3,3,3,3,3,5,5,5,3,8,1,4,1,1,1,4,4,5,0,0,5,11,6,3,7,5,3,3,5,9,5,8,13,15,7,4,3,4,4,9,8,3,0,5,1,8,5,7,3,6,2,13,3,4,0,3,8,14,14,15,9,7,12,8,7,6,7,5,8,9,4,4,6,7,4,6,9,0,6,18,8,8,10,5,5,7,8,6,6,7,9,4,9,8,8,4,7
ET-MT-430-EPHI-622I-1,4,0,0,3,1,1,4,4,2,4,2,4,9,2,0,0,0,1,2,3,2,0,0,2,1,3,2,0,1,4,3,2,11,2,6,2,9,0,3,5,8,4,8,3,2,0,4,2,3,0,3,6,8,4,8,2,5,0,2,5,3,9,0,3,9,2,7,3,5,9,5,2,1,5,6,6,2,3,1,4,1,7,4,5,8,8,3,3,3,3,1,2,7,7,7,3,4,2,4,3
ET-SL-1464-EPHI-622I-1,4,1,3,3,4,1,10,4,4,7,4,5,5,2,2,1,0,7,3,3,16,0,0,4,8,6,7,7,1,1,8,7,8,3,16,8,18,6,4,7,10,17,4,11,1,0,5,9,3,7,2,8,6,8,10,2,5,0,9,13,13,12,10,14,17,17,13,5,7,9,6,7,6,4,7,10,9,8,6,12,3,6,22,14,8,7,9,3,18,7,13,1,9,0,8,10,8,5,2,6
ET-LT-965-EPHI-622I-1,3,2,2,1,4,1,12,9,4,12,5,10,14,4,0,2,0,7,3,2,13,0,0,7,14,13,12,18,3,10,6,8,15,3,8,4,17,4,7,11,8,17,7,9,3,0,9,12,2,7,7,9,8,10,18,4,11,0,6,11,8,15,15,4,14,14,15,6,12,10,5,8,5,9,6,7,8,13,6,12,4,5,16,6,8,13,7,13,17,4,14,6,4,0,10,9,5,11,4,6
ET-SL-1262-EPHI-622I-1,2,4,1,3,2,0,13,16,6,10,6,6,15,6,1,0,0,5,11,2,6,0,0,7,7,15,10,9,7,5,14,7,7,5,6,12,24,5,8,8,7,17,14,9,2,0,12,4,10,4,6,9,10,8,9,3,8,0,5,10,7,12,18,10,14,12,8,8,6,18,6,8,5,6,10,6,9,6,3,9,4,6,21,6,8,12,5,10,13,13,9,8,5,5,8,10,8,11,5,11
ET-LT-785-EPHI-622I-1,1,0,1,1,2,0,6,2,4,1,4,9,0,2,1,1,0,3,1,1,8,0,0,1,8,6,5,5,4,3,2,2,8,2,2,5,8,1,8,4,3,3,7,4,1,0,10,7,2,5,3,3,2,4,10,3,4,0,2,8,3,8,9,9,10,5,11,9,5,11,0,4,3,11,4,9,2,11,3,7,1,2,14,3,8,8,8,10,11,8,7,6,11,12,8,5,10,7,2,8
AMAN030917-EPHI-622I-1,5,0,0,0,3,4,12,1,1,5,4,4,6,2,1,1,0,6,4,0,11,0,0,9,7,3,7,9,3,3,9,3,2,2,2,10,9,6,3,4,4,16,6,6,1,0,8,8,3,2,5,6,10,8,18,2,7,0,4,8,13,8,11,4,15,8,10,3,11,6,11,10,5,8,8,5,9,7,7,8,6,17,17,7,7,12,6,7,8,7,6,6,10,3,6,6,7,9,4,5
ET-SL-1039-EPHI-622I-1,5,1,1,1,3,0,7,6,11,7,7,3,6,4,2,1,0,7,1,3,2,0,0,5,16,3,7,5,3,3,8,3,3,1,7,7,11,5,3,3,9,10,6,5,0,0,8,6,4,6,5,4,9,5,14,3,4,0,4,11,8,8,6,11,12,12,7,4,6,7,4,6,4,9,9,3,9,4,5,9,1,4,8,5,7,10,5,2,12,7,9,4,4,9,6,4,5,9,1,2
ORBA040332-EPHI-622I-1,5,2,2,2,1,0,7,1,6,6,2,3,4,6,2,0,0,2,2,2,3,0,0,3,5,2,5,8,0,3,4,5,4,2,4,5,1,4,4,6,1,4,4,2,1,0,3,4,4,6,3,6,4,5,5,4,8,1,3,4,6,5,4,6,4,5,8,5,6,5,2,2,4,1,0,1,7,1,3,4,0,3,8,3,7,12,1,7,1,6,4,6,7,4,6,3,2,8,4,3
GAAB092436-EPHI-622I-1,4,4,0,1,2,3,10,6,1,11,4,2,9,0,3,0,1,4,8,7,6,0,0,7,14,6,4,12,9,4,8,8,10,5,2,6,25,3,2,6,9,9,4,6,3,6,13,10,9,9,5,5,9,9,17,9,10,0,6,6,9,14,12,9,10,11,8,7,6,12,9,9,10,10,3,3,9,10,9,13,3,5,14,9,7,5,4,10,13,10,8,7,11,11,10,10,6,5,6,5
AMAN030926-EPHI-622I-1,3,1,0,5,6,9,15,13,5,7,4,2,5,0,5,2,0,11,2,3,7,0,0,9,15,6,13,15,4,5,10,14,12,3,4,10,19,9,4,5,10,11,11,10,1,0,8,14,14,6,4,12,15,9,14,3,9,2,7,9,8,14,15,8,17,12,10,9,9,15,8,6,11,8,13,14,10,11,10,10,4,15,21,7,7,15,13,15,13,10,9,4,14,19,8,18,7,10,7,7
GAAB092483-EPHI-622I-1,3,0,0,2,0,0,4,2,0,3,0,2,2,0,1,0,0,5,2,1,1,0,0,2,4,4,5,1,2,1,3,2,2,1,5,1,5,4,0,2,3,6,3,2,0,0,5,2,0,0,5,4,3,0,4,2,3,0,1,4,5,4,3,5,7,1,0,3,4,6,1,1,1,0,4,2,4,3,0,3,1,1,8,4,7,0,0,4,2,2,3,3,3,0,5,1,1,1,2,1
AMAN030980-EPHI-622I-1,2,1,0,4,2,1,13,9,9,9,4,4,8,4,1,0,0,7,2,5,4,0,0,9,7,6,8,8,5,6,12,6,4,1,10,11,9,3,2,6,3,6,9,8,0,0,11,8,3,3,4,4,7,6,12,5,6,0,3,6,12,9,14,5,18,15,12,5,14,12,7,12,12,6,8,4,9,6,6,10,3,6,11,5,7,8,7,7,9,8,5,7,11,1,6,5,11,11,7,5
ORME040635-EPHI-622I-1,2,2,0,2,2,0,5,6,3,5,2,0,1,1,2,0,1,1,0,3,2,0,0,4,4,6,3,2,2,5,5,2,3,2,2,5,4,2,6,2,2,2,2,0,1,0,5,3,3,2,0,3,2,3,4,5,3,0,4,7,7,4,5,0,6,7,4,3,2,5,4,3,3,4,4,4,2,4,3,5,3,2,14,4,7,6,2,4,10,1,6,2,0,11,5,5,5,8,4,6
AMAN030961-EPHI-622I-1,1,2,1,1,2,1,12,6,5,11,3,4,5,2,2,0,0,7,3,4,11,0,0,11,8,8,6,13,7,6,2,6,7,7,3,12,3,2,3,5,5,9,4,9,2,3,4,3,3,1,4,4,9,8,6,1,4,0,4,11,7,11,15,9,9,11,10,5,10,5,5,7,4,4,5,5,7,7,7,7,2,6,13,6,7,10,9,10,7,7,4,9,12,9,7,3,8,8,7,7
AMJI031286-EPHI-622I-1,1,0,2,1,1,0,2,0,0,1,1,1,3,0,1,0,0,2,0,0,10,0,0,7,4,7,35,2,6,4,3,2,1,0,1,3,5,2,0,1,4,35,0,1,0,0,4,5,0,2,2,9,0,14,6,1,3,0,0,3,7,5,34,35,13,5,6,3,3,2,4,0,2,16,6,1,62,17,2,3,19,3,33,1,7,20,2,2,3,3,58,2,1,0,30,3,2,5,1,2
GAAB092473-EPHI-622I-1,1,5,1,0,1,0,8,4,2,6,3,9,4,0,1,0,0,6,2,0,12,0,0,11,7,10,14,15,11,7,9,3,8,8,8,8,16,1,4,11,12,12,12,7,0,0,9,17,5,9,5,7,8,4,13,5,12,0,5,12,10,13,17,11,19,14,11,7,9,22,7,12,7,5,7,5,16,6,6,11,6,5,27,7,7,13,7,15,12,10,10,6,18,12,9,17,8,8,7,8
ORBA040337-EPHI-622I-1,1,0,0,0,0,0,0,0,1,3,0,0,1,0,0,0,1,2,1,0,3,0,0,2,1,3,1,5,2,1,2,0,2,1,1,0,2,0,2,2,3,2,2,2,0,0,2,2,1,0,1,2,0,0,2,0,2,0,1,6,4,2,2,5,8,3,2,1,2,4,1,1,1,2,3,3,1,2,2,1,1,3,2,3,7,3,1,4,4,1,4,1,1,0,3,1,2,4,0,0
ET-SL-1463-EPHI-622I-1,0,1,1,3,2,0,2,1,4,8,4,5,12,1,1,2,0,4,9,2,9,0,0,6,8,12,9,12,1,4,3,2,7,4,5,11,8,1,3,6,8,6,4,6,2,0,5,3,2,8,4,5,4,11,5,7,5,0,6,11,5,10,13,7,7,8,10,5,3,5,5,4,6,9,4,7,7,5,5,10,2,5,13,8,7,6,3,8,11,8,5,3,6,4,10,3,2,16,3,5
GAAB092480-EPHI-622I-1,8,3,2,1,4,1,8,5,6,15,3,6,9,1,1,1,2,4,7,2,7,0,0,3,8,5,8,11,2,2,8,6,3,2,2,3,12,4,4,8,3,11,4,11,3,0,3,12,6,6,6,6,8,9,11,5,9,0,4,9,7,10,18,7,11,10,10,5,3,11,6,2,3,6,7,3,11,4,1,6,4,8,13,7,6,10,4,10,8,7,3,2,15,3,10,4,4,5,9,5
GAAB092481-EPHI-622I-1,8,5,2,0,4,4,7,4,1,4,2,1,4,0,3,0,2,6,4,3,3,0,0,3,6,5,9,2,3,7,4,3,10,5,6,11,15,0,4,8,1,7,6,4,5,0,12,2,4,10,2,10,9,3,7,6,12,0,5,7,8,14,12,11,13,11,9,8,10,8,3,1,4,4,11,3,11,4,6,3,5,3,8,12,6,14,3,14,6,1,6,2,9,8,9,7,12,4,7,4
ORME040613-EPHI-622I-1,7,1,1,6,4,0,13,3,9,8,2,8,13,4,3,2,2,7,1,4,11,0,0,6,9,6,7,4,3,3,8,5,9,5,5,3,13,6,6,7,4,6,5,11,6,0,6,8,6,10,2,12,8,6,10,4,7,0,6,11,12,9,6,14,18,18,15,6,6,17,5,3,4,4,6,8,12,10,7,13,5,4,12,9,6,13,6,13,9,11,6,7,11,6,14,9,11,14,3,10
ET-LT-906-EPHI-622I-1,5,2,2,2,3,0,14,8,12,12,6,3,8,2,3,2,0,7,2,5,10,0,0,3,15,12,9,9,4,6,16,8,5,5,6,6,16,5,5,7,7,12,8,15,1,0,8,9,6,4,6,10,12,13,17,4,10,0,8,11,7,12,15,9,17,19,12,11,8,14,10,11,11,8,13,8,9,11,12,18,7,13,19,8,6,19,10,6,13,9,11,6,8,7,8,9,17,11,11,5
ET-LT-709-EPHI-622I-1,3,1,2,2,4,0,7,11,0,9,5,6,7,5,2,3,2,7,4,2,12,0,0,3,11,10,10,11,4,5,11,7,16,3,9,7,13,3,3,3,7,10,3,5,0,0,8,8,3,5,7,7,10,5,13,4,4,0,6,16,7,12,16,11,14,19,11,6,12,14,6,9,7,8,11,13,8,4,5,14,3,10,14,8,6,12,6,6,12,7,8,5,5,3,9,6,10,7,6,10
AMAN030946-EPHI-622I-1,2,1,2,1,0,1,8,3,1,8,1,4,4,1,0,2,0,8,4,0,12,0,0,10,7,3,3,1,0,2,6,2,8,3,9,4,7,1,2,8,2,9,6,5,0,1,3,3,4,3,9,8,11,10,11,5,6,0,6,7,6,9,15,10,10,13,6,7,7,10,4,4,8,8,8,5,11,6,3,9,2,8,15,9,6,11,5,10,11,8,6,4,12,3,6,10,9,4,8,6
AMAN030950-EPHI-622I-1,1,0,0,0,0,0,0,2,0,5,0,1,3,0,0,0,0,1,1,1,2,0,0,3,3,0,1,5,2,3,2,3,2,1,4,6,4,0,2,2,2,2,3,3,1,0,1,1,2,3,3,2,2,3,3,1,3,0,2,1,3,3,4,4,3,8,6,3,2,2,2,3,4,0,2,1,1,1,1,1,3,1,7,4,6,9,1,1,2,3,1,2,8,0,0,3,3,4,4,0
AMJI031319-EPHI-622I-1,1,1,1,2,0,0,8,4,3,3,0,1,5,0,1,0,3,3,2,3,3,0,0,3,6,3,4,3,2,1,10,1,3,1,1,4,3,5,3,3,8,6,4,3,1,1,4,1,2,5,3,3,2,3,2,4,3,0,3,2,4,7,3,3,6,2,5,5,4,7,10,2,3,3,3,4,2,3,4,3,2,2,6,5,6,4,4,4,3,3,0,1,2,3,4,5,7,3,7,4
ETMT555-EPHI-622I-1,1,1,0,0,2,0,7,4,2,6,3,6,3,0,2,0,0,4,3,2,15,0,0,11,5,4,44,5,6,4,7,2,5,1,3,7,11,0,12,9,6,41,2,5,1,0,9,6,4,3,2,11,6,18,7,2,2,0,2,5,11,20,49,55,26,13,6,1,11,13,13,4,1,35,12,5,81,20,4,10,39,4,56,2,6,24,3,9,4,11,127,3,11,0,38,12,5,15,2,4
SNSE072115-EPHI-622I-1,1,1,0,1,0,0,2,1,1,1,1,2,2,0,0,0,0,3,3,1,5,0,0,4,7,3,9,7,3,1,3,2,2,3,2,3,6,1,4,2,7,10,1,5,0,0,5,4,2,0,2,9,3,4,6,1,9,0,2,8,3,6,8,7,7,3,12,5,1,5,3,2,2,4,6,2,4,6,6,2,3,5,16,1,6,9,3,6,3,6,4,0,3,0,8,7,3,3,1,3
ET-LT-701-EPHI-622I-1,0,1,0,1,1,0,3,1,2,2,0,2,5,0,1,2,0,0,1,2,5,0,0,2,2,1,6,1,4,2,4,2,3,1,5,3,9,2,1,3,4,1,1,0,1,0,3,1,0,3,0,1,4,2,1,2,4,0,2,8,6,4,5,4,4,4,5,7,6,4,6,1,2,1,1,3,4,3,1,2,1,5,7,0,6,3,5,5,5,3,1,2,2,2,3,3,4,5,2,1
SND1071802-EPHI-622I-1,6,4,0,0,3,0,11,4,3,3,1,2,3,2,4,1,0,8,1,4,4,0,0,5,7,5,6,6,5,1,2,3,3,4,4,2,10,2,2,6,8,4,3,3,1,0,4,4,2,4,5,6,5,9,9,3,4,0,5,2,4,6,7,6,6,4,2,7,2,11,5,2,5,4,7,5,3,3,3,5,5,5,7,5,5,11,5,5,7,1,4,6,12,5,9,9,2,5,3,4
SOER052743-EPHI-622I-1,5,1,0,2,1,0,9,8,5,2,2,9,8,0,0,0,0,6,8,4,13,0,0,11,8,7,9,9,10,10,10,6,12,6,13,10,11,3,9,7,11,5,8,7,0,0,13,11,8,8,6,11,9,7,7,5,8,0,4,10,12,11,9,6,16,11,14,6,9,17,7,7,9,8,11,9,3,4,3,9,5,7,23,4,5,10,6,9,6,12,11,6,9,0,10,10,6,10,2,3
ET-SL-1068-EPHI-622I-1,3,0,1,0,2,0,6,4,3,4,4,4,2,2,2,0,1,2,1,2,4,0,0,4,6,6,3,3,1,3,5,0,2,5,2,3,7,10,3,3,3,4,7,4,0,0,5,3,5,2,3,4,3,4,1,1,2,0,3,3,5,5,1,3,3,4,4,3,1,7,5,2,1,5,3,2,1,4,3,6,2,5,9,5,5,6,3,4,0,5,4,1,1,4,5,3,5,2,5,2
GAAB092466-EPHI-622I-1,3,6,2,2,0,0,7,4,5,3,2,3,1,2,3,3,0,4,6,0,5,0,0,3,6,3,1,4,0,1,5,3,4,2,6,6,5,6,2,2,2,4,2,2,0,0,3,2,2,3,1,3,4,5,4,3,5,1,1,3,3,2,5,5,8,4,5,3,4,5,2,2,6,3,1,1,5,4,2,6,5,3,11,5,5,3,2,1,5,2,3,3,6,4,7,5,4,4,2,3
GAAB092542-EPHI-622I-1,2,1,1,2,1,0,4,4,5,6,2,6,4,3,3,0,1,4,3,0,2,0,0,3,6,4,5,4,0,5,5,5,10,4,6,7,8,4,5,4,5,10,9,12,2,0,4,2,5,2,4,1,3,4,8,5,2,0,3,6,3,4,4,6,8,7,6,6,2,5,4,5,3,3,8,3,2,5,3,7,2,4,9,5,5,8,8,3,4,5,3,4,3,0,4,6,4,9,2,4
AMAN030969-EPHI-622I-1,1,0,0,0,1,0,6,3,1,1,0,5,2,0,0,0,0,3,1,1,2,0,0,5,7,3,3,7,1,1,8,1,2,0,3,5,7,1,3,3,2,5,4,1,0,0,7,2,3,2,3,6,4,2,7,4,4,0,3,5,4,12,3,5,6,7,5,7,3,4,7,1,2,7,5,2,3,2,3,4,2,1,9,4,5,4,4,4,5,5,3,4,7,0,10,4,6,3,1,3
ET-LT-720-EPHI-622I-1,1,2,0,2,1,0,2,1,2,0,0,1,1,2,1,1,0,2,0,0,1,0,0,1,1,1,2,3,0,2,6,4,2,2,1,0,4,1,3,0,1,3,3,2,0,0,1,2,1,2,1,4,2,2,4,0,3,0,2,4,4,4,1,1,1,0,2,1,6,7,2,1,1,3,0,0,2,3,2,2,0,3,7,1,5,1,1,5,2,0,1,1,2,0,0,1,2,0,7,1
ORME040626-EPHI-622I-1,1,3,2,3,2,0,4,3,4,6,2,2,5,6,1,1,0,1,3,1,2,0,0,5,8,2,4,4,1,3,1,2,4,0,4,4,9,2,4,5,3,5,2,3,1,0,5,4,4,3,1,1,3,4,11,2,5,0,8,4,3,4,4,0,6,3,3,1,4,3,4,4,2,3,4,3,1,4,4,6,2,2,5,4,5,4,5,2,7,5,1,2,4,5,5,3,2,6,3,1
AMAN030942-EPHI-622I-1,0,0,0,0,0,0,3,0,2,5,1,1,1,0,0,0,0,4,5,0,8,0,0,6,10,4,5,8,3,2,2,1,3,1,10,4,5,2,2,5,1,4,7,4,0,0,3,3,4,2,0,6,3,3,8,2,4,0,1,2,3,10,7,5,3,7,7,5,6,5,5,2,2,5,5,0,4,4,3,8,0,2,19,7,5,6,4,4,9,8,5,9,4,1,8,6,4,9,3,6
AMAN030981-EPHI-622I-1,0,0,0,1,0,0,0,1,1,0,0,0,0,0,0,0,0,2,0,0,9,0,0,6,1,5,13,2,2,1,1,1,0,0,0,0,0,2,2,3,5,13,2,0,0,0,4,3,0,1,1,7,2,4,1,0,0,0,0,2,2,6,22,22,9,3,1,0,0,3,3,1,0,11,4,4,15,12,1,0,5,0,15,1,5,8,1,2,0,3,24,0,1,1,11,4,2,2,2,3
AMJI031221-EPHI-622I-1,0,0,1,0,0,0,0,0,2,3,0,4,0,0,0,0,0,5,3,1,1,0,0,7,7,4,6,1,4,6,1,0,2,0,4,5,4,0,3,3,3,8,5,4,0,0,6,6,1,1,3,5,0,4,6,3,2,0,1,10,6,11,5,9,6,4,7,1,11,5,6,4,3,7,10,4,3,5,4,2,2,5,16,8,5,12,4,10,3,8,4,0,10,1,11,0,3,3,0,2
ET-SL-1045-EPHI-622I-1,5,1,1,2,2,0,3,6,0,3,1,3,1,2,2,3,0,1,2,2,5,0,0,4,3,3,6,4,2,2,4,2,5,2,4,6,12,4,4,2,5,5,3,5,0,0,6,0,4,2,3,8,2,6,7,2,3,0,4,4,5,6,5,5,7,5,5,4,7,4,5,2,2,6,5,3,4,6,1,4,1,2,5,3,4,3,3,6,2,5,1,3,4,1,7,4,3,6,2,5
ORME040652-EPHI-622I-1,5,6,1,5,5,1,8,11,4,5,4,7,8,5,1,4,3,5,5,4,9,0,0,5,14,6,7,11,5,7,10,3,4,7,8,5,7,21,4,7,7,9,5,5,4,2,7,11,3,7,5,7,5,8,6,3,11,0,5,9,3,16,9,8,13,12,6,4,9,8,9,8,3,2,6,7,6,5,6,7,7,13,20,6,4,9,10,7,16,8,8,4,12,19,11,8,8,7,4,2
ORBA040312-EPHI-622I-1,4,0,0,0,2,0,5,2,2,6,3,1,3,5,3,1,1,4,3,3,4,0,0,3,6,5,5,7,0,2,7,1,4,3,1,5,3,0,1,2,3,5,2,8,0,0,6,3,4,3,2,4,2,2,6,1,4,0,1,4,2,4,6,0,6,3,6,2,7,5,3,2,0,2,5,1,3,3,2,4,1,4,7,6,4,8,1,8,2,5,1,2,7,5,3,5,10,3,5,3
GAAB092460-EPHI-622I-1,3,1,0,0,1,0,6,3,1,6,0,3,3,0,0,0,0,4,3,2,3,0,0,5,2,5,4,3,2,6,5,4,1,1,1,3,4,2,2,0,0,3,5,4,1,1,2,3,4,0,2,3,3,5,2,1,3,0,1,2,3,5,8,4,7,5,2,5,2,7,4,3,3,2,2,1,4,1,4,5,0,3,9,3,4,4,6,3,8,5,2,5,6,5,4,1,6,5,1,7
GAAB092491-EPHI-622I-1,3,2,1,3,0,0,2,5,1,3,0,0,4,0,1,0,0,2,4,3,5,0,0,3,6,0,3,1,2,1,3,4,1,1,1,4,4,5,2,4,2,1,5,3,0,0,0,3,2,3,4,7,3,2,10,5,4,0,3,5,5,10,8,7,3,5,4,2,5,3,5,0,2,2,3,2,7,3,2,3,2,4,9,4,4,7,3,4,7,4,4,8,3,0,6,4,5,3,6,2
AMJI031238-EPHI-622I-1,1,0,0,1,0,0,0,0,1,3,0,0,0,0,0,0,0,1,2,0,2,0,0,0,2,5,0,2,0,3,0,1,0,0,1,2,2,0,3,2,1,2,2,2,0,0,1,3,0,2,1,2,1,1,2,1,1,0,0,4,1,1,0,4,4,4,0,3,0,4,3,0,0,2,2,1,1,1,0,1,0,2,5,0,4,7,1,1,0,3,3,0,3,5,1,2,2,7,1,0
AMJI031255-EPHI-622I-1,0,1,0,2,0,0,2,3,3,7,1,1,1,0,0,0,0,4,2,1,4,0,0,8,5,1,3,3,3,0,4,1,3,1,2,1,9,0,3,4,6,11,7,6,0,0,2,5,4,5,1,4,7,9,7,1,2,0,1,3,3,8,2,2,4,3,9,10,1,8,4,2,2,3,9,1,1,6,1,4,4,4,9,3,4,7,3,4,5,7,3,1,4,1,6,3,5,10,1,2
AMWO031525-EPHI-622I-1,0,0,0,0,0,0,3,0,0,0,0,1,1,0,1,0,0,1,0,0,7,0,0,7,6,6,6,5,4,1,2,0,2,0,1,3,5,0,4,3,2,5,1,1,0,0,1,7,2,0,3,7,2,4,8,1,2,0,1,5,7,9,4,6,8,4,0,0,6,6,4,4,0,4,4,1,1,2,2,1,2,2,4,3,4,6,1,3,0,4,8,1,6,0,3,5,5,4,2,2
ET-LT-1003-EPHI-622I-1,0,0,0,1,1,0,2,2,1,1,2,3,0,1,0,0,0,1,1,3,1,0,0,2,4,2,3,1,1,1,1,1,2,0,2,5,4,2,0,3,2,2,1,4,2,0,2,4,0,2,1,0,3,6,2,1,4,0,2,3,2,3,4,1,2,4,1,0,1,4,1,0,1,1,2,2,4,3,2,1,3,3,6,5,4,1,1,3,4,1,2,1,2,0,1,4,0,8,1,0
ET-MT-388-EPHI-622I-1,0,1,0,0,1,0,1,0,6,6,0,6,1,0,0,0,0,3,2,3,3,0,0,3,3,7,11,3,1,2,4,0,6,0,6,2,8,0,4,3,3,12,4,5,0,0,2,3,7,1,3,13,2,6,3,1,4,0,1,5,4,2,5,3,18,8,2,2,4,7,2,2,1,6,3,5,2,5,1,6,9,2,4,1,4,7,2,8,8,4,15,2,0,1,4,0,4,10,1,1
ETMT566-EPHI-622I-1,0,0,0,0,0,1,1,0,1,0,1,2,0,0,0,0,0,2,0,0,8,0,0,5,4,7,8,0,4,2,0,1,3,0,5,0,5,0,6,7,4,15,1,1,0,0,5,0,0,0,1,10,2,7,4,4,1,0,0,8,8,8,6,12,11,10,6,2,4,4,7,1,0,4,8,3,8,8,3,4,4,4,7,0,4,5,2,6,0,2,11,1,1,0,19,4,0,9,3,1
ORME040619-EPHI-622I-1,0,0,0,0,2,0,1,2,0,2,1,1,1,0,1,0,0,2,2,0,4,0,0,2,5,1,2,0,0,0,3,3,4,0,3,2,4,1,2,1,1,1,2,3,0,0,3,0,1,3,0,2,3,1,1,1,3,0,2,3,3,5,2,4,3,1,1,2,2,4,5,1,3,2,1,1,1,2,0,4,1,1,6,1,4,1,2,2,3,2,1,1,7,4,0,4,3,0,0,1
SNSE072105-EPHI-622I-1,0,0,0,0,0,0,2,0,1,3,0,0,1,0,0,0,0,3,1,1,0,0,0,3,0,0,1,2,0,1,0,0,2,0,1,0,2,0,0,0,1,3,0,0,0,0,2,1,1,1,2,3,0,0,2,0,2,0,0,0,1,8,2,4,2,1,1,0,0,4,2,2,2,2,0,2,2,0,1,1,0,1,1,1,4,2,0,0,0,2,2,0,0,0,3,3,2,1,0,1
SOER052763-EPHI-622I-1,0,0,0,0,0,0,3,1,0,4,0,1,1,0,0,0,0,0,2,1,6,0,0,6,6,4,5,2,5,1,2,2,5,1,2,6,2,0,3,2,1,5,0,1,0,0,4,4,1,2,0,2,1,4,9,0,0,0,0,7,1,1,2,5,11,7,3,3,3,4,6,2,0,2,5,4,2,1,3,1,7,2,7,3,4,5,3,0,3,5,2,1,5,0,4,5,3,5,0,2
ORME040642-EPHI-622I-1,4,0,0,2,1,0,5,3,5,3,5,2,1,2,2,0,0,1,0,2,6,0,0,3,6,0,2,5,1,3,4,4,4,2,5,2,7,2,1,3,1,2,7,8,0,0,5,5,2,4,3,8,1,6,2,4,6,0,1,4,6,6,5,5,9,2,3,4,5,4,3,4,2,3,1,4,4,5,4,8,3,5,6,1,3,5,4,3,5,4,4,3,4,7,1,3,3,8,1,1
AMAN030934-EPHI-622I-1,3,0,0,0,1,1,1,3,0,2,4,1,4,0,0,1,0,4,1,2,1,0,0,1,7,2,3,8,3,2,3,2,1,3,4,9,4,1,3,4,4,1,3,4,0,0,0,4,1,3,3,0,1,4,1,0,1,0,1,2,1,4,5,3,4,5,2,2,4,5,6,2,5,2,4,2,5,3,4,2,5,4,14,5,3,4,3,3,7,6,2,2,4,0,3,4,5,3,1,3
AMAN030962-EPHI-622I-1,2,0,0,3,1,0,1,2,0,5,3,4,5,1,1,0,0,2,4,0,1,0,0,1,4,3,4,4,4,1,4,1,0,1,2,4,8,0,2,3,2,8,3,2,0,0,5,2,1,2,2,4,4,1,3,2,0,0,1,4,4,1,7,6,4,7,3,3,5,10,3,2,2,5,3,6,3,1,2,4,2,6,12,7,3,2,2,3,5,4,4,4,9,0,3,3,2,3,4,4
ORME040664-EPHI-622I-1,2,0,0,0,2,0,3,1,0,2,2,1,1,0,0,1,0,3,2,0,6,0,0,0,1,4,1,2,0,1,0,2,1,0,3,1,3,0,2,0,2,3,1,5,0,0,2,3,0,2,1,2,1,1,4,0,4,0,0,2,1,3,3,6,4,4,3,2,4,8,2,4,0,3,5,3,0,4,1,3,2,0,3,4,3,6,1,1,2,2,4,1,3,1,5,3,3,4,2,2
SNSE072132-EPHI-622I-1,2,3,1,0,1,1,4,2,1,3,2,4,4,2,3,0,0,4,2,5,1,0,0,4,6,3,3,3,1,2,6,1,3,5,2,4,4,2,5,1,4,2,3,3,0,0,3,4,3,4,1,3,3,3,3,2,7,0,2,6,3,6,6,6,5,5,2,2,6,9,3,1,2,2,2,1,3,2,2,4,1,1,8,4,3,7,2,4,1,3,5,0,0,4,4,4,3,3,2,1
ET-MT-468-EPHI-622I-1,1,0,0,0,0,0,2,1,1,1,0,0,1,0,0,0,0,1,1,2,1,0,0,2,3,0,0,0,1,1,2,3,1,1,2,0,1,1,1,0,1,2,0,0,3,0,5,3,3,0,1,2,1,0,1,1,1,0,0,1,6,1,2,0,2,1,2,2,3,9,1,2,0,1,2,0,1,1,2,0,1,1,6,0,3,3,0,0,1,1,1,2,2,2,2,3,1,1,1,1
GAAB092408-EPHI-622I-1,1,2,1,0,1,1,5,2,4,1,1,0,2,0,0,1,1,4,0,1,4,0,0,2,2,2,2,3,1,1,4,3,3,5,4,2,2,1,2,1,4,5,0,6,1,1,5,6,1,1,2,5,3,1,7,1,3,2,3,4,1,2,5,5,5,5,4,0,3,5,1,2,3,2,1,1,2,1,0,0,4,4,5,4,3,6,1,4,1,1,0,4,6,6,1,2,3,1,3,1
AMAN030978-EPHI-622I-1,0,0,0,0,1,0,5,0,0,4,3,2,2,0,0,0,0,0,2,1,6,0,0,1,5,3,4,5,2,0,3,1,3,2,2,5,7,0,1,4,2,2,4,3,0,0,6,4,0,1,1,4,1,5,7,3,0,0,2,1,4,5,1,0,1,5,7,2,4,3,5,4,2,4,2,1,4,3,3,1,1,1,5,3,3,5,2,4,4,5,2,1,9,1,4,2,0,4,1,6
ET-MT-255-EPHI-622I-1,0,0,0,0,0,0,0,0,1,0,1,3,0,0,0,0,0,1,1,0,3,0,0,1,3,1,1,3,2,0,3,0,0,1,1,0,3,0,1,0,3,1,2,3,0,0,4,0,0,0,0,0,0,1,0,0,2,0,0,3,0,3,2,1,3,2,1,0,1,3,1,6,0,1,1,0,2,0,1,2,1,0,5,0,3,0,0,1,1,1,2,1,0,0,1,1,1,1,0,0
GAAB092496-EPHI-622I-1,0,1,1,0,0,0,2,1,0,3,1,0,2,0,2,0,0,1,0,0,4,0,0,6,5,4,12,5,1,1,4,1,2,0,4,1,8,2,3,1,3,8,3,6,0,0,2,2,5,1,2,3,3,6,5,0,5,0,0,10,8,6,10,8,12,7,8,2,3,6,1,3,2,5,2,4,9,4,5,5,2,5,17,4,3,10,1,5,2,4,5,1,1,6,7,6,1,11,2,2
ORME040632-EPHI-622I-1,0,0,0,0,0,0,0,0,0,1,0,3,0,0,0,0,0,1,3,0,2,0,0,2,2,2,4,2,0,2,0,0,1,0,1,1,0,0,0,2,2,3,2,5,0,0,2,1,1,2,1,1,1,2,6,0,2,0,1,4,1,2,1,0,3,2,2,1,2,3,1,2,2,3,2,1,0,1,1,0,1,1,5,2,3,6,1,2,1,4,1,0,5,0,5,2,2,4,0,0
AMAN030933-EPHI-622I-1,5,1,0,4,6,4,11,3,5,8,2,1,4,0,1,1,1,4,6,0,6,0,0,5,5,8,4,2,5,5,8,1,7,4,7,5,6,11,0,4,8,6,6,7,1,0,4,5,6,4,4,3,7,6,11,3,8,0,7,4,9,6,11,2,8,3,3,5,5,9,3,2,4,2,8,2,8,0,5,6,4,3,10,5,2,6,1,9,8,2,6,4,7,3,5,7,4,6,1,6
GAAB092507-EPHI-622I-1,4,1,3,4,2,0,4,5,4,8,3,4,5,0,1,1,1,5,3,6,5,1,1,4,4,7,6,6,6,3,6,2,7,4,6,8,14,4,6,3,4,4,2,7,7,1,8,5,7,6,7,3,5,4,4,3,9,1,4,10,7,7,7,9,3,10,6,9,10,6,4,3,8,1,6,4,7,2,4,9,3,5,16,11,2,8,4,7,2,3,3,5,11,2,4,10,6,9,2,8
AMAN030973-EPHI-622I-1,3,1,0,0,0,0,2,1,0,0,3,0,4,3,2,0,0,0,3,1,2,0,0,3,1,2,4,1,0,2,1,1,3,0,1,4,6,2,1,2,1,4,1,1,3,0,4,3,3,3,0,3,1,1,4,0,0,0,4,4,1,1,3,2,1,2,6,2,0,5,2,3,2,4,2,1,3,2,2,1,2,4,6,1,2,1,0,2,3,3,0,2,1,1,3,1,4,1,3,1
AMJI031277-EPHI-622I-1,3,1,0,3,1,0,6,5,2,5,2,0,4,0,3,0,1,1,1,1,4,0,0,5,5,5,2,4,4,3,5,1,6,0,0,0,5,7,2,5,2,2,5,6,1,1,5,4,1,4,3,2,3,2,3,1,1,0,3,4,2,7,2,4,4,4,9,1,9,3,7,2,5,1,5,1,5,2,5,1,4,1,7,9,2,4,5,3,4,4,1,3,6,3,3,2,7,6,1,0
ET-SL-1486-EPHI-622I-1,2,4,2,3,0,0,7,5,3,3,1,4,8,2,3,0,0,4,1,3,5,0,0,7,4,5,5,3,0,2,6,5,5,3,3,2,11,5,2,4,2,2,3,4,3,0,6,3,3,7,3,3,3,4,2,1,3,0,1,3,4,3,8,7,5,4,7,2,2,4,2,2,4,2,3,1,3,5,5,3,6,5,9,4,2,4,1,2,3,3,4,3,2,5,1,7,1,3,0,4
GAAB092418-EPHI-622I-1,2,0,1,0,0,0,4,2,0,2,1,0,1,0,0,0,0,1,0,2,1,0,0,1,3,3,0,2,0,1,2,0,0,1,1,2,1,2,0,1,1,2,4,2,2,1,1,0,5,0,2,0,2,1,1,1,2,0,2,0,1,0,2,3,2,5,0,1,3,5,2,0,2,4,2,0,1,2,2,0,0,1,4,3,2,3,0,1,3,2,1,1,3,3,5,3,1,6,2,3
ORBA040334-EPHI-622I-1,2,3,0,1,3,2,0,9,6,6,1,4,3,2,3,0,0,6,2,1,3,0,0,6,6,5,6,2,1,0,7,1,0,0,4,3,13,4,4,4,1,3,2,3,2,0,2,2,3,5,8,3,2,2,4,1,5,0,1,2,7,3,8,7,5,1,7,1,2,8,4,3,2,3,2,2,3,1,1,5,3,4,8,3,2,4,4,2,3,2,7,7,6,2,7,5,3,3,5,4
SNSE072106-EPHI-622I-1,2,1,0,3,0,0,2,1,1,2,3,3,2,0,1,0,0,1,1,0,9,0,0,4,3,8,10,8,3,4,0,4,2,1,4,6,9,1,3,10,4,12,8,4,0,1,5,7,2,2,1,9,7,5,9,3,3,0,1,8,5,10,9,9,17,7,10,5,8,9,8,1,5,10,5,4,15,6,4,1,11,4,16,4,2,9,3,10,7,11,5,2,10,1,11,7,7,5,1,5
SOER052725-EPHI-622I-1,2,2,0,0,2,0,3,3,4,5,1,4,2,1,2,0,0,5,3,3,3,0,0,2,2,5,4,4,1,3,2,2,3,3,2,1,6,2,4,6,1,4,4,7,0,0,4,1,3,4,6,2,4,2,5,2,2,0,1,1,1,5,8,3,5,4,2,2,2,3,6,0,2,1,3,1,1,1,3,1,0,5,6,4,2,8,2,4,4,4,2,1,3,8,1,3,5,4,2,1
AMAN030949-EPHI-622I-1,1,0,0,2,0,1,7,5,3,5,1,2,1,1,3,1,0,2,1,2,0,0,0,0,5,5,2,6,2,2,2,0,2,0,4,3,5,6,2,3,0,2,4,2,2,0,5,2,3,1,3,0,3,3,0,1,0,0,2,1,2,7,5,2,4,5,4,3,3,3,6,5,1,4,0,1,2,0,2,2,1,3,7,1,2,5,2,5,2,2,1,1,5,2,6,3,0,3,2,2
AMJI031318-EPHI-622I-1,1,1,0,1,2,0,0,2,1,2,0,3,0,0,2,0,0,1,2,0,3,0,0,7,2,3,6,3,0,3,1,2,2,0,3,1,2,5,4,6,1,6,5,3,0,1,2,5,2,2,3,5,2,2,3,2,2,0,2,3,6,4,3,2,9,10,2,2,2,7,4,2,2,2,5,3,5,3,4,4,1,3,9,5,2,6,4,3,2,6,5,2,3,0,4,4,2,3,0,7
ORME040636-EPHI-622I-1,1,2,1,2,0,0,1,3,2,1,0,2,5,0,3,0,0,0,1,2,1,0,0,5,2,2,1,6,4,5,3,4,4,1,3,2,8,0,2,4,3,0,4,2,0,0,3,3,2,1,1,0,4,1,3,3,4,0,3,5,4,4,3,6,2,5,2,2,2,10,3,0,4,2,2,1,1,3,2,3,1,2,8,1,2,3,6,3,4,3,3,5,2,3,3,1,7,5,5,2
AMJI031317-EPHI-622I-1,0,0,0,0,1,2,2,1,0,0,1,0,0,1,0,0,0,1,2,0,3,0,0,2,1,3,1,2,2,1,2,1,1,0,2,0,3,2,0,2,2,0,2,1,0,0,4,2,2,1,0,4,0,2,3,0,2,0,0,3,1,2,5,1,4,0,2,1,1,2,1,0,0,2,1,0,2,0,0,2,0,1,7,1,2,2,6,2,0,2,1,2,2,0,2,0,2,1,2,1
ETMT517-EPHI-622I-1,0,0,0,0,0,0,0,1,0,1,2,0,0,0,0,0,0,1,2,0,1,0,0,0,1,1,2,0,1,1,0,1,2,0,1,1,1,0,1,0,3,2,1,3,0,0,2,4,0,0,1,1,1,0,2,0,1,0,0,1,0,0,1,0,1,3,3,0,2,4,1,1,0,1,2,1,0,0,0,1,0,1,2,0,2,3,1,0,1,3,0,0,1,0,0,1,4,2,1,1
GAAB092437-EPHI-622I-1,0,1,0,1,0,0,2,1,1,0,1,1,0,0,0,0,0,1,1,0,1,0,0,1,3,3,1,0,1,2,1,3,1,3,6,3,1,0,0,2,0,0,1,1,0,3,1,0,0,1,1,0,1,1,1,0,1,0,0,1,2,0,3,0,1,4,1,2,0,3,1,1,0,0,1,0,1,1,0,1,0,0,2,0,2,2,1,1,1,2,4,1,0,3,2,1,2,1,1,1
ORME040656-EPHI-622I-1,0,2,0,1,0,0,0,4,3,1,0,2,0,4,1,0,0,2,0,1,0,0,0,1,1,2,1,1,0,2,0,1,1,0,1,0,4,0,0,1,0,2,2,1,0,0,2,1,4,1,1,0,1,0,3,0,2,0,2,2,4,3,1,1,2,3,4,0,3,4,1,1,3,1,1,4,0,0,2,0,0,2,3,0,2,3,1,1,1,1,2,1,0,1,2,0,3,3,2,4
ET-MT-083-EPHI-622I-1,1,0,0,0,0,0,1,0,0,2,4,2,1,1,0,0,0,3,3,0,2,0,0,3,7,4,3,6,2,2,4,0,4,0,3,1,2,0,4,3,2,9,4,3,0,0,2,4,2,1,3,8,2,3,4,1,3,0,2,5,3,5,3,2,6,6,6,1,4,3,4,1,2,3,6,1,1,1,1,4,1,0,6,3,1,4,5,4,2,4,4,1,8,4,3,0,2,5,0,0
ORME040659-EPHI-622I-1,1,2,1,2,2,1,11,4,6,9,1,2,5,3,1,1,1,2,2,2,4,0,0,2,8,5,2,2,3,2,3,2,5,1,3,4,8,2,1,5,2,4,6,6,1,0,1,4,3,6,5,6,1,4,3,1,7,0,3,3,5,5,6,8,8,4,6,6,5,4,1,6,1,3,4,4,3,3,2,3,7,2,6,9,1,8,4,5,7,7,6,4,4,1,2,6,1,1,7,3
ET-MT-502-EPHI-622I-1,1,0,0,1,1,0,0,0,1,2,0,1,0,0,0,0,0,0,2,0,1,0,0,1,3,3,4,5,0,0,5,1,1,0,5,1,5,1,1,2,1,4,3,2,0,0,1,4,4,1,2,4,2,2,2,1,1,0,1,2,5,1,0,2,5,0,1,1,3,4,3,1,0,1,4,1,4,0,1,1,3,5,6,3,0,10,1,3,0,4,6,1,2,0,3,2,4,1,3,2
AMAN030992-EPHI-622I-1,0,0,0,0,0,0,0,1,0,1,0,0,0,0,0,0,0,1,0,0,0,0,0,0,2,0,1,1,0,0,2,1,3,1,1,2,1,0,1,1,0,2,1,0,0,0,1,0,0,0,0,0,0,5,0,0,3,0,2,1,1,1,2,0,0,3,2,1,1,2,1,0,2,0,0,0,0,1,0,1,0,0,1,0,0,0,0,0,1,0,1,0,0,0,2,1,0,1,0,0
AMJI031271-EPHI-622I-1,0,0,0,1,0,0,0,1,1,4,0,0,0,0,1,0,0,0,0,0,1,0,0,2,0,3,1,4,2,0,1,1,1,0,2,3,2,1,0,0,0,4,0,5,0,0,1,7,2,1,1,2,1,0,3,0,0,0,3,3,1,3,2,3,4,1,1,2,3,4,2,0,0,2,1,4,1,2,0,1,1,1,7,1,0,1,0,3,4,0,2,1,4,0,3,1,1,1,1,0
ET-MT-425-EPHI-622I-1,0,0,0,0,0,0,0,0,0,1,0,0,0,0,0,0,0,2,0,0,3,0,0,0,3,0,1,0,0,0,1,0,3,0,2,0,1,0,3,0,1,2,2,0,0,0,0,1,0,1,2,2,3,0,1,2,0,0,0,1,1,1,0,1,3,1,2,0,0,5,0,0,1,0,0,0,0,1,1,2,1,0,0,0,0,3,0,0,1,1,1,1,0,0,0,0,0,1,0,0
GAAB092464-EPHI-622I-1,0,1,0,2,1,0,1,1,1,3,2,2,4,0,0,0,0,0,1,0,1,0,0,2,0,2,1,3,2,2,5,0,3,1,1,1,2,1,0,3,1,2,2,7,0,2,1,2,1,2,0,0,5,4,3,1,1,0,1,5,4,1,2,1,6,3,3,0,2,3,0,1,0,2,0,2,0,3,1,1,1,1,6,0,0,2,0,1,3,2,3,1,2,4,1,2,0,2,0,1
